College_ID,IQ,Prev_Sem_Result,CGPA,Academic_Performance,Internship_Experience,Extra_Curricular_Score,Communication_Skills,Projects_Completed,Placement,Salary
CLG0030,107,6.61,6.28,8,No,8,8,4,No,534406.7943948535
CLG0061,97,5.52,5.37,8,No,7,8,0,No,469641.2015924488
CLG0036,109,5.36,5.83,9,No,3,1,1,No,505432.7800536365
CLG0055,122,5.47,5.75,6,Yes,1,6,1,No,538415.2195231488
CLG0004,96,7.91,7.69,7,No,8,10,2,No,571886.5250487613
CLG0015,96,5.26,5.32,7,No,5,8,0,No,453506.55990606744
CLG0071,123,6.68,6.58,5,No,7,8,2,Yes,582064.6669536369
CLG0096,111,8.77,8.76,7,No,3,1,2,Yes,644968.4229517799
CLG0097,92,6.47,6.33,9,No,7,8,5,No,486595.52776724286
CLG0057,108,8.82,8.6,4,No,5,9,1,No,645011.5679985955
CLG0063,93,8.73,8.9,2,Yes,5,6,0,No,633876.2373658554
CLG0077,93,6.23,6.51,8,No,5,7,4,No,506508.2993317896
CLG0064,103,8.64,9.01,7,Yes,8,6,1,No,657167.7175875546
CLG0017,71,8.74,8.4,6,No,0,5,2,No,559732.6778471969
CLG0053,74,6.99,7.31,7,No,0,1,2,No,518623.69890911103
CLG0040,91,6.05,5.8,3,No,4,2,3,No,474178.38171028753
CLG0070,84,7.61,7.54,6,No,0,10,0,No,573177.9382577158
CLG0050,104,9.61,10.01,10,Yes,9,2,4,No,716774.4686209509
CLG0068,86,8.2,8.15,7,No,8,9,4,Yes,570794.6621447228
CLG0015,78,5.86,5.56,7,Yes,3,6,2,No,420664.1043763906
CLG0072,121,8.41,8.07,5,Yes,1,3,3,Yes,649797.948483176
CLG0034,96,7.14,7.11,3,Yes,2,3,3,No,533990.152148289
CLG0030,101,7.96,8.22,2,Yes,8,10,0,No,609182.3215699355
CLG0087,78,8.67,9.17,7,Yes,10,10,2,Yes,605802.1504677681
CLG0073,91,7.57,7.86,4,Yes,7,2,2,No,564679.9068287852
CLG0024,101,9.07,9.45,2,No,2,7,2,No,690800.9465059941
CLG0008,82,8.61,8.86,8,No,7,1,0,No,611688.8365007481
CLG0057,105,8.08,8.48,2,No,3,1,4,No,640997.6649201924
CLG0070,90,5.75,5.33,6,Yes,5,10,1,No,437461.1144376983
CLG0025,95,9.18,9.61,4,Yes,3,3,3,No,677586.1378134869
CLG0077,90,9.68,9.58,9,Yes,10,1,4,No,656624.8407298841
CLG0034,127,5.68,6.1,5,No,4,3,1,No,553898.3507940066
CLG0025,99,7.44,7.02,4,No,9,9,4,No,540651.7407359277
CLG0018,84,6.29,6.51,8,No,8,7,4,No,477478.38397410203
CLG0073,112,8.77,9.01,3,Yes,1,9,4,Yes,687928.9700229843
CLG0097,81,8.61,9.11,9,Yes,8,7,4,No,603729.469976108
CLG0070,103,5.7,5.97,8,Yes,2,9,2,No,518693.87460103974
CLG0014,70,9.39,9.27,8,No,4,3,4,No,600143.985841695
CLG0006,80,5.9,5.96,10,Yes,6,7,1,No,471423.4249362239
CLG0082,102,8.99,8.86,5,No,1,6,1,No,652268.3692073661
CLG0090,111,7.28,6.98,1,No,3,2,3,No,566406.0890596719
CLG0036,102,6.64,6.39,10,No,0,6,5,No,527626.3034031802
CLG0036,98,5.79,5.51,9,No,10,3,0,No,476247.062152464
CLG0075,95,5.84,5.89,2,Yes,2,2,1,No,484784.24207797565
CLG0018,77,8.31,8.72,1,Yes,5,5,1,No,593202.170813896
CLG0015,89,7.75,8.16,6,Yes,1,5,1,No,573115.4955858005
CLG0094,93,5.61,5.16,1,Yes,7,2,1,No,441022.6476132068
CLG0089,115,5.56,5.14,10,Yes,6,3,0,No,479952.59221170994
CLG0016,105,5.36,5.11,10,No,2,8,0,No,446893.55881732283
CLG0076,73,8.72,8.48,10,Yes,0,5,5,No,575913.4549734772
CLG0014,104,8.56,8.15,7,No,9,8,4,Yes,629021.7436829199
CLG0047,94,5.29,5.18,7,Yes,3,10,5,No,447961.6822461448
CLG0054,89,7.8,7.89,1,Yes,3,4,1,No,568297.4545006938
CLG0058,109,5.42,5.5,10,No,10,4,1,No,489079.7384636217
CLG0077,115,9.52,9.56,5,No,4,6,3,Yes,694836.9994538929
CLG0030,113,9.54,9.38,3,No,2,10,3,Yes,685159.2248888857
CLG0100,87,8.49,8.7,2,No,10,5,3,No,602582.3643074137
CLG0046,95,9.63,9.96,5,No,1,5,3,No,685934.6585771283
CLG0016,104,9.06,8.91,5,No,1,9,4,Yes,651757.3365867053
CLG0001,114,9.14,8.73,2,Yes,7,6,2,Yes,654657.7448937504
CLG0041,92,7.85,7.65,6,No,6,3,3,No,563153.3571690314
CLG0093,97,6.53,6.17,7,No,0,4,3,No,487633.50679831614
CLG0027,83,6.09,6.06,1,No,8,9,0,No,468661.00196737394
CLG0077,82,6.64,6.3,3,No,2,6,5,No,468907.38196127873
CLG0062,112,8.14,8.1,4,No,2,8,1,Yes,624307.7156930125
CLG0081,120,5.86,5.58,2,No,0,7,4,No,518055.1406152978
CLG0028,98,6.29,6.53,10,Yes,10,1,1,No,524091.08372015925
CLG0020,115,7.34,6.87,5,Yes,3,1,2,No,572873.5344917878
CLG0055,105,6.17,6.22,4,No,9,10,4,No,507314.90389371733
CLG0051,90,7.94,7.61,2,No,10,7,2,No,565207.0334174082
CLG0069,105,9.62,9.12,1,Yes,1,2,1,No,663394.6589907362
CLG0088,123,8.74,9.11,8,No,2,9,0,Yes,709723.3629704937
CLG0073,99,8.33,8.5,2,No,10,10,3,Yes,634729.8238402215
CLG0097,123,7.91,7.51,4,No,0,9,1,No,640880.9981296113
CLG0034,60,7.44,7.6,10,Yes,2,2,4,No,497121.49209998717
CLG0027,112,5.93,6.04,5,No,3,9,3,Yes,523749.7800633383
CLG0097,101,9.47,9.44,2,No,5,9,4,Yes,668818.7505326716
CLG0038,95,6.24,6.16,10,No,2,10,2,No,483847.63798082486
CLG0029,101,5.46,5.85,9,Yes,10,6,4,No,504900.9225107893
CLG0035,70,8.75,8.5,2,No,5,5,0,No,577563.4642102873
CLG0020,96,5.88,5.78,6,No,1,10,2,No,481725.50612863124
CLG0019,105,6.86,6.69,7,No,10,2,5,No,537810.579868598
CLG0005,122,5.14,5.41,6,No,7,6,5,No,514935.3302580872
CLG0025,92,5.69,6.11,4,No,4,9,1,No,473785.1638923555
CLG0093,87,5.87,6.22,1,No,0,3,3,No,490538.89763154637
CLG0026,92,5.27,5.57,2,No,5,3,3,No,471113.82846977306
CLG0051,113,8.28,8.77,10,No,2,4,0,No,670807.3934625133
CLG0066,104,9.19,9.39,10,Yes,3,10,4,Yes,673907.6693983561
CLG0061,92,6.87,7.12,6,No,9,4,1,No,540069.893845265
CLG0015,107,9.37,9.85,8,Yes,7,1,5,No,717711.9581988147
CLG0045,101,6.07,5.58,3,Yes,7,2,4,No,470500.00561234035
CLG0006,114,6.63,6.76,7,No,10,6,5,No,571543.3007487332
CLG0058,89,5.75,5.99,9,No,7,5,4,No,486023.7507667651
CLG0001,95,8.1,8.52,4,Yes,4,10,0,No,616115.5658611731
CLG0073,94,7.1,7.48,7,No,0,4,5,No,568297.2345947258
CLG0043,78,8.07,8.41,7,No,8,10,2,Yes,585447.5048800053
CLG0016,104,8.81,9.26,10,No,10,9,5,Yes,664272.9942669374
CLG0014,103,7.73,7.77,9,Yes,8,2,2,No,593868.9306809928
CLG0074,100,8.14,7.65,3,No,7,8,0,No,587311.5291868699
CLG0019,96,9.68,9.19,1,Yes,10,4,0,No,631559.4235040385
CLG0051,78,6.5,6.54,8,Yes,2,9,0,No,495093.34954262385
CLG0008,93,6.8,6.74,4,No,5,4,4,No,522471.27171362564
CLG0048,94,8.59,8.54,2,No,6,2,5,No,601882.4538202877
CLG0012,87,8.06,7.96,5,No,3,6,5,No,579553.5809902567
CLG0070,97,5.89,6.31,4,No,9,9,4,No,514149.83127848594
CLG0035,106,6.88,6.74,1,Yes,6,7,1,No,577639.6068228295
CLG0070,128,7.34,7.7,7,No,8,1,0,No,630799.5511558636
CLG0006,102,7.1,7.5,4,No,5,9,4,No,575832.4349450712
CLG0099,103,5.89,5.89,8,Yes,1,6,2,No,506061.1204898523
CLG0011,98,9.62,9.57,9,No,5,9,5,Yes,671695.5739273146
CLG0038,71,8.81,9.07,8,Yes,2,2,5,No,600166.1620075888
CLG0091,99,7.41,7.62,1,No,6,7,0,No,567165.7182269373
CLG0026,100,8.4,8.23,8,Yes,2,8,2,Yes,627765.7626613767
CLG0028,136,9.49,9.09,5,No,7,8,3,Yes,730590.3858291182
CLG0072,97,5.68,5.44,1,Yes,10,5,1,No,463900.8376053835
CLG0089,104,6.25,5.88,9,Yes,10,7,3,No,492267.10561519116
CLG0083,99,7.71,7.5,9,No,4,7,1,No,568351.3149726929
CLG0080,82,9.0,8.76,7,No,2,3,0,No,589103.3027748051
CLG0050,117,5.18,5.32,7,No,0,2,5,No,508940.1331974379
CLG0058,111,9.92,10.37,1,No,4,5,1,No,750895.4324036334
CLG0026,111,7.27,7.46,9,No,9,4,4,No,614637.649563552
CLG0044,86,6.8,7.23,1,Yes,9,8,2,No,525133.1455195671
CLG0015,121,6.46,6.74,7,No,10,5,5,No,567030.8437962643
CLG0076,78,5.87,6.1,9,No,2,9,4,No,459913.6001182972
CLG0024,108,8.96,8.87,9,No,3,7,0,No,670408.2358030733
CLG0077,132,9.78,9.6,5,No,9,1,3,Yes,749552.6721940202
CLG0059,85,7.07,7.42,6,No,3,2,2,No,550687.5460291222
CLG0057,91,9.76,10.17,2,No,2,8,0,No,695748.7922855059
CLG0017,101,9.12,9.07,2,No,5,10,4,Yes,653337.1757492385
CLG0077,92,7.41,6.92,10,No,5,8,4,No,523600.16232643515
CLG0081,76,8.37,8.66,9,No,0,2,1,No,592021.332860208
CLG0001,101,7.17,6.96,1,No,3,7,1,No,561689.257301468
CLG0011,84,7.79,7.3,10,Yes,0,8,3,No,542443.3950634369
CLG0020,107,5.29,5.59,5,Yes,6,4,1,No,484591.3827263687
CLG0031,86,8.48,8.5,7,No,6,3,1,No,594967.0168101239
CLG0099,123,5.26,5.45,10,Yes,5,10,1,No,509327.99460047216
CLG0039,88,9.09,9.5,6,No,10,9,3,Yes,664830.6923760567
CLG0063,95,9.12,9.16,6,No,1,2,0,No,643018.9306633786
CLG0006,112,6.19,6.19,6,No,3,3,5,No,548486.3646318314
CLG0099,81,6.62,6.41,8,No,2,8,2,No,497881.5499778783
CLG0028,103,7.41,7.22,7,Yes,10,2,0,No,564843.9587185553
CLG0051,119,7.98,8.28,5,No,7,5,5,Yes,633393.7169459581
CLG0053,75,6.44,6.39,10,No,1,10,5,No,457031.3036101588
CLG0044,102,7.96,7.62,2,Yes,9,8,0,No,571993.1960692737
CLG0065,103,6.49,6.08,10,No,1,7,0,No,509992.1950633745
CLG0080,111,5.28,5.25,6,Yes,0,4,4,No,487899.5440796531
CLG0012,81,5.01,4.97,10,No,8,10,2,No,398052.0181320354
CLG0028,80,5.51,5.66,5,No,2,9,2,No,446853.0171404569
CLG0079,107,8.96,8.93,4,Yes,7,2,4,No,672497.6023460065
CLG0072,104,9.81,9.45,10,No,6,7,5,No,672606.8129770528
CLG0068,103,7.13,7.14,5,No,0,7,4,No,556479.8761502376
CLG0095,105,7.56,7.97,9,No,10,7,5,No,606129.1417761007
CLG0030,89,5.73,5.39,2,Yes,5,7,1,No,459138.7918084961
CLG0035,103,7.76,7.95,6,No,7,5,4,No,600408.8701330626
CLG0006,104,5.72,5.81,9,No,5,1,3,No,499238.0824259134
CLG0085,89,8.06,8.31,10,No,8,4,4,No,581388.8084169612
CLG0030,127,9.67,9.32,5,Yes,9,5,1,No,732443.462236304
CLG0080,107,5.98,6.42,6,No,2,10,4,No,519423.8798373272
CLG0063,82,8.82,8.94,10,No,5,4,3,No,598962.0755162212
CLG0008,109,5.12,5.47,4,Yes,9,7,4,No,496317.56993530516
CLG0091,85,6.88,6.63,5,No,3,2,5,No,486387.4029876768
CLG0033,111,5.55,5.79,8,No,9,2,0,No,506630.4218102837
CLG0043,117,6.76,7.04,1,Yes,2,2,2,No,569101.9966198681
CLG0076,87,5.87,5.77,1,Yes,7,10,3,No,456738.7674723406
CLG0043,114,6.87,6.75,10,Yes,6,3,3,No,553320.5378886507
CLG0045,106,7.09,7.25,4,Yes,6,5,3,No,587335.5804958652
CLG0087,112,6.5,6.09,10,Yes,4,10,5,Yes,523587.16041826026
CLG0054,128,8.28,8.52,3,Yes,0,9,0,Yes,670310.9775516761
CLG0065,96,9.59,9.13,5,Yes,5,3,0,No,642142.3325608039
CLG0007,88,7.0,6.69,10,Yes,5,6,2,No,504204.52952295204
CLG0036,86,5.96,6.12,8,Yes,2,6,1,No,481162.33520157053
CLG0025,87,6.35,5.95,1,No,4,6,2,No,480725.28164392925
CLG0085,98,9.27,9.74,5,No,8,5,3,No,679492.013312553
CLG0037,105,7.86,8.23,5,No,6,2,3,No,622150.3505539828
CLG0012,104,7.28,7.41,2,Yes,7,1,3,No,557930.671539787
CLG0032,112,5.75,6.07,5,Yes,8,5,2,No,525392.2218208351
CLG0049,100,7.25,7.64,8,Yes,5,8,1,No,575775.490982161
CLG0038,121,6.39,6.15,10,Yes,4,10,1,No,540067.3751526509
CLG0056,96,9.72,10.07,7,No,9,5,2,No,686285.2664543742
CLG0080,140,9.42,9.11,2,No,4,3,5,Yes,727558.1555242921
CLG0065,109,5.42,5.33,6,Yes,4,3,3,No,476482.6374957482
CLG0026,87,7.58,7.64,10,No,3,2,2,No,544953.3286181564
CLG0057,83,6.13,6.34,1,No,1,7,2,No,484312.53678900335
CLG0014,107,7.05,6.58,10,No,6,2,4,No,558959.0647907786
CLG0056,96,9.38,9.17,10,Yes,6,6,4,No,655896.1172184089
CLG0070,110,7.64,7.75,3,Yes,7,8,0,No,591604.9501260658
CLG0041,107,6.67,6.53,6,No,7,8,0,No,506266.0423947942
CLG0051,98,6.04,6.32,9,Yes,10,2,2,No,506499.563744593
CLG0084,87,9.0,9.15,1,No,7,6,4,No,624631.6702979715
CLG0067,77,8.12,7.85,6,Yes,8,3,3,No,545735.2568745263
CLG0012,93,7.34,6.99,2,Yes,5,9,0,No,535728.9240797277
CLG0097,112,6.09,6.22,9,Yes,3,3,3,No,540605.022110106
CLG0049,103,6.67,6.62,2,Yes,1,1,3,No,534285.6501628493
CLG0001,81,9.8,9.47,3,No,4,9,0,No,640103.9800123866
CLG0019,102,7.6,7.43,2,Yes,5,8,5,No,573278.9347679414
CLG0066,105,7.0,6.8,4,Yes,6,2,2,No,545256.376126767
CLG0058,86,7.61,7.22,4,No,5,10,4,No,535981.3649302279
CLG0087,102,8.89,8.94,10,Yes,3,10,0,No,644393.3120987292
CLG0072,100,6.7,6.96,1,Yes,3,3,1,No,550211.4912719848
CLG0098,82,5.89,5.97,8,Yes,6,7,1,No,460593.3606198871
CLG0004,105,7.92,8.25,5,Yes,0,6,3,No,615440.6232443887
CLG0008,108,8.33,7.96,8,No,2,8,1,No,618390.3178210381
CLG0027,116,8.56,8.5,6,Yes,9,10,3,Yes,650605.3681890697
CLG0026,115,9.41,9.52,2,No,1,5,5,Yes,713327.1724117118
CLG0097,79,6.86,7.04,7,No,1,5,5,No,493658.06368454196
CLG0043,85,5.38,5.58,10,No,6,2,5,No,439903.9057080277
CLG0040,107,9.79,10.02,9,No,4,6,5,No,714376.1734489597
CLG0050,107,7.18,7.33,7,Yes,2,5,5,No,584084.5926671332
CLG0067,107,8.12,7.71,5,No,8,9,4,No,598414.9292006152
CLG0073,157,8.33,8.53,4,No,8,3,0,No,742922.5420968593
CLG0074,108,7.73,7.95,8,No,2,5,0,No,619486.7399551675
CLG0029,117,6.03,6.52,6,No,1,3,4,No,564733.2652343718
CLG0085,114,8.78,8.97,5,Yes,2,9,3,Yes,664354.1882365016
CLG0042,109,9.02,9.21,7,Yes,8,9,5,Yes,688627.0675424638
CLG0018,95,7.76,7.77,3,Yes,7,10,2,No,578938.458624203
CLG0081,111,7.44,7.81,9,No,2,7,1,No,606047.4476172328
CLG0021,88,5.57,6.07,4,No,3,1,5,No,472846.4058941258
CLG0067,96,5.42,5.7,4,No,4,9,4,No,472081.2981142469
CLG0062,92,6.7,6.81,8,No,3,9,1,No,542388.7144014311
CLG0027,101,6.55,6.13,6,Yes,10,10,2,No,514655.4003557603
CLG0096,134,9.77,10.0,1,Yes,1,5,3,Yes,775372.2840718648
CLG0093,71,8.92,9.13,2,No,10,2,5,No,605669.7197114181
CLG0047,110,8.3,8.58,9,No,8,1,1,No,652119.5257364513
CLG0093,75,7.59,7.21,6,No,1,2,3,No,524591.7566636273
CLG0026,92,5.84,5.99,7,Yes,4,4,5,No,457889.2249619896
CLG0009,116,9.89,9.69,9,No,10,4,2,Yes,712154.6129896721
CLG0091,100,6.88,7.14,3,Yes,8,1,3,No,552297.4911838495
CLG0012,83,5.53,5.27,5,Yes,7,8,2,No,441030.45414650295
CLG0016,89,7.47,7.65,5,Yes,0,10,0,No,556997.6653541946
CLG0047,110,9.37,9.16,10,No,2,8,1,No,686289.8286057399
CLG0056,89,9.44,8.95,7,Yes,9,8,1,No,632359.2652882568
CLG0066,103,5.05,5.18,2,Yes,8,5,2,No,455485.9298660825
CLG0051,100,9.43,9.04,4,No,2,10,2,Yes,653827.5479881809
CLG0027,90,6.36,6.52,4,No,10,2,4,No,507867.18791127903
CLG0073,132,5.19,5.62,8,Yes,3,4,2,No,552709.7118543459
CLG0066,109,9.24,9.71,10,Yes,2,1,2,No,718842.3434391326
CLG0062,69,9.32,9.06,3,No,6,10,3,Yes,598420.431407792
CLG0071,102,7.98,8.29,2,No,8,1,3,No,605691.4680562656
CLG0008,90,7.87,7.72,9,No,3,10,1,No,571663.2374707429
CLG0038,112,9.07,9.47,4,No,8,3,3,Yes,710359.8722531198
CLG0006,88,8.93,9.22,9,Yes,1,4,3,No,626847.6715468727
CLG0059,98,9.45,9.02,6,No,1,3,1,No,672212.6807766639
CLG0019,107,7.76,7.67,1,No,8,3,5,No,595572.678768699
CLG0079,112,9.84,9.68,3,No,6,8,0,Yes,709571.784197905
CLG0056,81,9.98,10.27,7,No,4,4,4,No,681029.3661072983
CLG0028,94,5.58,5.49,9,Yes,4,3,3,No,484399.10934466566
CLG0094,92,9.25,9.43,8,Yes,8,9,0,No,652791.6545268315
CLG0091,90,7.5,7.6,5,Yes,10,1,4,No,567429.2040554136
CLG0010,126,6.94,7.42,8,Yes,3,8,1,No,630003.173040583
CLG0045,106,8.07,8.51,2,No,10,5,3,No,658335.3574126717
CLG0095,81,5.28,5.21,3,No,0,8,5,No,415408.1902764057
CLG0065,113,7.53,7.75,8,No,5,10,3,Yes,624974.0291408937
CLG0050,131,9.35,9.68,9,Yes,2,3,2,Yes,747967.5191524399
CLG0032,115,6.07,6.47,10,No,1,6,3,No,549543.9951806857
CLG0061,77,7.13,6.7,8,Yes,3,7,3,No,484507.0362056094
CLG0016,92,9.7,9.5,4,Yes,8,8,0,No,656601.1875485468
CLG0006,119,7.14,6.96,6,No,7,7,0,No,585178.7939147956
CLG0066,89,6.79,6.72,5,Yes,6,7,3,No,523798.8489326049
CLG0062,106,7.2,6.87,4,No,1,2,5,No,539844.9557530326
CLG0066,111,7.6,7.6,9,Yes,0,3,4,No,599879.4657142898
CLG0067,86,8.16,8.32,10,No,6,6,1,No,597588.7809999366
CLG0019,99,9.0,9.0,3,No,9,3,5,No,645938.356016434
CLG0004,51,7.26,7.43,1,No,4,9,0,No,462663.98561808927
CLG0043,84,9.09,8.66,7,No,10,9,5,Yes,577817.9225293555
CLG0018,96,7.67,8.05,10,Yes,7,6,5,No,587504.5521830217
CLG0082,81,6.69,7.13,8,Yes,4,1,4,No,512538.5314344872
CLG0046,124,8.29,8.41,3,No,9,1,5,Yes,673339.716205424
CLG0046,78,8.59,8.97,3,No,4,4,3,No,597166.3648569271
CLG0085,93,7.79,7.42,6,No,7,10,2,No,539472.2302777265
CLG0021,101,5.28,5.58,2,No,8,8,0,No,482927.612997524
CLG0030,121,5.85,5.47,6,No,1,3,5,No,522086.2307647789
CLG0064,78,6.43,6.34,5,No,7,4,0,No,489489.32404007966
CLG0041,117,6.41,6.23,7,No,6,6,2,No,536227.9913457762
CLG0017,100,8.37,8.46,9,No,7,9,3,Yes,618501.3285381133
CLG0005,85,5.09,4.89,9,No,2,4,0,No,430595.60692823323
CLG0005,106,8.78,8.92,1,No,3,3,3,No,654861.4579105792
CLG0073,102,6.33,6.2,7,No,6,10,4,No,509035.63214472914
CLG0075,90,6.55,6.91,3,No,4,10,0,No,506222.124409523
CLG0048,101,7.64,7.77,4,Yes,6,9,3,No,571376.2075021532
CLG0078,94,6.08,5.8,2,Yes,5,7,4,No,477843.0766095455
CLG0038,101,9.42,9.26,1,No,3,9,5,Yes,657846.9027084323
CLG0006,109,5.43,5.78,10,Yes,1,10,0,No,525842.8678077429
CLG0058,123,7.22,7.11,3,Yes,5,6,1,No,603369.6406502656
CLG0014,81,9.25,9.29,10,No,5,4,3,No,627474.1358930934
CLG0072,131,8.08,8.23,9,No,5,5,4,Yes,672941.4489087531
CLG0094,70,6.46,6.31,1,Yes,0,10,5,No,453537.5957128051
CLG0059,97,7.1,6.89,3,No,5,2,1,No,533606.7681460996
CLG0065,108,8.53,8.51,5,Yes,1,3,3,No,664252.0877524035
CLG0089,104,9.87,9.58,3,No,9,5,0,No,686315.2627786729
CLG0013,90,9.47,9.25,4,No,4,3,5,No,636967.3028932272
CLG0027,96,6.71,6.27,4,No,6,3,3,No,507093.6458327565
CLG0025,92,9.99,9.79,1,Yes,9,9,4,Yes,676296.3836240447
CLG0056,91,5.02,4.84,6,Yes,0,4,0,No,408556.1671088317
CLG0068,112,5.14,5.6,7,Yes,4,4,0,No,506437.4029839105
CLG0059,105,9.12,9.21,7,Yes,8,1,5,No,665443.6087694411
CLG0095,89,6.0,6.29,6,No,2,7,0,No,496602.4491681527
CLG0049,113,5.3,4.85,7,No,1,10,2,Yes,482787.59486533335
CLG0018,104,6.19,5.8,3,Yes,9,9,4,No,509255.34561090404
CLG0081,112,7.13,7.44,5,Yes,1,8,1,No,588568.3134001957
CLG0075,109,8.65,8.77,7,Yes,2,2,0,No,639916.7952932798
CLG0076,87,8.12,7.81,10,No,0,6,4,No,579771.8237086941
CLG0003,91,6.19,6.09,5,Yes,1,10,2,No,477063.83898407314
CLG0079,111,7.52,7.56,10,Yes,5,10,2,Yes,611076.8282681946
CLG0057,109,9.63,9.97,2,Yes,7,5,5,No,724667.6222096878
CLG0006,99,9.08,8.64,6,No,3,8,0,No,639179.3249530519
CLG0069,101,6.62,6.72,7,Yes,1,1,4,No,525901.5496875632
CLG0031,119,9.91,10.13,2,No,4,9,2,Yes,752482.8778113109
CLG0008,91,8.54,9.02,10,No,2,9,0,No,620726.6167453398
CLG0010,108,5.31,5.62,8,Yes,4,7,5,No,511045.7405945492
CLG0003,96,5.18,4.96,5,Yes,2,8,3,No,430475.34450347186
CLG0012,96,5.84,6.05,8,No,10,9,3,No,495397.8886959897
CLG0092,116,8.64,8.9,3,No,3,5,3,Yes,671572.5165568682
CLG0076,112,5.92,6.15,2,Yes,4,2,1,No,529828.181298257
CLG0094,112,7.56,7.88,7,Yes,6,1,4,No,611135.9500564983
CLG0019,119,5.47,5.87,5,Yes,1,5,5,No,548282.3332537962
CLG0021,100,9.6,9.2,5,No,5,8,3,Yes,651415.0402102283
CLG0081,110,6.72,6.32,8,No,5,10,2,No,528550.0764348855
CLG0014,95,9.54,9.84,9,No,5,4,1,No,664467.4979235579
CLG0075,104,9.72,9.47,8,Yes,6,4,3,No,669444.7968654109
CLG0029,98,5.03,4.59,10,No,10,4,0,No,438196.63277338556
CLG0007,101,7.32,7.22,2,No,2,8,2,No,534889.6419077815
CLG0049,108,5.12,5.44,10,Yes,4,7,1,No,469883.8503417768
CLG0065,87,9.54,9.17,7,No,8,1,1,No,614242.1205978929
CLG0007,131,7.59,7.76,5,No,8,10,2,Yes,639095.7659583585
CLG0014,84,5.37,4.87,7,Yes,6,6,3,No,414491.9706689804
CLG0016,81,5.55,5.16,3,Yes,8,4,5,No,421999.55575138575
CLG0099,117,6.92,6.77,4,Yes,2,2,5,No,560755.5473643976
CLG0016,111,9.7,9.28,7,No,6,3,0,No,675865.0816038648
CLG0085,109,8.46,8.81,2,No,0,4,0,No,666939.2359183053
CLG0013,109,9.34,9.7,2,No,6,10,5,Yes,693273.7855398651
CLG0082,99,6.83,7.09,1,Yes,2,7,5,No,542704.8606672076
CLG0029,86,5.22,4.96,1,No,2,1,0,No,409934.48067949363
CLG0085,101,9.87,9.89,1,Yes,6,1,1,No,704817.3846075336
CLG0073,89,5.09,4.77,6,Yes,7,3,3,No,417063.9078701715
CLG0095,114,9.74,9.52,5,Yes,3,2,5,Yes,707793.3927021942
CLG0061,97,6.84,6.86,10,Yes,0,3,5,No,525363.6185401786
CLG0037,87,5.05,5.29,8,No,4,3,2,No,438339.0466520063
CLG0017,95,8.45,8.04,5,Yes,9,1,4,No,585250.7490520461
CLG0031,106,9.9,9.7,1,Yes,3,6,0,No,703299.3808948209
CLG0059,91,9.83,10.26,8,No,8,8,2,Yes,702359.1312679168
CLG0088,87,5.8,5.73,6,No,2,5,5,No,447683.6233284161
CLG0047,103,5.91,6.35,8,Yes,3,1,5,No,546012.7136453546
CLG0006,103,7.83,8.32,2,Yes,9,10,2,Yes,617361.109506595
CLG0032,92,8.19,8.22,10,Yes,2,7,5,No,597656.1597165352
CLG0031,92,8.7,8.49,8,No,2,10,0,No,601156.6518325284
CLG0018,103,5.91,6.2,6,No,6,9,4,No,512396.89325250196
CLG0009,78,9.8,9.46,1,No,4,7,1,No,629230.1152192168
CLG0003,78,8.19,7.94,1,Yes,4,9,1,No,549730.2820239536
CLG0071,89,9.24,9.52,10,No,3,10,3,Yes,652448.8532512438
CLG0026,96,7.7,7.63,5,No,9,9,5,No,565101.3084806646
CLG0013,104,7.07,6.77,7,Yes,7,2,1,No,541591.052857484
CLG0034,122,9.89,10.04,4,No,0,8,2,Yes,755105.4527402312
CLG0043,112,7.91,8.14,10,No,10,7,1,No,634059.325046131
CLG0093,97,9.33,8.96,5,No,8,7,3,No,633823.9449279465
CLG0033,99,9.77,9.55,10,No,10,2,2,No,647491.2755231112
CLG0069,84,8.38,8.1,3,No,8,1,2,No,591672.6241603652
CLG0036,99,7.74,7.62,2,No,10,4,4,No,584359.1324361295
CLG0079,95,5.02,5.28,2,No,4,7,5,No,446869.9978518992
CLG0074,104,5.2,5.41,5,No,0,6,0,No,475482.80845519534
CLG0068,87,6.0,6.16,4,Yes,1,10,0,No,485335.67740428884
CLG0047,107,5.93,5.44,2,No,1,2,0,No,493804.3596962609
CLG0061,122,6.27,5.91,5,Yes,5,7,3,No,539363.304380306
CLG0045,98,6.52,6.24,10,Yes,9,10,1,No,496942.03348116786
CLG0096,106,6.8,6.57,9,No,8,9,0,No,561502.7053588971
CLG0088,110,7.1,6.75,8,No,2,2,1,No,553550.4863591576
CLG0084,93,5.49,5.4,9,No,7,10,0,No,461174.879253743
CLG0048,103,5.21,4.79,9,No,1,5,4,No,426240.2176543215
CLG0041,100,8.37,8.62,8,No,4,2,1,No,633469.4308982253
CLG0038,101,7.69,7.98,9,No,3,1,3,No,594218.0836183189
CLG0068,88,7.22,7.29,4,No,4,7,5,No,533972.8115353142
CLG0075,100,8.17,7.76,8,Yes,3,2,5,No,578560.5261880682
CLG0011,107,9.14,9.53,2,No,0,6,3,No,695604.9665269975
CLG0016,121,7.14,7.61,9,No,0,7,1,No,617475.1330654257
CLG0065,114,8.21,7.91,9,No,5,1,5,No,618026.9859746007
CLG0097,132,9.77,9.97,3,No,7,9,3,Yes,773577.6211442278
CLG0071,88,9.2,9.54,6,No,6,6,2,No,675701.6157220334
CLG0067,113,7.13,7.17,7,Yes,3,2,3,No,599962.982083851
CLG0071,102,8.22,8.04,3,Yes,4,1,4,No,602074.3219100168
CLG0001,132,5.89,5.87,5,No,7,1,4,No,567710.9231274311
CLG0097,87,7.8,7.81,1,No,5,2,1,No,583665.3266078437
CLG0071,87,9.91,9.81,3,Yes,7,9,3,Yes,657016.0145002456
CLG0004,91,7.59,8.02,8,No,5,2,1,No,589035.7746193623
CLG0082,68,9.64,9.88,3,No,7,1,0,No,622803.0458615418
CLG0037,92,7.04,6.78,8,Yes,3,4,2,No,522676.11462915415
CLG0014,88,9.99,10.08,9,No,9,9,1,No,684901.3561237722
CLG0079,102,7.9,8.09,6,Yes,1,8,1,No,605617.001525388
CLG0025,105,5.21,4.85,7,No,2,7,1,No,455942.71617078787
CLG0082,128,7.93,7.79,6,No,4,8,5,Yes,642780.501888345
CLG0004,114,6.37,6.78,8,No,3,2,1,No,554362.2082594561
CLG0066,91,5.16,5.23,7,No,4,5,5,No,442166.60389463743
CLG0043,86,9.1,8.82,10,No,0,7,4,No,606141.3409300721
CLG0026,107,6.38,6.0,1,No,0,1,2,No,515007.52155544993
CLG0084,80,8.98,9.0,3,Yes,1,6,0,No,616782.7856309377
CLG0015,127,6.44,6.49,3,No,10,7,2,No,577118.2174093961
CLG0006,117,5.97,5.8,3,No,1,8,1,No,526117.1976477039
CLG0037,92,9.87,10.0,4,Yes,7,5,4,No,688723.0188191726
CLG0043,74,6.81,6.38,1,No,9,8,0,No,470941.24035450583
CLG0042,120,8.01,7.66,2,Yes,3,10,5,Yes,635901.4779296434
CLG0013,98,8.05,8.1,5,No,5,1,1,No,601580.102032121
CLG0016,118,7.8,7.36,6,Yes,1,4,5,No,611699.4249059563
CLG0042,76,9.57,9.95,9,Yes,0,6,1,No,655190.1044856777
CLG0038,91,8.37,8.01,2,No,6,4,3,No,587025.7941814697
CLG0066,100,7.02,7.19,9,No,3,5,2,No,558787.10189658
CLG0065,100,9.31,9.2,7,No,3,2,2,No,664825.74236511
CLG0005,93,5.91,5.81,9,No,1,7,2,No,474532.9731726302
CLG0030,109,7.72,7.98,4,Yes,8,9,3,No,620966.5186973036
CLG0095,83,9.75,9.75,7,Yes,1,7,4,No,654062.0884685238
CLG0043,97,8.13,8.36,1,Yes,4,1,4,No,614629.4095080899
CLG0032,101,9.08,9.09,8,No,5,2,4,No,645970.1402845694
CLG0067,107,8.27,8.36,7,Yes,2,8,5,Yes,632634.2004762008
CLG0067,110,9.2,9.46,7,No,10,1,0,No,697538.4243173765
CLG0042,83,9.72,9.83,2,Yes,2,2,3,No,659215.5869712416
CLG0005,76,6.36,6.48,10,Yes,5,5,3,No,474600.51913324266
CLG0099,119,5.85,6.14,9,Yes,4,6,4,No,535897.9145985948
CLG0086,104,7.42,7.87,8,No,4,1,4,No,593605.3108153874
CLG0096,88,8.51,8.39,1,Yes,4,1,4,No,591173.9858520359
CLG0059,123,6.14,6.22,1,Yes,8,2,3,No,559510.0348556705
CLG0023,101,5.02,4.61,5,No,7,3,4,No,448910.4643965598
CLG0008,117,6.71,6.57,2,Yes,3,9,2,Yes,562729.5125184696
CLG0068,101,9.84,9.75,1,No,5,3,4,No,700425.8966478864
CLG0070,130,8.47,8.81,10,No,4,8,2,Yes,694338.7492537143
CLG0091,126,7.01,7.02,8,Yes,10,6,1,No,605007.5465530218
CLG0019,96,5.96,6.19,4,No,5,10,1,No,506099.8820908744
CLG0044,114,6.78,6.3,2,No,10,5,3,No,540282.8283587276
CLG0093,109,5.85,5.81,5,No,7,9,0,No,517189.9134404351
CLG0038,120,5.53,5.93,6,Yes,5,8,5,Yes,542485.326965972
CLG0044,85,9.53,9.25,8,Yes,5,3,1,No,632869.9302798569
CLG0006,110,9.99,9.52,7,No,1,7,3,No,689478.6014964569
CLG0003,115,5.82,5.75,7,Yes,6,4,3,No,494106.7076305553
CLG0096,73,5.27,5.47,1,No,2,8,2,No,426247.36874693807
CLG0080,82,6.65,6.6,3,No,6,7,2,No,500906.38469138416
CLG0033,69,7.31,7.27,3,Yes,4,3,4,No,503785.37592497526
CLG0066,95,6.02,6.19,7,No,3,7,5,No,516860.1180095857
CLG0058,110,6.51,6.26,2,Yes,9,6,1,No,525707.9100148529
CLG0026,122,6.0,6.25,10,Yes,0,6,2,No,557955.0951551999
CLG0099,101,8.87,8.52,7,No,7,10,0,No,640758.7170400016
CLG0028,124,8.56,8.46,9,Yes,1,3,5,Yes,666902.7652219174
CLG0043,79,8.17,8.33,1,No,9,4,3,No,568065.7182665018
CLG0075,74,6.94,7.27,2,No,7,4,5,No,514333.4143931725
CLG0088,99,9.55,9.84,6,No,6,6,4,No,695687.2892588772
CLG0016,105,9.85,10.07,2,No,2,9,2,Yes,713981.1430887824
CLG0089,99,5.87,5.73,2,Yes,10,5,2,No,494990.2615412083
CLG0023,68,6.12,5.74,5,No,6,8,2,No,407924.0267251743
CLG0059,98,7.63,7.35,7,No,0,5,5,No,551665.6858433766
CLG0035,80,5.46,5.82,4,Yes,4,6,1,No,450510.48812503606
CLG0089,110,7.18,7.54,6,Yes,1,6,5,No,595035.9437453886
CLG0041,105,7.91,8.36,3,No,1,4,2,No,622118.7806273699
CLG0097,85,7.61,7.19,4,Yes,2,10,5,No,538327.917474764
CLG0022,92,6.65,6.69,4,No,6,10,3,No,518219.9453582592
CLG0074,84,7.71,7.86,4,No,1,5,2,No,574052.0369123878
CLG0001,99,9.79,10.0,1,Yes,3,4,5,No,695763.9708294907
CLG0046,114,6.03,6.17,4,No,3,2,0,No,552321.0337351828
CLG0022,85,8.27,8.54,4,Yes,0,2,2,No,589154.1161961156
CLG0032,107,5.22,5.08,6,Yes,6,8,4,No,455110.9516021504
CLG0087,92,5.33,5.01,9,No,3,4,4,No,434446.2355039154
CLG0030,88,7.76,7.46,10,Yes,0,9,0,No,559478.0392907063
CLG0087,98,5.52,5.03,6,No,2,6,4,No,464349.27261235676
CLG0043,84,5.11,4.96,6,No,7,5,1,No,405724.26577922446
CLG0012,91,5.86,5.45,7,No,3,7,3,No,449034.3078893556
CLG0083,82,7.82,7.64,7,Yes,0,6,3,No,532506.1125964615
CLG0071,129,8.52,8.65,1,No,6,4,1,No,698800.0597563884
CLG0027,100,6.01,6.4,8,No,7,10,4,No,517840.67543493496
CLG0026,89,8.34,8.68,1,No,4,9,0,No,624064.9952353539
CLG0018,103,5.91,5.66,9,Yes,8,6,0,No,488056.1170040046
CLG0092,98,8.07,7.7,4,No,6,3,3,No,578937.1417877681
CLG0075,96,7.06,6.75,9,No,3,4,5,No,532541.6015960636
CLG0066,109,8.27,8.74,8,No,8,4,0,No,649681.0012833774
CLG0081,111,9.98,10.03,9,Yes,5,8,1,Yes,717071.5253418433
CLG0061,92,9.69,9.37,6,Yes,10,5,3,No,659936.4463287835
CLG0046,91,5.02,5.36,9,Yes,7,8,2,No,454074.3073853594
CLG0029,95,9.43,9.33,4,Yes,1,8,1,No,667419.9766180892
CLG0032,65,5.33,5.73,3,Yes,4,6,1,No,427496.0100572912
CLG0015,77,9.77,9.53,3,No,2,5,0,No,628869.6191625142
CLG0060,120,6.41,6.3,8,No,4,2,5,No,560105.9407481567
CLG0082,124,6.91,6.91,2,Yes,7,1,0,No,603385.6217225321
CLG0028,96,5.46,5.85,6,No,5,7,0,No,490468.72453660105
CLG0027,108,5.56,5.93,9,Yes,0,10,2,No,528483.29115932
CLG0041,104,8.63,8.7,9,No,6,10,1,No,637077.7518703638
CLG0047,146,9.72,9.44,8,Yes,9,7,4,Yes,780461.038709943
CLG0033,116,8.05,7.95,8,Yes,0,2,3,No,615800.2390715678
CLG0044,98,8.58,9.06,1,Yes,0,3,0,No,672256.9773543255
CLG0050,85,8.81,8.92,7,No,3,8,0,No,611157.4536824401
CLG0010,75,6.31,6.59,1,No,8,4,1,No,488971.17839773657
CLG0024,103,5.23,5.18,9,No,7,5,2,No,481624.1239972829
CLG0034,88,5.01,5.04,3,No,9,7,0,No,415463.8959330407
CLG0091,78,6.75,6.68,1,No,2,8,2,No,468492.41103317874
CLG0020,90,6.21,6.41,8,No,5,1,2,No,499340.46834395075
CLG0025,83,5.31,5.66,7,No,0,7,4,No,458873.6847133976
CLG0055,125,5.9,5.91,2,Yes,9,3,2,No,526677.4864671578
CLG0090,113,5.62,5.6,7,Yes,0,5,4,No,504060.27910157316
CLG0043,99,9.57,9.41,5,No,5,1,3,No,662791.0611906311
CLG0053,122,5.7,5.38,7,No,4,3,2,No,509417.745018015
CLG0085,101,7.69,8.13,10,Yes,5,5,3,No,608063.1974005585
CLG0050,87,7.97,7.79,7,No,8,1,2,No,560380.3346802243
CLG0055,122,7.72,8.02,2,Yes,4,2,4,Yes,656819.1663808177
CLG0013,108,5.5,5.72,2,No,1,3,4,No,509074.7568120134
CLG0049,84,6.59,6.88,7,Yes,0,8,3,No,501126.1864151002
CLG0097,97,5.26,5.7,3,Yes,10,5,1,No,481124.5609088923
CLG0010,86,6.98,7.1,4,No,1,5,1,No,556903.3993628904
CLG0092,79,5.94,6.34,7,No,7,3,1,No,463149.47246626846
CLG0097,113,7.81,7.48,2,No,0,9,2,Yes,592675.1531549889
CLG0011,128,8.46,8.59,2,No,5,9,1,Yes,679351.7356409783
CLG0078,79,7.66,7.93,9,No,4,2,3,No,562621.6504199322
CLG0084,108,7.17,6.94,1,No,9,8,1,No,560957.6367354785
CLG0100,90,6.94,7.18,3,Yes,10,1,3,No,551022.9892222267
CLG0020,92,9.21,9.49,10,Yes,8,5,3,No,663135.6650645382
CLG0072,91,6.1,6.43,4,No,3,7,5,No,496758.270538428
CLG0079,87,8.67,8.48,5,No,4,8,2,Yes,594311.4382820702
CLG0097,100,8.79,8.97,3,No,4,8,5,Yes,643474.989925365
CLG0083,87,7.1,6.9,9,Yes,10,6,4,No,523001.5295553202
CLG0048,104,6.49,6.73,5,No,1,7,2,No,557399.2740556466
CLG0076,99,7.35,7.31,7,No,10,4,2,No,563124.3898878659
CLG0017,96,5.47,5.57,7,Yes,1,10,0,No,450804.06124835415
CLG0033,86,5.23,5.15,9,No,8,7,1,No,418869.8133198233
CLG0020,91,5.56,5.22,2,No,2,7,1,No,428646.6562902947
CLG0046,111,5.94,5.62,3,No,5,9,3,Yes,516270.7993917787
CLG0031,107,7.52,7.1,4,Yes,3,2,4,No,565577.2440712386
CLG0051,85,9.25,9.37,8,No,3,8,5,Yes,628858.008268262
CLG0083,101,6.18,6.53,1,Yes,4,9,1,No,536735.6450902307
CLG0019,111,9.68,9.2,9,No,4,3,1,No,697001.2807641913
CLG0062,74,9.77,9.34,5,Yes,6,8,4,Yes,625649.2314424018
CLG0044,108,9.79,9.75,4,No,6,1,1,No,724072.9526074132
CLG0077,90,9.19,9.43,8,No,0,10,0,No,657692.8422511569
CLG0038,108,6.82,6.48,9,No,5,5,1,No,530477.3004110594
CLG0049,88,5.36,5.13,3,No,3,1,0,No,429311.1455950542
CLG0065,72,7.84,7.57,4,Yes,1,1,2,No,513699.40521087317
CLG0011,75,7.79,7.69,1,Yes,5,6,2,No,546377.224527859
CLG0027,100,9.25,8.97,3,No,6,5,0,No,633594.9555363077
CLG0058,103,9.98,9.83,10,No,1,5,5,No,693430.5199572403
CLG0064,86,7.54,7.77,5,No,1,2,5,No,555251.0533144218
CLG0065,109,6.73,6.84,8,No,9,10,3,No,551506.443710931
CLG0015,75,5.93,5.51,1,Yes,10,9,0,No,421776.3127750522
CLG0082,99,5.02,5.16,1,Yes,6,5,3,No,472274.11800906935
CLG0089,81,7.55,7.53,3,Yes,8,3,4,No,542351.2865015477
CLG0001,90,7.78,8.21,9,No,2,7,4,No,601799.9023830415
CLG0019,100,9.12,8.91,9,No,2,6,0,No,648891.3443516814
CLG0056,87,7.52,7.75,1,No,7,6,3,No,558917.2382462339
CLG0064,94,9.58,9.81,4,No,1,5,2,No,681847.6719620415
CLG0034,115,8.14,7.86,8,No,8,4,0,No,621339.066924519
CLG0064,91,9.2,9.6,2,No,6,6,0,No,670208.3704201593
CLG0010,112,5.74,5.73,4,Yes,7,7,3,No,497595.25570719567
CLG0076,83,9.28,9.46,7,No,8,8,4,Yes,653482.1125127325
CLG0060,107,8.38,8.03,7,No,2,2,5,No,616721.2271485765
CLG0039,121,5.85,5.61,5,Yes,5,4,2,No,533412.4998982353
CLG0066,62,5.95,6.04,7,No,7,7,3,No,429337.52824675635
CLG0032,88,9.63,9.45,6,No,0,3,3,No,639006.637313253
CLG0051,108,5.16,5.16,2,No,5,5,2,No,464891.5290427575
CLG0026,96,7.31,7.18,9,Yes,2,10,5,No,543741.47281522
CLG0057,105,6.57,6.71,5,No,7,7,5,No,536577.534484405
CLG0084,90,8.33,8.32,2,No,8,9,0,No,581994.9582173793
CLG0060,101,9.2,8.7,6,No,4,6,0,No,651567.086638624
CLG0055,97,6.8,6.95,10,Yes,1,2,1,No,549859.9418574261
CLG0006,117,7.13,7.05,5,Yes,6,9,2,Yes,589870.0387795845
CLG0007,103,9.91,9.75,2,No,5,6,3,No,716314.2223441048
CLG0066,105,8.92,8.51,10,No,5,10,1,No,634408.8490469595
CLG0081,93,9.49,9.21,10,No,0,2,1,No,647072.2850654976
CLG0026,92,7.19,6.91,7,No,0,1,1,No,512606.3011442162
CLG0095,93,6.17,6.61,10,No,5,4,0,No,521509.627709702
CLG0098,105,7.06,6.99,2,Yes,5,2,4,No,568482.7764565832
CLG0082,93,8.58,8.12,7,Yes,3,7,1,No,605766.2660066562
CLG0078,104,5.55,5.19,6,Yes,7,7,3,No,464016.2851467421
CLG0005,131,6.35,5.93,4,Yes,8,3,5,No,550708.0895249589
CLG0087,113,5.23,5.32,4,No,5,10,0,No,511966.6867713171
CLG0001,95,7.16,6.85,6,No,9,1,5,No,524637.3699317985
CLG0084,118,9.14,9.14,9,No,7,2,4,Yes,684422.2634489539
CLG0002,93,5.12,4.99,10,Yes,7,8,4,No,417925.0276610043
CLG0065,69,8.38,8.68,6,Yes,1,4,1,No,582661.2476255825
CLG0010,84,9.66,9.48,6,Yes,3,3,1,No,642442.4654769796
CLG0050,71,6.18,6.14,1,No,0,10,0,No,462542.5009512877
CLG0051,94,8.47,8.69,5,Yes,0,7,1,No,630651.3317302176
CLG0069,100,9.88,9.81,1,No,5,10,0,No,701522.818566378
CLG0041,125,9.81,10.1,9,No,6,4,4,Yes,761614.7213253356
CLG0058,104,6.17,6.33,10,No,4,2,3,No,520360.05234839366
CLG0077,96,5.5,5.41,4,Yes,7,3,3,No,453015.22603658336
CLG0068,112,5.74,5.74,2,No,8,4,2,No,502862.1684304726
CLG0024,66,8.51,8.98,9,No,3,1,5,No,588659.6314522536
CLG0091,103,8.63,8.79,6,Yes,0,8,2,Yes,639840.1150598982
CLG0056,111,8.37,8.77,10,Yes,5,8,2,Yes,656843.8049847072
CLG0100,77,6.68,6.36,3,No,0,5,3,No,479552.8891952695
CLG0036,117,5.85,5.83,2,Yes,1,6,1,No,513391.4484057228
CLG0002,105,7.9,8.31,6,Yes,10,4,0,No,618412.958795623
CLG0096,93,7.42,7.24,10,Yes,3,3,3,No,519702.165212889
CLG0056,109,8.64,9.11,6,Yes,3,3,2,No,672702.4404443634
CLG0081,134,7.21,6.81,9,Yes,5,4,2,No,611471.5684618546
CLG0012,102,6.69,7.09,5,No,7,6,5,No,553735.2561692274
CLG0012,103,6.47,6.42,9,No,2,2,1,No,523601.73877340637
CLG0085,93,6.06,5.63,5,No,5,6,2,No,473410.9410877769
CLG0072,87,6.33,6.71,2,Yes,2,8,2,No,515287.75483978406
CLG0022,112,5.47,5.22,1,Yes,1,9,0,No,486163.68478405883
CLG0074,87,6.73,6.25,9,Yes,3,4,1,No,491696.96807958547
CLG0084,101,5.18,4.82,10,No,3,5,4,No,431220.8484018783
CLG0062,92,5.93,6.09,7,Yes,1,8,4,No,481092.2093269224
CLG0064,107,8.73,9.21,3,No,10,10,2,Yes,677509.5574267582
CLG0028,105,6.63,6.24,6,Yes,2,2,2,No,526487.6420592751
CLG0089,115,8.34,8.3,10,No,8,10,0,Yes,644342.3312656448
CLG0028,92,8.58,8.26,4,No,9,2,4,No,595840.0875635156
CLG0004,95,7.91,8.16,9,Yes,8,9,1,No,601486.6916418163
CLG0045,85,9.79,9.41,2,No,9,6,1,No,644194.5885290807
CLG0090,93,5.11,4.85,4,No,6,10,3,No,417207.6921198926
CLG0013,105,8.69,8.39,1,No,1,9,5,Yes,631195.803718033
CLG0083,111,9.79,9.84,7,No,4,10,3,Yes,719059.2383373415
CLG0098,86,9.31,9.68,4,Yes,7,7,1,No,640125.340134954
CLG0080,113,5.84,5.85,5,No,0,5,3,No,513767.9443337424
CLG0004,120,6.63,6.19,1,Yes,0,9,5,Yes,548881.0009606312
CLG0061,106,5.86,5.92,2,Yes,10,9,5,No,511730.41369033844
CLG0084,128,8.01,8.31,4,Yes,10,2,0,No,668598.6319878985
CLG0026,88,8.56,8.19,2,Yes,5,8,2,Yes,597232.6863518306
CLG0094,81,6.59,6.16,1,Yes,6,8,1,No,471961.485636699
CLG0006,73,7.7,7.39,10,No,6,2,4,No,520556.3140279289
CLG0077,122,8.45,8.7,1,No,2,10,4,Yes,674671.5059737399
CLG0056,109,7.11,7.2,6,No,9,7,1,No,549639.6318251853
CLG0100,99,9.27,9.31,2,No,3,1,3,No,655347.0467405863
CLG0081,104,8.86,8.61,3,No,8,5,3,No,632293.7982548561
CLG0027,83,5.32,5.15,5,Yes,10,5,1,No,434701.26210457785
CLG0035,136,8.11,8.58,3,Yes,9,10,1,Yes,703779.360254316
CLG0097,101,6.18,5.92,6,No,3,5,1,No,489047.16385246883
CLG0082,101,7.79,8.19,7,No,4,2,0,No,603014.1683961923
CLG0058,110,9.78,9.86,10,Yes,5,3,4,No,705713.4185168342
CLG0084,107,9.4,9.02,6,Yes,6,6,0,No,661496.9596354145
CLG0063,103,7.02,6.99,2,Yes,4,1,5,No,559193.040290087
CLG0033,88,6.46,6.91,9,No,6,6,0,No,530222.3367419178
CLG0095,107,6.17,6.09,2,No,1,6,2,No,517660.697319035
CLG0083,128,7.66,8.02,6,No,6,7,0,No,662428.2327550295
CLG0097,120,5.57,5.33,9,No,4,9,5,Yes,486329.18721985316
CLG0081,123,7.75,7.82,9,No,9,9,4,Yes,641118.9610461527
CLG0033,92,5.01,5.35,2,No,4,4,3,No,446436.6284228809
CLG0100,85,6.62,7.04,9,No,10,2,4,No,496661.5353534353
CLG0069,98,6.1,6.09,8,No,5,5,1,No,486823.20689018094
CLG0040,100,9.86,10.0,7,Yes,8,1,5,No,692680.5245309642
CLG0047,116,8.64,8.14,8,No,3,5,1,No,639999.5316071002
CLG0045,74,6.75,6.5,10,Yes,4,10,1,No,481033.18822764675
CLG0027,122,5.46,5.24,8,No,4,3,0,No,508050.9231678657
CLG0007,97,7.58,7.17,1,Yes,2,7,5,No,564671.4236709537
CLG0058,93,6.07,5.85,9,Yes,2,7,2,No,475456.72867133096
CLG0014,84,7.68,7.5,6,No,0,3,3,No,534382.8287741177
CLG0004,75,9.18,9.65,1,No,3,5,0,No,628861.475572967
CLG0082,112,8.08,8.25,1,Yes,8,9,1,Yes,647690.1931398686
CLG0034,101,8.17,8.1,7,No,1,4,4,No,612160.6022152818
CLG0080,80,7.71,8.2,10,No,9,2,1,No,574275.316960482
CLG0091,80,9.64,9.29,2,Yes,3,3,4,No,635937.4890256352
CLG0038,94,9.66,9.64,6,Yes,8,1,3,No,660465.7953980828
CLG0020,125,7.56,7.71,5,No,8,5,1,No,630076.3947260763
CLG0046,96,6.53,6.09,5,Yes,7,9,5,No,492709.89494447905
CLG0019,77,7.3,7.52,10,No,1,2,5,No,549476.4843398904
CLG0001,96,5.93,5.53,6,Yes,10,3,3,No,480786.4810881268
CLG0023,95,8.18,7.82,8,Yes,2,3,1,No,573353.4424594162
CLG0062,59,7.5,7.16,5,Yes,5,7,1,No,485100.44210726256
CLG0073,99,5.52,5.95,8,Yes,1,10,4,No,498601.53263043816
CLG0028,96,5.99,6.17,5,No,2,7,2,No,507763.8144001417
CLG0084,110,7.4,7.56,10,No,0,1,5,No,603893.8682678839
CLG0080,127,9.44,9.5,6,Yes,3,3,4,Yes,728259.3664372973
CLG0077,116,7.83,7.62,8,Yes,10,1,0,No,622561.9111650377
CLG0033,95,8.41,8.53,2,No,5,9,3,Yes,619785.7657000929
CLG0003,83,6.7,6.61,7,Yes,0,7,3,No,502329.8764441844
CLG0079,138,7.86,7.51,3,No,0,5,2,No,654878.6152669904
CLG0016,100,7.24,7.43,9,Yes,7,7,1,No,573145.774399647
CLG0030,100,8.3,7.93,10,Yes,6,3,3,No,578759.919436316
CLG0025,99,5.25,4.94,7,Yes,6,3,2,No,440896.20199910464
CLG0078,102,7.47,7.79,3,Yes,6,1,0,No,600447.4852254499
CLG0001,97,6.48,6.64,8,No,4,5,3,No,537478.264474172
CLG0033,91,6.63,6.76,10,Yes,3,7,0,No,523285.3962877913
CLG0037,91,9.8,9.72,2,Yes,6,3,5,No,679985.2965524249
CLG0029,99,5.91,5.81,10,No,10,5,4,No,496739.1451003611
CLG0037,91,6.56,6.75,8,No,2,10,3,No,522635.27859752433
CLG0061,89,7.55,7.79,7,No,8,1,3,No,552262.3097167175
CLG0008,101,9.32,9.33,5,Yes,1,7,1,No,665689.2855745816
CLG0001,96,7.08,7.55,4,Yes,0,8,0,No,579905.999568289
CLG0063,122,8.72,9.18,10,No,7,8,4,Yes,707824.3041309597
CLG0088,60,9.28,9.19,10,No,5,1,2,No,553745.78762415
CLG0065,116,6.55,6.87,1,No,3,4,4,No,561435.6719846688
CLG0046,118,6.96,7.0,4,Yes,9,9,3,Yes,575630.694690416
CLG0043,68,6.78,6.79,6,Yes,8,2,5,No,471997.34627799154
CLG0010,94,9.16,8.71,6,No,4,1,0,No,633759.0897527848
CLG0082,94,5.22,5.29,2,No,10,6,3,No,470659.68349123123
CLG0085,78,6.54,6.94,9,Yes,0,1,2,No,502075.8469113923
CLG0010,88,8.4,8.68,1,No,0,6,2,No,614079.8609827934
CLG0062,83,7.83,8.12,4,Yes,6,1,3,No,574987.5448228962
CLG0086,126,7.18,6.84,4,No,0,6,5,No,596802.2931825232
CLG0051,114,7.7,7.56,2,No,5,9,3,Yes,601230.0860456283
CLG0045,119,5.99,5.72,8,No,6,5,3,No,528134.3235705083
CLG0073,110,7.15,6.97,2,No,10,4,0,No,584482.8915096307
CLG0073,83,7.51,7.59,2,Yes,9,8,1,No,541887.5578443605
CLG0045,92,9.51,9.37,2,Yes,4,4,2,No,640181.9478002765
CLG0085,107,6.3,6.36,1,No,2,4,0,No,536566.2495776716
CLG0058,81,9.34,9.28,5,Yes,2,9,2,Yes,615515.8754325825
CLG0095,110,8.22,8.01,4,No,1,1,3,No,629429.1294115861
CLG0066,96,5.1,4.7,2,No,10,3,2,No,436939.6528181273
CLG0024,94,8.62,9.01,1,Yes,0,4,5,No,630347.4094208144
CLG0097,110,5.18,4.69,1,No,10,8,5,No,462917.3356648146
CLG0075,106,9.99,9.49,2,Yes,7,1,5,No,680470.2907157076
CLG0065,94,9.36,9.69,1,Yes,8,3,4,No,659054.2103192902
CLG0055,117,6.49,6.99,9,No,1,2,2,No,579678.6892376008
CLG0051,83,6.29,6.52,2,No,3,6,5,No,484708.6190771295
CLG0072,109,6.91,6.43,3,Yes,2,9,4,No,529433.4758946159
CLG0073,108,6.78,6.51,9,Yes,3,10,0,No,515141.7878736538
CLG0021,95,6.86,7.33,5,No,3,9,0,No,555898.0520201176
CLG0047,104,6.59,6.9,8,Yes,7,10,5,No,534875.0998078922
CLG0022,81,8.11,8.18,7,No,10,5,4,No,577204.7989412058
CLG0029,113,5.82,5.56,6,No,2,3,2,No,509805.79526217066
CLG0040,97,9.23,8.74,2,Yes,2,8,5,Yes,628081.5493803588
CLG0003,92,9.06,8.58,4,No,5,9,0,No,612229.5540090187
CLG0049,115,7.38,7.49,9,Yes,10,9,2,Yes,597029.5517413574
CLG0025,89,9.26,8.78,7,No,2,1,1,No,628213.9665879112
CLG0082,78,6.24,6.73,3,Yes,4,10,5,No,485150.14858788374
CLG0011,76,5.09,4.77,6,Yes,3,5,1,No,378006.6067890863
CLG0094,109,8.1,8.31,8,No,10,10,5,Yes,633829.0377437319
CLG0089,80,7.29,6.95,8,No,3,9,4,No,515782.53772134974
CLG0075,126,7.84,7.88,8,No,1,3,4,No,650203.902884963
CLG0098,68,9.5,9.08,8,Yes,8,7,2,No,587289.0396727407
CLG0088,125,9.85,10.12,10,No,4,9,1,Yes,757869.9968184815
CLG0048,103,8.17,8.25,6,Yes,4,2,1,No,615264.9671715322
CLG0032,98,8.82,8.41,10,No,6,2,4,No,607263.1746818932
CLG0003,91,5.42,5.77,3,Yes,2,5,3,No,476552.54724424303
CLG0045,105,5.8,5.85,9,No,5,8,2,No,503326.2330436795
CLG0089,99,8.67,9.09,3,Yes,0,10,2,Yes,650608.8260089309
CLG0020,116,7.16,7.58,4,Yes,4,5,0,No,610087.6915344463
CLG0020,101,7.23,7.65,10,No,4,8,4,No,592318.9422295367
CLG0051,102,6.54,6.12,1,No,8,4,0,No,510668.85572469945
CLG0081,94,8.04,7.66,2,Yes,4,9,3,No,576682.832077172
CLG0020,99,5.93,6.42,6,No,7,4,0,No,499783.57311178517
CLG0082,104,8.13,8.12,1,Yes,2,5,3,No,603439.3063378617
CLG0014,74,5.87,5.61,9,No,10,7,0,No,436202.0011442873
CLG0098,79,5.32,5.59,8,No,5,9,4,No,434807.72792867426
CLG0080,111,6.65,6.41,2,No,1,5,3,No,542544.1707026587
CLG0032,102,6.16,6.39,2,No,8,7,2,No,529180.5997936882
CLG0072,97,9.44,9.78,8,Yes,5,4,4,No,681770.3200867481
CLG0042,100,5.27,5.55,8,No,4,2,4,No,499914.6930250129
CLG0080,105,5.88,5.65,1,No,8,2,5,No,506026.1938343497
CLG0039,91,7.74,7.64,5,Yes,0,5,1,No,561745.0279262711
CLG0038,88,7.41,7.32,2,Yes,2,2,2,No,543293.0626697034
CLG0064,102,5.23,5.22,1,No,1,2,0,No,476049.769055325
CLG0004,85,5.04,4.71,3,No,8,2,4,No,403349.2893782218
CLG0099,106,9.94,9.89,3,Yes,10,4,0,No,694441.8277915269
CLG0092,74,8.29,8.3,10,No,5,8,4,Yes,550736.4887425489
CLG0063,115,6.83,6.86,9,Yes,10,7,2,No,572755.6959953584
CLG0061,107,7.35,7.67,10,No,5,5,4,No,604258.4745643835
CLG0078,103,6.33,6.35,1,No,4,7,0,No,523209.6186424136
CLG0005,114,6.72,6.45,2,No,3,6,0,No,551514.0236879573
CLG0066,124,8.25,8.41,9,Yes,3,8,2,Yes,673574.954113976
CLG0045,115,9.41,9.71,5,No,1,8,0,Yes,724896.0383619687
CLG0050,72,5.92,5.74,9,No,6,7,3,No,422870.7758654398
CLG0088,80,9.2,9.35,6,Yes,5,5,4,No,620735.1328217128
CLG0003,90,5.61,5.26,10,No,2,6,3,No,446565.3256757332
CLG0023,100,6.07,5.91,10,No,6,10,1,No,498378.34708178125
CLG0011,107,5.19,5.6,3,No,8,8,1,No,477801.55723912525
CLG0038,89,5.7,6.11,8,No,9,7,5,No,473310.3754356534
CLG0056,102,9.59,9.67,9,No,0,5,5,No,689765.3767053463
CLG0035,88,7.3,7.5,2,No,10,10,4,No,536522.8430068204
CLG0065,90,5.39,5.74,9,Yes,9,8,0,No,484167.84376143344
CLG0006,78,9.8,10.26,4,No,7,4,2,No,673335.1541446892
CLG0070,86,9.39,9.38,8,No,1,6,1,No,632917.6926947339
CLG0040,79,8.77,8.83,5,No,0,4,0,No,607246.6741177978
CLG0090,85,9.67,9.59,6,No,8,5,5,No,641189.7118245503
CLG0035,115,6.1,5.67,4,No,1,10,2,Yes,513745.279790781
CLG0013,85,9.18,9.1,5,No,6,3,4,No,621122.989539155
CLG0025,139,8.45,8.74,1,No,6,2,0,No,709175.8317914535
CLG0086,107,9.35,9.65,3,Yes,0,1,3,No,706703.1247503377
CLG0081,102,8.98,9.37,4,No,9,3,4,No,681444.5166173379
CLG0078,87,6.73,6.28,1,No,0,1,1,No,488642.12681338
CLG0067,110,8.87,8.9,3,Yes,6,6,4,No,662302.9200711616
CLG0068,91,6.31,5.92,4,No,5,2,4,No,456717.7947960948
CLG0099,101,6.64,6.34,9,Yes,3,3,2,No,519806.6279498819
CLG0047,138,5.54,5.94,3,No,2,8,1,No,573372.1313070194
CLG0055,98,9.68,9.68,3,No,4,5,5,No,685055.73735922
CLG0092,117,6.46,6.72,4,No,4,2,2,No,578891.9635227096
CLG0043,89,7.6,7.16,9,No,10,2,4,No,515117.16815687396
CLG0002,99,6.96,6.88,9,No,2,3,0,No,530534.9533464098
CLG0045,126,9.8,9.97,1,No,5,3,3,Yes,746476.4429396505
CLG0048,90,6.68,6.31,8,No,2,8,3,No,486725.6049338768
CLG0062,127,8.89,8.72,10,No,3,5,2,Yes,699923.360071337
CLG0038,110,9.28,8.84,1,No,2,8,0,No,649080.9734871695
CLG0047,91,7.18,7.33,2,No,5,4,3,No,539710.4840978472
CLG0004,109,6.89,7.36,10,Yes,8,9,0,No,586158.3967866199
CLG0060,114,8.74,9.07,5,No,2,3,5,Yes,693808.136502349
CLG0049,109,9.56,10.03,6,No,0,2,5,No,715024.7760570286
CLG0076,76,8.77,9.12,2,No,6,6,2,No,609543.3170244923
CLG0034,89,6.14,6.5,10,Yes,4,4,1,No,483354.7292399705
CLG0044,96,9.44,9.52,5,Yes,3,2,0,No,648139.7328973457
CLG0094,98,6.94,6.96,3,Yes,2,6,0,No,544441.5743017874
CLG0085,109,7.88,7.79,7,No,6,4,1,No,605200.705846803
CLG0056,102,9.16,9.48,1,No,1,10,4,Yes,701085.5092547337
CLG0092,79,5.94,5.62,5,No,10,4,4,No,446372.0331276737
CLG0042,105,8.92,8.48,3,No,3,10,4,Yes,624797.2464380432
CLG0050,109,7.98,8.43,2,Yes,1,4,2,No,639595.0539118184
CLG0069,108,9.47,8.97,3,No,9,4,4,No,645296.6223964898
CLG0033,116,5.86,6.34,10,No,7,8,2,Yes,556726.473168331
CLG0098,112,7.1,7.33,4,Yes,2,1,1,No,603922.6683681696
CLG0096,106,9.16,8.99,2,No,4,9,0,No,646473.088756118
CLG0091,98,5.1,5.3,2,Yes,10,3,3,No,459504.2571594566
CLG0067,75,5.56,5.88,3,No,3,5,3,No,426537.52262256417
CLG0042,106,9.95,9.7,2,No,4,5,2,No,694137.523505062
CLG0044,103,6.4,6.67,6,No,3,4,2,No,550322.8754821104
CLG0068,104,9.88,10.18,2,No,7,4,5,No,708314.9889209536
CLG0100,80,5.91,5.66,1,No,5,7,0,No,441238.29665726924
CLG0057,83,6.81,6.35,8,No,0,4,1,No,493950.8490613166
CLG0036,115,8.76,8.46,10,No,4,10,0,Yes,656720.5001570818
CLG0041,99,8.29,7.99,4,No,0,3,5,No,604988.7943690813
CLG0056,110,7.91,7.48,2,No,2,9,2,No,592251.3127556827
CLG0003,100,7.65,7.88,4,Yes,10,4,0,No,604196.7262617322
CLG0056,100,9.22,9.1,2,No,5,4,2,No,647678.116719245
CLG0056,114,6.17,6.55,5,No,8,10,3,Yes,552379.3436944064
CLG0065,92,7.21,6.96,7,No,2,8,0,No,538537.6596413259
CLG0039,101,5.78,5.73,6,No,3,7,1,No,491196.979179812
CLG0040,93,7.98,8.12,2,No,9,4,3,No,586479.5404359901
CLG0039,93,6.25,6.63,4,No,0,8,1,No,518467.75012757006
CLG0027,95,6.67,6.69,8,No,9,10,1,No,536789.785869111
CLG0067,103,7.36,7.23,7,Yes,1,2,2,No,582597.6118451676
CLG0100,92,5.13,5.5,7,No,6,9,1,No,455416.05580075283
CLG0094,118,5.46,5.27,4,No,7,2,5,No,490513.6025406324
CLG0065,86,8.43,8.01,1,Yes,0,10,4,Yes,559098.683615713
CLG0074,97,7.14,7.09,7,No,8,3,1,No,540373.4401435356
CLG0003,93,9.32,9.61,6,No,5,6,0,No,675998.1963037106
CLG0003,121,8.47,8.0,8,Yes,0,7,5,No,649373.4926003333
CLG0037,102,5.04,5.13,5,No,3,9,2,No,464758.10976790433
CLG0098,115,8.08,8.17,8,Yes,3,8,2,Yes,646658.3442196265
CLG0020,77,5.47,5.9,10,Yes,6,6,5,No,446665.2537304033
CLG0011,104,8.9,8.69,8,No,0,8,4,Yes,664323.0638332787
CLG0083,113,9.96,9.74,9,Yes,9,5,2,Yes,715523.5069589294
CLG0091,101,7.66,7.6,1,No,8,10,2,No,585151.78599093
CLG0024,115,8.41,8.27,3,No,0,10,3,Yes,648509.4369832603
CLG0070,92,6.19,6.43,6,No,9,9,3,No,505277.9684420476
CLG0065,121,7.19,7.33,4,No,2,4,3,No,594178.5177360881
CLG0083,134,9.28,9.54,8,Yes,0,1,4,Yes,736983.6870122778
CLG0074,94,5.84,6.16,10,No,0,8,5,No,491793.94525758043
CLG0032,93,6.33,6.75,1,No,3,5,2,No,525291.0092772908
CLG0062,121,7.23,7.16,5,Yes,1,9,2,Yes,598893.686735374
CLG0055,123,8.56,9.04,4,Yes,8,3,2,Yes,706201.5119774612
CLG0036,92,6.88,6.6,1,No,0,9,1,No,522763.34418805223
CLG0066,93,9.64,9.85,10,No,2,8,2,Yes,694797.4817587738
CLG0037,95,5.47,5.5,6,No,1,6,2,No,454262.12622488674
CLG0014,79,6.85,7.17,10,Yes,0,10,5,No,519960.02851011587
CLG0046,86,8.54,8.52,3,No,10,10,0,No,610433.4059103805
CLG0077,84,6.13,6.41,5,Yes,8,8,0,No,487766.0212856498
CLG0056,88,8.28,8.71,6,No,4,8,2,Yes,611264.8661018648
CLG0050,99,5.82,6.05,4,No,10,7,1,No,508240.7195433712
CLG0061,103,5.28,5.56,10,Yes,5,7,1,No,493356.4535033323
CLG0017,123,5.61,5.18,10,Yes,7,3,4,No,495364.3414734198
CLG0027,85,9.65,9.35,6,No,6,7,4,No,631756.461614081
CLG0054,114,7.76,8.23,7,Yes,6,3,5,Yes,654554.3042190409
CLG0029,96,8.98,9.17,2,No,8,9,2,Yes,662119.6326685009
CLG0013,99,6.66,6.72,7,Yes,2,5,3,No,532640.5743554212
CLG0049,110,7.96,7.83,7,No,9,8,1,No,611706.6684466279
CLG0025,83,7.47,7.01,2,Yes,7,3,3,No,507976.2036106937
CLG0088,105,9.73,9.6,3,No,5,3,4,No,703259.3130306803
CLG0100,102,8.74,8.74,3,No,7,3,1,No,648902.6322940713
CLG0023,107,8.65,8.36,1,Yes,3,8,3,Yes,617628.525585925
CLG0026,104,5.23,4.9,1,Yes,0,9,2,No,455693.69161872665
CLG0048,136,7.75,7.76,10,No,10,7,3,No,655612.3707268073
CLG0036,90,7.33,7.42,6,No,2,1,4,No,554860.5166744795
CLG0006,92,9.64,9.38,9,Yes,9,6,1,No,654226.8048171719
CLG0080,90,6.29,6.38,9,Yes,2,3,1,No,505702.2169250758
CLG0074,91,6.35,6.75,1,Yes,0,1,1,No,523479.533658229
CLG0039,90,7.06,7.03,7,No,4,10,2,No,529424.6805909642
CLG0057,117,6.22,6.58,6,No,5,2,1,No,577145.2066869552
CLG0091,121,5.65,6.08,4,No,8,3,3,No,532656.2768328402
CLG0066,91,9.29,8.88,3,No,7,7,0,No,638327.5873438453
CLG0010,87,7.79,7.39,9,Yes,3,6,5,No,541588.62206063
CLG0072,107,9.31,9.29,10,Yes,5,2,5,No,679548.7377082637
CLG0009,91,9.16,9.25,5,No,2,5,0,No,649327.3101810404
CLG0077,109,6.41,6.34,8,No,0,1,5,No,541245.5238138946
CLG0072,103,7.74,7.57,4,No,8,3,2,No,584745.9981555761
CLG0027,77,5.42,5.56,4,No,7,1,3,No,414545.4200905858
CLG0046,123,9.58,9.08,6,Yes,5,3,5,Yes,711948.4041036901
CLG0063,126,7.02,7.49,6,No,2,2,2,No,627748.4894836842
CLG0042,90,6.97,6.7,3,Yes,10,4,0,No,506425.6957803406
CLG0085,94,6.51,6.93,2,No,4,5,5,No,529129.5837235799
CLG0041,104,7.3,6.91,9,No,8,3,1,No,550705.6139954685
CLG0034,105,6.26,6.0,2,No,6,10,0,No,523631.4563292356
CLG0093,109,6.87,6.6,9,Yes,1,5,0,No,545023.333631448
CLG0030,130,9.0,9.5,8,No,5,7,0,No,719781.6584067589
CLG0044,97,9.17,8.67,10,Yes,8,10,2,Yes,627232.3771340023
CLG0080,88,6.52,6.66,7,Yes,10,9,4,No,519607.40560087416
CLG0001,79,7.35,7.72,5,No,10,8,2,No,533540.6035121435
CLG0045,89,9.37,9.54,3,No,9,6,4,No,664733.0532815092
CLG0047,99,5.26,5.12,2,No,0,9,2,No,456368.30999309797
CLG0093,126,9.45,9.91,8,Yes,4,8,5,Yes,753686.2804258257
CLG0030,92,6.1,6.49,2,No,8,4,5,No,513835.7349111733
CLG0022,103,8.39,8.32,8,Yes,2,2,5,No,619923.3206141784
CLG0015,99,7.91,7.98,5,Yes,2,9,0,No,592659.9829758484
CLG0084,117,7.76,8.23,9,No,9,6,1,No,638863.040257751
CLG0038,137,9.3,9.78,4,Yes,8,10,3,Yes,775077.1270149144
CLG0023,92,5.51,5.46,8,Yes,2,8,4,No,458869.15725460683
CLG0031,92,6.74,7.09,7,Yes,10,8,2,No,518987.7524819951
CLG0057,115,7.69,7.49,8,Yes,8,4,5,No,602726.0167818139
CLG0081,110,9.06,8.93,5,No,9,10,1,No,653783.5071559724
CLG0035,127,6.08,5.74,2,No,2,5,3,No,554993.4494893044
CLG0066,108,9.01,8.72,7,No,7,1,1,No,641210.6661940581
CLG0053,94,7.0,7.16,3,Yes,9,9,5,No,542980.3311527319
CLG0031,108,5.94,5.95,10,No,8,7,4,No,533392.2490265294
CLG0026,116,8.79,8.52,10,No,2,1,4,Yes,652245.1140701368
CLG0031,112,5.45,5.35,10,No,0,10,3,Yes,503254.7207823969
CLG0072,107,7.57,7.44,10,No,8,10,3,No,587177.3499887049
CLG0080,116,5.32,5.81,2,No,6,3,5,No,525751.4381971582
CLG0012,117,6.78,7.13,3,Yes,5,9,5,Yes,590732.0168275628
CLG0053,120,8.01,7.9,4,No,3,1,4,No,648068.8355188139
CLG0056,109,7.78,8.19,10,Yes,4,6,4,No,620569.2467250829
CLG0083,97,7.02,6.86,7,Yes,6,5,0,No,545542.4682354287
CLG0062,102,7.15,7.32,10,Yes,8,4,3,No,584328.4394142929
CLG0044,118,6.13,6.6,1,No,5,1,3,No,567960.5911460123
CLG0058,87,7.28,7.17,6,Yes,3,7,4,No,537771.764406497
CLG0077,105,9.77,9.95,6,No,3,1,2,No,722970.77021192
CLG0065,94,9.25,9.05,8,Yes,9,1,0,No,643060.0751317682
CLG0013,100,5.73,5.5,2,No,2,2,2,No,479455.73171405937
CLG0061,119,5.15,5.22,2,Yes,1,9,4,Yes,485481.49298396136
CLG0068,102,9.67,10.15,1,No,3,1,0,No,712194.0396367713
CLG0051,100,7.63,7.58,3,No,5,8,0,No,566993.3580925365
CLG0062,79,7.69,8.13,7,Yes,0,1,4,No,570423.0730574141
CLG0048,111,8.9,9.31,8,No,1,1,5,Yes,673098.4091164989
CLG0095,109,6.57,6.32,7,Yes,7,9,1,No,546416.8739340142
CLG0063,132,7.41,7.31,9,No,2,8,1,No,618483.8853172245
CLG0072,95,9.84,9.98,8,No,0,1,3,No,696053.5645045312
CLG0091,103,8.36,8.38,8,Yes,1,7,4,No,643845.8397975122
CLG0072,103,5.77,5.37,2,No,2,8,5,No,469851.4468622494
CLG0051,123,5.67,6.16,1,Yes,1,2,4,No,557547.0574139016
CLG0024,98,6.02,6.27,6,No,3,4,5,No,499348.9850407493
CLG0086,104,8.83,8.77,7,No,3,2,2,No,653572.6597852323
CLG0040,109,6.48,6.6,6,No,10,6,4,No,553416.3343075437
CLG0029,102,5.11,4.7,7,No,9,5,1,No,450263.7368668954
CLG0073,93,9.72,9.72,8,No,1,5,5,No,687671.8760726398
CLG0017,102,5.85,6.28,2,No,0,8,4,No,507923.1767993896
CLG0001,116,5.05,5.45,1,No,2,1,2,No,495173.79509537946
CLG0096,84,6.19,6.03,10,No,3,10,3,No,473747.0544750919
CLG0084,101,6.18,6.21,8,No,10,2,5,No,519373.7791045175
CLG0001,89,7.11,7.31,8,No,5,1,0,No,530146.2563157158
CLG0025,117,9.6,9.44,8,No,4,4,5,Yes,700710.3373643489
CLG0041,77,9.4,8.96,10,Yes,1,2,3,No,612656.362805919
CLG0091,91,7.28,7.29,7,Yes,3,10,2,No,563792.1846643606
CLG0023,105,7.05,7.15,2,No,5,7,4,No,575540.6454643443
CLG0018,123,7.78,7.29,4,No,3,5,1,No,616447.1771512568
CLG0095,99,6.22,5.82,9,Yes,10,5,5,No,501648.489476098
CLG0028,91,5.26,4.97,8,No,10,1,4,No,442202.4369054883
CLG0085,128,9.7,9.55,4,No,6,2,5,Yes,738447.1757393163
CLG0012,78,5.93,5.97,8,No,5,5,0,No,464811.603940606
CLG0088,67,5.99,5.78,10,No,5,7,1,No,415405.240236772
CLG0049,106,7.36,7.14,6,Yes,9,1,3,No,571018.6393643157
CLG0097,92,7.46,7.83,9,Yes,1,7,5,No,584454.1245091286
CLG0081,84,5.09,4.74,1,No,10,2,2,No,403885.2506213387
CLG0097,110,5.74,5.74,6,No,6,2,3,No,496442.4126073286
CLG0016,103,6.89,7.34,4,No,8,9,0,No,572664.9799649204
CLG0027,91,8.42,8.55,3,No,5,8,5,Yes,598888.9711428403
CLG0053,80,6.14,6.36,5,Yes,7,10,0,No,468874.08118449507
CLG0092,113,7.12,7.05,10,No,5,4,4,No,578932.420261084
CLG0036,109,7.79,7.31,8,Yes,5,5,4,No,578400.3576673975
CLG0007,98,9.44,9.59,10,No,3,9,5,Yes,687578.980519575
CLG0034,127,6.63,6.76,6,Yes,5,4,4,No,591629.875309672
CLG0065,83,5.67,5.28,1,Yes,9,10,0,No,436431.6860748062
CLG0004,77,7.45,7.41,6,No,3,8,1,No,534448.3003341518
CLG0026,89,8.73,9.15,7,No,9,5,5,No,651491.4031876677
CLG0020,99,5.55,5.26,6,No,5,1,3,No,468527.2690318044
CLG0051,103,7.12,7.08,3,No,0,7,3,No,566480.5173262319
CLG0077,96,5.09,5.05,9,Yes,6,10,2,No,457545.63013250317
CLG0099,105,5.17,5.48,10,No,1,3,2,No,471789.8252997757
CLG0010,81,7.41,7.73,10,No,5,7,1,No,541615.0417734174
CLG0008,121,6.49,6.75,4,No,8,8,4,Yes,583543.0704949592
CLG0018,98,9.23,9.1,5,No,9,4,4,No,650262.6328378569
CLG0017,116,8.01,7.58,5,Yes,2,6,1,No,614900.5277341582
CLG0069,105,7.27,7.12,3,Yes,3,10,3,No,562912.9633371724
CLG0030,106,7.04,7.22,2,No,4,7,4,No,548530.9254580883
CLG0095,108,7.49,7.69,8,Yes,7,8,3,No,599678.9511490117
CLG0039,106,5.2,5.67,7,No,9,3,0,No,499814.4375755156
CLG0061,109,9.46,9.41,5,Yes,5,7,5,No,689292.1143981668
CLG0024,119,9.99,10.12,1,No,7,5,2,Yes,740693.1367888844
CLG0081,102,5.91,5.95,10,Yes,2,7,4,No,499248.6964503586
CLG0098,110,5.6,5.25,1,No,2,6,2,No,493775.4248287907
CLG0035,98,5.72,5.68,8,No,8,5,1,No,488351.09703624254
CLG0079,121,8.31,8.35,4,Yes,5,3,5,Yes,669865.90716681
CLG0061,89,8.31,8.76,4,No,7,10,0,No,620134.6337681417
CLG0075,127,9.24,9.11,9,Yes,3,2,4,Yes,712773.8487354943
CLG0098,99,8.76,9.24,2,No,4,3,4,No,676781.2341292349
CLG0072,78,7.25,7.29,5,No,8,2,3,No,523534.08389958064
CLG0015,101,8.06,7.8,6,No,6,3,2,No,602053.0899293487
CLG0036,89,8.44,8.13,6,Yes,4,2,0,No,577485.0004454363
CLG0055,112,7.56,7.2,10,Yes,6,1,5,No,567321.8130719876
CLG0037,90,7.38,7.33,3,No,10,9,3,No,538270.0641489237
CLG0087,93,8.23,7.75,10,No,8,10,5,No,586475.983449311
CLG0062,71,7.79,7.74,6,Yes,2,5,0,No,535855.935758155
CLG0064,93,8.22,8.71,10,No,2,9,0,No,610925.5528544654
CLG0039,63,8.06,8.23,10,No,3,8,1,No,531342.1998507178
CLG0090,76,8.6,8.86,5,Yes,10,7,1,No,600740.7385332793
CLG0098,111,8.21,7.83,8,No,9,6,3,No,606532.7001134834
CLG0075,111,7.6,7.57,4,No,6,4,3,No,607012.0082653359
CLG0012,106,8.41,8.2,10,No,4,10,5,Yes,608472.6791050038
CLG0072,85,7.25,7.64,10,Yes,4,10,3,No,570291.3991623777
CLG0008,99,6.21,5.89,3,No,3,7,0,No,487560.32931305835
CLG0041,99,5.01,4.97,6,Yes,7,7,4,No,453260.03824392695
CLG0069,82,7.8,7.89,10,Yes,2,1,1,No,563180.4419795594
CLG0074,122,7.95,7.96,9,No,1,9,5,Yes,651839.6464246414
CLG0003,113,9.86,10.19,8,Yes,3,4,5,Yes,715699.5658477498
CLG0043,96,6.81,6.54,10,Yes,7,7,5,No,527660.5435068663
CLG0037,100,6.97,6.85,8,No,3,9,4,No,547417.2935204277
CLG0086,103,6.01,6.3,3,No,7,2,2,No,519042.83878242224
CLG0057,69,5.35,5.38,1,No,4,8,1,No,415666.9515946803
CLG0025,96,8.86,8.76,3,No,8,4,5,No,644014.672678613
CLG0004,89,6.25,5.78,3,No,1,4,2,No,461380.9572868505
CLG0058,84,8.04,8.29,6,No,7,3,2,No,561001.6910722131
CLG0037,95,8.44,8.91,3,Yes,6,10,3,Yes,636829.7057819022
CLG0008,126,7.36,7.48,2,No,1,4,5,No,618967.7981516764
CLG0094,109,9.38,9.74,9,Yes,4,9,0,No,699033.4916108063
CLG0009,91,7.22,7.24,6,No,5,1,4,No,542063.5482765338
CLG0079,108,6.42,6.15,5,No,8,9,5,No,529073.7032287463
CLG0001,120,9.48,8.99,3,Yes,10,10,2,Yes,693010.9343296699
CLG0013,113,9.31,9.46,7,No,7,9,5,Yes,704189.7209027081
CLG0068,100,5.82,5.81,7,No,6,1,3,No,500901.7469934075
CLG0016,90,5.13,5.41,4,No,10,9,0,No,460539.50061138696
CLG0044,110,5.45,5.64,10,No,0,6,1,No,495850.48532573227
CLG0065,105,6.43,6.92,2,No,9,8,2,No,543414.9891440587
CLG0014,113,9.86,9.87,2,No,2,8,5,Yes,734344.5735948726
CLG0091,109,7.79,7.72,8,No,0,8,3,No,602621.0364525579
CLG0026,115,6.87,6.66,4,No,9,8,5,Yes,562647.0064401675
CLG0032,91,9.44,9.42,7,No,5,1,5,No,668507.6426850565
CLG0002,119,7.27,7.64,3,Yes,2,1,5,No,628705.0192966344
CLG0016,102,6.58,6.12,9,No,1,7,5,No,505878.16663805966
CLG0092,131,9.71,10.19,10,Yes,9,9,3,Yes,764677.5027851894
CLG0049,89,9.25,9.74,9,Yes,1,10,3,Yes,666415.3315834977
CLG0090,126,9.22,9.32,7,No,7,8,1,Yes,721907.6611650727
CLG0075,102,7.56,7.39,7,No,0,5,0,No,560350.6023646396
CLG0023,90,8.95,8.67,1,No,8,8,4,Yes,593127.1375092724
CLG0094,92,5.9,5.68,10,Yes,6,9,4,No,465409.5477472035
CLG0060,95,7.87,7.42,8,No,0,7,2,No,558531.3992950665
CLG0095,106,9.92,9.9,2,No,4,10,0,No,695412.7172156475
CLG0066,107,6.45,6.01,8,No,4,3,2,No,520943.6700855648
CLG0020,91,8.97,9.19,2,No,1,9,4,Yes,639817.8565547452
CLG0093,99,7.45,7.32,1,No,0,5,1,No,555619.3188815786
CLG0074,132,5.2,4.9,8,No,6,8,5,Yes,517278.9989362352
CLG0018,125,8.82,8.86,4,No,8,1,0,No,678136.1405219366
CLG0059,106,5.84,6.31,10,Yes,7,1,0,No,529942.7622138424
CLG0031,100,8.16,8.36,6,Yes,6,3,2,No,607553.3829553715
CLG0004,101,5.43,5.42,10,No,3,2,2,No,479984.53995657916
CLG0027,109,9.73,10.01,10,Yes,9,5,1,No,707157.5633600326
CLG0018,84,6.46,6.7,1,Yes,6,9,0,No,496587.58299489756
CLG0063,96,6.13,6.52,9,Yes,7,9,4,No,504021.1821740808
CLG0095,74,5.65,5.35,7,Yes,8,8,4,No,409639.92210526497
CLG0071,105,9.73,10.09,5,Yes,8,5,3,No,709928.2974388076
CLG0019,109,8.56,8.36,6,Yes,4,3,4,No,634588.3545434457
CLG0039,92,8.71,9.15,3,Yes,4,6,5,No,659170.7259516966
CLG0066,123,7.5,7.28,9,No,5,8,5,Yes,625368.614013468
CLG0078,81,7.37,7.8,2,Yes,7,6,3,No,541389.4966757138
CLG0100,78,5.55,6.01,10,No,2,7,3,No,470063.30669991387
CLG0046,103,7.8,7.45,1,No,2,7,2,No,568131.3707686049
CLG0092,115,6.23,6.7,1,No,10,7,4,No,555397.616645572
CLG0038,125,9.89,9.48,10,Yes,4,9,3,Yes,720632.1928949837
CLG0067,93,8.98,8.7,2,Yes,10,9,4,Yes,608083.8572286968
CLG0029,116,7.06,7.0,6,Yes,0,1,4,No,610095.8674717285
CLG0091,99,5.76,6.25,6,No,4,3,4,No,508831.42932665587
CLG0057,97,8.93,8.92,9,No,8,5,1,No,644992.6404751877
CLG0048,113,5.61,5.66,10,Yes,4,4,3,No,529315.4776474735
CLG0052,109,5.95,6.14,4,No,6,1,5,No,511273.4910178205
CLG0048,76,6.06,6.53,8,Yes,9,1,4,No,477907.5248670021
CLG0061,122,7.78,8.06,4,Yes,8,4,2,Yes,650826.1604999198
CLG0067,120,8.94,8.66,3,No,7,5,1,No,673665.0679670082
CLG0048,90,6.57,6.37,4,No,4,4,3,No,506396.5978247964
CLG0094,105,5.42,5.02,1,No,1,2,0,No,463172.0198758894
CLG0082,107,7.32,7.46,9,Yes,4,5,3,No,586237.5108339617
CLG0008,103,8.74,8.42,5,No,9,10,1,No,613158.6728865225
CLG0074,91,6.11,5.87,7,No,7,3,2,No,469776.20828689093
CLG0086,89,6.1,6.49,3,Yes,10,7,1,No,507371.7011828758
CLG0088,99,9.74,9.57,5,No,0,4,4,No,666154.324604067
CLG0067,117,9.77,9.84,10,No,9,2,5,Yes,720760.0724436278
CLG0014,108,9.95,9.85,4,Yes,3,8,5,Yes,704457.1952482635
CLG0047,94,9.04,8.61,7,No,0,10,1,No,606072.225455051
CLG0024,111,5.94,5.8,5,No,4,2,0,No,505290.5329195074
CLG0091,57,6.06,5.97,2,No,1,7,0,No,410980.3615241652
CLG0062,117,6.7,7.1,3,Yes,1,8,4,Yes,580067.5269865168
CLG0058,73,6.59,6.41,8,No,6,10,4,No,476823.8213449771
CLG0034,94,9.78,9.66,3,No,3,3,0,No,671196.0265652268
CLG0031,83,8.95,9.23,7,Yes,1,6,5,No,652556.5036402228
CLG0048,80,8.62,8.88,5,No,10,4,2,No,602722.2571374574
CLG0091,117,5.93,6.23,7,No,2,2,5,No,537192.0520271233
CLG0045,92,9.55,10.0,10,No,2,8,5,Yes,698610.9546107039
CLG0029,105,9.14,9.44,9,No,1,2,1,No,685607.6396738427
CLG0029,99,5.82,5.73,7,Yes,6,9,0,No,486570.4381919543
CLG0063,107,9.36,9.68,6,Yes,0,9,4,Yes,705177.613395194
CLG0048,101,6.36,6.37,1,No,8,8,4,No,511849.4711203922
CLG0012,80,5.4,5.18,4,No,4,10,2,No,419229.72899718274
CLG0078,114,8.28,8.08,8,Yes,3,3,3,Yes,608817.1615369187
CLG0027,92,8.27,7.99,1,No,2,8,4,No,579900.1586795013
CLG0047,76,5.47,5.11,6,No,2,5,2,No,416046.8904876651
CLG0066,93,6.59,6.27,2,Yes,2,10,0,No,514374.8059304569
CLG0037,122,9.96,9.52,9,Yes,0,5,3,Yes,726093.804713358
CLG0045,112,8.39,8.78,8,No,1,2,0,No,679432.5341501755
CLG0057,94,8.65,9.08,9,No,10,3,2,No,642034.7576707947
CLG0018,94,6.06,6.15,9,No,6,8,0,No,495225.71611092036
CLG0013,95,5.39,5.73,2,Yes,2,1,1,No,484675.2605168179
CLG0073,131,6.38,6.06,2,No,5,4,2,No,566112.2715083532
CLG0029,105,6.24,6.64,9,Yes,3,6,3,No,555526.4684585902
CLG0056,106,6.17,6.18,2,No,9,9,4,No,541937.2191137001
CLG0074,115,5.96,5.53,4,No,4,8,0,No,505318.6062458178
CLG0020,103,7.87,7.51,2,Yes,7,10,2,No,572625.520289018
CLG0029,96,6.64,6.45,1,No,1,5,0,No,516731.0355784391
CLG0006,97,9.1,8.64,10,Yes,9,7,5,No,641201.5996752537
CLG0026,98,5.92,5.73,7,No,4,8,2,No,477714.99895111227
CLG0061,99,7.32,6.88,5,No,1,9,5,No,541810.0704779113
CLG0086,110,5.07,4.81,3,No,8,3,2,No,442297.2950936049
CLG0043,100,7.41,7.18,8,No,1,8,5,No,570896.5663510677
CLG0047,110,5.28,5.77,5,Yes,0,3,3,No,498364.8625587016
CLG0026,98,9.89,9.63,1,No,3,1,0,No,685220.7292279982
CLG0081,101,8.95,8.69,9,No,6,4,0,No,649237.9196443004
CLG0001,70,7.45,7.64,5,Yes,1,7,2,No,517078.9819425759
CLG0095,113,5.43,5.79,3,No,10,9,1,No,497140.58424349315
CLG0073,105,7.96,7.85,6,No,9,10,4,No,590301.8240793583
CLG0026,114,8.79,9.17,8,No,8,7,4,Yes,708626.200337124
CLG0064,56,5.95,5.79,2,No,0,10,1,No,399971.4562661901
CLG0062,131,7.84,7.54,3,No,0,5,3,No,648778.3733585789
CLG0006,97,9.07,8.9,7,No,7,1,5,No,645174.2138838317
CLG0062,116,8.84,8.95,2,No,4,1,1,No,684934.9158940938
CLG0066,84,9.01,8.88,5,No,8,9,5,Yes,610765.8618739294
CLG0042,109,9.4,9.57,9,Yes,7,4,1,No,691982.9794708869
CLG0027,84,9.69,9.43,7,Yes,5,3,3,No,649429.1083744322
CLG0065,90,7.03,7.23,3,No,3,5,2,No,534724.9954821877
CLG0030,128,7.84,7.69,2,No,5,7,5,No,654481.726790713
CLG0082,97,8.95,8.91,10,No,1,7,0,No,626165.1222670827
CLG0098,103,8.49,8.55,9,No,4,5,5,No,626222.6567314996
CLG0085,113,9.98,10.17,9,Yes,9,8,5,Yes,722900.0764668584
CLG0065,107,5.07,4.81,9,No,2,5,4,No,455256.7425162096
CLG0047,102,6.78,7.12,10,No,2,10,5,No,558694.3429123322
CLG0032,105,6.41,6.63,3,Yes,0,4,4,No,532378.1931832047
CLG0034,136,6.31,6.04,1,Yes,10,6,4,No,567244.6495133466
CLG0047,99,6.11,6.58,9,Yes,7,3,1,No,529520.1932228027
CLG0014,103,8.55,8.71,7,No,9,4,2,No,636287.8354680194
CLG0005,115,5.42,5.37,2,No,2,8,2,Yes,484773.0763427618
CLG0036,116,8.71,8.37,6,No,0,10,5,Yes,655197.2455882954
CLG0096,117,8.47,8.5,9,No,3,10,1,Yes,664596.6537665408
CLG0009,109,6.25,5.91,8,Yes,0,3,3,No,528222.1196076454
CLG0035,82,6.26,6.19,6,No,0,10,3,No,469552.98134867207
CLG0025,124,8.14,8.05,6,Yes,0,3,2,Yes,649409.7301340972
CLG0075,82,8.81,9.03,8,No,1,6,1,No,609410.0870950156
CLG0046,104,9.38,9.07,9,Yes,0,8,5,Yes,650542.188534709
CLG0013,88,9.26,9.58,8,No,5,10,4,Yes,670598.3628990443
CLG0061,99,9.82,9.65,1,Yes,6,2,0,No,680320.5319324863
CLG0030,104,7.91,7.85,2,Yes,0,1,2,No,589143.0476064623
CLG0098,104,9.54,9.81,6,No,9,10,4,Yes,713781.6148442568
CLG0032,106,9.04,9.17,8,Yes,0,1,2,No,685232.9186883905
CLG0030,124,9.47,9.28,4,No,10,7,0,No,714879.1174570645
CLG0082,106,5.06,4.95,4,Yes,9,2,5,No,460385.269367577
CLG0056,96,9.83,9.64,2,No,8,9,3,Yes,665958.2961991224
CLG0067,114,7.37,7.46,10,No,8,10,2,Yes,603699.8094295486
CLG0071,117,8.99,8.82,1,No,0,4,5,Yes,673395.919816539
CLG0055,81,5.64,5.87,10,No,10,7,1,No,465210.9712013083
CLG0098,108,6.98,7.06,9,No,7,5,3,No,564410.045185544
CLG0008,110,6.36,6.01,7,No,2,5,3,No,521452.4352364825
CLG0043,95,6.46,6.27,9,Yes,6,7,4,No,503362.80557186884
CLG0048,120,5.62,5.34,2,Yes,0,9,1,No,510436.6253953522
CLG0058,97,9.03,8.92,10,No,6,4,5,No,661084.7040146497
CLG0032,101,5.05,5.07,5,Yes,10,9,2,No,469541.76442823524
CLG0078,97,6.56,6.57,2,Yes,0,9,2,No,523448.43279608217
CLG0069,100,5.87,6.12,10,No,2,8,1,No,505950.3311482203
CLG0007,83,7.95,7.64,7,No,6,1,3,No,541379.3560159385
CLG0074,78,6.27,6.72,9,Yes,0,10,2,No,489815.8584486438
CLG0020,123,6.29,6.13,3,No,8,9,2,Yes,546007.7384849142
CLG0062,87,7.44,7.24,1,Yes,4,3,2,No,545904.5917477278
CLG0021,85,8.26,8.45,4,No,1,8,0,No,586540.8184950339
CLG0092,67,5.61,5.92,4,No,3,5,1,No,463138.66498351906
CLG0029,90,5.88,5.76,6,Yes,7,6,0,No,489093.17141966964
CLG0070,80,6.24,6.49,5,No,3,3,0,No,477298.464530071
CLG0038,124,9.87,10.25,5,No,9,7,4,Yes,747192.5088883634
CLG0042,115,6.99,7.26,9,No,4,2,2,No,594639.714589384
CLG0003,89,7.99,7.52,1,No,1,3,0,No,544066.8394469253
CLG0037,133,6.21,6.54,8,Yes,4,2,1,No,585726.4210435925
CLG0017,114,7.45,7.72,8,No,6,9,4,Yes,617712.3399199026
CLG0033,95,5.37,5.54,8,No,8,3,4,No,480194.5953096391
CLG0010,62,5.17,5.43,3,Yes,7,8,5,No,383087.034137113
CLG0037,134,7.34,7.82,10,No,9,6,3,No,653809.0091986222
CLG0033,79,6.99,6.92,8,No,10,1,3,No,500187.43111624866
CLG0028,75,5.68,5.25,2,Yes,5,6,4,No,422342.78986915125
CLG0087,115,8.44,8.4,8,Yes,8,8,1,Yes,652538.0273319585
CLG0042,136,9.96,9.51,8,No,6,10,0,Yes,760270.7661625522
CLG0058,120,6.98,6.77,3,No,2,3,3,No,585088.7946239092
CLG0048,108,8.12,8.21,4,Yes,10,7,0,No,640490.0239595162
CLG0051,108,9.81,9.62,9,No,0,6,1,No,685501.4071850028
CLG0010,112,9.16,9.35,9,No,4,1,0,No,686362.7543146074
CLG0008,111,7.32,7.64,10,Yes,8,2,4,No,602647.7944913049
CLG0016,104,8.69,8.61,9,No,7,5,3,No,630502.3129094817
CLG0096,101,5.64,6.04,10,Yes,5,7,1,No,509477.94182068895
CLG0062,99,7.56,7.14,6,No,7,4,4,No,553712.6744959387
CLG0049,88,6.4,6.74,1,No,7,6,1,No,495183.82901382603
CLG0089,95,5.81,6.14,8,Yes,2,2,5,No,498945.6753196317
CLG0015,74,7.13,6.95,9,No,5,5,3,No,482144.59306708514
CLG0016,98,5.66,5.46,8,Yes,6,10,0,No,460861.3397634861
CLG0081,85,8.49,8.3,1,No,1,3,1,No,590193.0651105675
CLG0027,83,7.28,7.59,6,No,10,1,3,No,547032.3557904504
CLG0047,102,7.66,7.99,9,Yes,6,6,5,No,586615.7749335773
CLG0026,120,5.73,5.56,9,Yes,9,9,5,Yes,516477.4083909401
CLG0072,113,5.7,5.79,7,Yes,5,10,4,Yes,511594.5355094355
CLG0041,76,7.92,7.56,7,Yes,1,8,3,No,526808.1819753231
CLG0011,85,9.93,9.9,4,No,1,4,0,No,673461.2198454197
CLG0091,114,5.48,5.98,7,No,5,8,3,Yes,521976.4698833043
CLG0009,85,6.43,6.09,10,No,2,5,4,No,471124.36161889415
CLG0054,96,9.35,9.8,5,No,5,3,4,No,680146.9691912594
CLG0011,108,5.36,5.68,10,Yes,8,4,1,No,490871.34168898844
CLG0007,85,9.38,9.85,5,Yes,9,7,4,No,673623.3485579428
CLG0028,101,7.62,7.3,1,Yes,0,5,2,No,561223.1899415887
CLG0094,79,7.04,6.75,2,Yes,2,4,4,No,498984.691752578
CLG0062,90,6.55,6.07,9,No,1,3,0,No,494862.4814504232
CLG0055,104,6.49,6.71,2,Yes,10,3,4,No,528111.2878316018
CLG0036,76,6.53,6.67,10,No,2,10,1,No,459506.9175204317
CLG0073,106,9.42,9.1,2,Yes,1,6,4,No,670756.2010077703
CLG0099,99,8.62,8.91,9,No,2,8,3,Yes,646173.3310392938
CLG0063,108,8.35,8.15,3,Yes,3,4,5,No,631380.3114141128
CLG0051,103,8.99,8.62,2,No,6,1,5,No,639436.7065691011
CLG0077,120,6.29,6.21,7,Yes,1,4,3,No,547082.7907179589
CLG0048,101,8.09,7.68,9,Yes,1,5,3,No,579765.7213268537
CLG0068,93,7.3,7.06,6,Yes,1,8,2,No,527992.467066674
CLG0010,101,8.91,8.78,7,Yes,5,7,1,No,636642.3277449975
CLG0026,108,6.55,6.9,3,Yes,7,2,3,No,556631.5552790953
CLG0067,100,8.22,8.51,3,Yes,3,9,3,Yes,633201.8478509737
CLG0053,100,9.41,9.35,8,No,9,3,5,No,651267.7304500306
CLG0043,89,7.01,7.23,7,Yes,2,9,3,No,547119.5377699148
CLG0017,90,5.33,5.4,5,No,8,1,5,No,467319.9242663881
CLG0027,78,7.58,7.42,6,No,0,9,5,No,517188.3227810438
CLG0022,126,6.73,6.96,9,No,9,7,1,No,593538.123629785
CLG0036,81,8.36,8.54,3,No,1,2,5,No,594704.2943695842
CLG0072,89,9.76,9.88,3,No,6,10,3,Yes,672649.5251018023
CLG0033,89,7.43,7.55,6,Yes,2,7,2,No,542206.1533314569
CLG0090,113,7.33,7.51,8,Yes,8,1,3,No,608200.4377108348
CLG0095,95,8.27,8.15,5,No,0,3,0,No,599459.8518808497
CLG0053,118,5.52,5.89,1,Yes,8,7,2,No,534055.3684590915
CLG0011,89,6.27,5.93,3,No,5,3,0,No,469318.88817676896
CLG0093,104,9.59,9.97,8,No,0,2,3,No,708515.7772197644
CLG0029,87,8.35,8.19,4,No,8,5,3,No,557788.0591560175
CLG0038,132,5.07,4.7,9,Yes,8,3,1,No,488878.11804006
CLG0058,82,6.02,6.12,6,Yes,9,9,5,No,461105.6570989999
CLG0015,104,8.41,8.29,10,Yes,10,7,0,No,611134.2969332638
CLG0054,109,8.82,9.14,4,No,4,1,0,No,676970.4589929042
CLG0062,106,9.2,9.13,4,No,6,1,4,No,672766.790200504
CLG0057,97,6.46,6.63,10,No,2,6,4,No,513473.34350398777
CLG0079,98,9.66,9.47,5,Yes,7,4,4,No,663159.4727643203
CLG0071,100,7.76,7.47,7,Yes,2,1,4,No,573315.993215352
CLG0058,97,8.48,8.37,7,No,9,9,0,No,627966.1751156842
CLG0049,114,7.98,8.09,10,Yes,6,2,1,No,632034.4473188365
CLG0053,133,5.61,5.77,7,Yes,3,1,4,No,562495.9435881798
CLG0029,91,9.82,9.9,5,Yes,4,3,0,No,664977.621252161
CLG0033,79,5.61,6.1,9,Yes,6,10,1,No,478298.6558061604
CLG0046,98,6.27,6.46,2,No,1,1,1,No,530976.4828470183
CLG0054,138,9.07,9.5,8,Yes,3,4,4,Yes,757905.6778773007
CLG0080,87,8.09,7.71,10,No,6,4,0,No,562846.6976968538
CLG0098,124,9.19,8.75,8,Yes,2,6,2,Yes,679825.3725962992
CLG0085,125,7.58,7.39,3,No,3,3,0,No,624647.9455155783
CLG0007,91,6.88,6.52,5,No,9,9,1,No,516913.3855997238
CLG0029,108,9.61,9.64,8,Yes,7,6,3,No,701532.5420469689
CLG0009,124,5.18,5.2,10,Yes,2,7,4,No,508158.1403203597
CLG0049,94,9.28,9.36,9,Yes,8,6,1,No,652333.589495744
CLG0071,96,6.15,6.4,7,No,4,9,2,No,519680.34261564957
CLG0078,91,9.24,9.71,4,No,1,2,2,No,658485.6491387961
CLG0094,84,5.7,6.08,4,No,7,8,2,No,477980.7647469149
CLG0088,90,7.9,7.52,3,Yes,9,5,2,No,553461.8663821891
CLG0051,81,9.44,9.28,8,No,7,2,5,No,628122.2266096416
CLG0098,100,7.37,7.13,6,Yes,0,7,0,No,550071.8137911869
CLG0008,88,8.73,8.41,10,Yes,8,5,1,No,582310.7456075466
CLG0055,103,9.02,9.06,6,No,1,8,2,Yes,661746.4215761239
CLG0065,76,8.68,8.73,10,No,3,10,1,No,582101.3894122568
CLG0098,104,9.63,9.36,10,Yes,5,6,1,No,678737.8208003612
CLG0084,112,7.23,7.44,9,Yes,8,7,3,No,598467.7207795575
CLG0095,70,5.87,6.1,3,No,0,1,0,No,449765.8425346983
CLG0079,105,5.24,4.76,4,No,8,2,3,No,441971.799335389
CLG0015,118,6.23,6.13,3,No,7,9,4,Yes,559134.7657299676
CLG0051,81,5.72,6.11,3,Yes,6,7,4,No,464974.7261296429
CLG0034,125,7.79,7.81,1,No,1,7,5,No,637661.7785158454
CLG0069,106,5.92,5.77,10,Yes,6,4,4,No,499187.33941375144
CLG0086,89,5.19,4.94,6,No,1,4,3,No,441107.7043354535
CLG0012,99,5.18,4.92,9,Yes,8,3,1,No,445315.7599362884
CLG0045,108,9.16,8.76,5,Yes,3,10,5,Yes,663836.0887075333
CLG0031,101,7.96,8.28,10,No,1,4,4,No,603460.8043447919
CLG0054,108,6.79,6.38,2,No,4,10,5,No,532532.295262366
CLG0093,86,9.47,9.26,10,Yes,8,6,4,No,615922.9728164574
CLG0022,102,5.35,4.9,4,No,3,3,3,No,439581.544359795
CLG0072,78,9.9,10.18,6,No,4,10,1,No,669146.1782090521
CLG0064,98,8.08,7.62,7,Yes,7,8,4,No,583928.3121335446
CLG0060,86,5.92,5.73,7,No,2,1,0,No,464896.00160150026
CLG0028,88,8.4,8.47,4,No,5,6,4,No,581277.9714910149
CLG0021,118,8.82,8.73,10,Yes,0,2,3,Yes,661430.7191725175
CLG0075,116,7.15,6.93,10,No,2,1,3,No,564357.853936553
CLG0075,109,9.31,9.09,5,No,7,4,0,No,684924.80480836
CLG0087,83,5.75,6.05,4,No,9,6,1,No,485434.7213585733
CLG0077,95,6.39,6.86,10,No,9,7,0,No,553875.918495481
CLG0043,118,5.47,5.32,6,No,5,1,5,No,491879.3255163643
CLG0027,102,6.05,5.59,7,Yes,9,3,4,No,484964.9170485378
CLG0023,134,6.19,5.73,2,No,3,6,3,No,564690.8885618842
CLG0097,105,9.59,9.85,10,No,7,6,1,No,714088.0258216301
CLG0090,102,5.39,5.44,3,Yes,2,10,4,No,487006.1399131625
CLG0036,95,7.14,7.42,8,No,1,6,0,No,559870.9416969848
CLG0097,102,7.66,7.86,7,Yes,9,7,5,No,610696.3678524494
CLG0038,97,9.49,9.9,1,No,7,7,4,No,680490.1312946227
CLG0016,110,9.99,10.38,4,No,3,10,0,No,727128.3102848459
CLG0074,114,8.77,9.06,5,No,8,8,2,Yes,680897.700768949
CLG0043,88,9.85,9.83,3,Yes,10,2,2,No,679780.7128842835
CLG0041,80,8.94,8.75,4,No,2,10,3,Yes,586296.3994477406
CLG0044,72,9.82,9.83,10,No,8,1,1,No,638154.4430234852
CLG0052,107,8.54,8.54,10,No,9,10,3,Yes,639300.6232688742
CLG0017,83,5.4,5.51,10,Yes,5,7,4,No,439000.1362244367
CLG0052,67,7.01,6.7,7,No,4,1,5,No,468779.9584148664
CLG0043,105,8.23,8.39,8,Yes,1,2,2,No,630778.3860112028
CLG0023,137,6.75,6.71,9,No,10,1,3,No,614995.3833387472
CLG0001,99,6.37,6.49,2,No,5,1,0,No,503214.9692896864
CLG0093,112,7.89,7.63,4,No,3,3,1,No,600368.6890725651
CLG0025,101,9.67,9.6,1,No,4,4,2,No,680038.0345813684
CLG0006,98,5.17,4.88,3,No,10,5,1,No,443033.64635278104
CLG0074,113,8.85,9.23,8,No,5,5,1,No,678946.3966007909
CLG0054,95,8.61,8.6,7,No,6,2,2,No,633098.3802125009
CLG0078,104,9.82,9.54,8,Yes,3,3,0,No,682091.0582244217
CLG0023,104,9.65,9.19,6,No,10,8,5,Yes,655679.3028909542
CLG0019,89,8.81,8.99,5,Yes,7,2,0,No,635181.7277363155
CLG0056,114,7.6,7.31,10,No,4,4,0,No,576002.2874861234
CLG0053,97,6.02,6.51,9,Yes,6,7,1,No,508731.5227622243
CLG0031,88,7.73,7.76,5,Yes,5,9,0,No,562842.7170687377
CLG0038,108,8.83,8.62,9,No,10,3,4,No,650301.5600697943
CLG0019,86,9.48,9.64,4,No,10,3,5,No,653331.3985009276
CLG0001,100,8.95,8.73,5,Yes,4,7,4,No,632333.7578127449
CLG0077,99,5.98,6.3,1,Yes,6,8,0,No,503764.6108920359
CLG0050,116,8.0,7.81,6,Yes,10,4,0,No,619208.923095756
CLG0098,107,6.66,7.15,3,No,3,1,2,No,576508.065937098
CLG0058,99,5.05,5.16,10,Yes,6,5,2,No,482844.02837879356
CLG0081,112,6.0,6.34,2,No,2,4,3,No,535610.5460226313
CLG0032,120,5.57,5.14,6,Yes,7,8,1,No,496514.2701481793
CLG0049,108,9.21,9.06,1,No,9,7,1,No,664576.9488396997
CLG0098,100,6.29,6.53,9,No,3,2,2,No,529708.6273231099
CLG0097,80,6.42,6.58,5,Yes,3,6,4,No,490772.48222549545
CLG0092,84,9.8,9.49,7,Yes,0,4,3,No,648311.6303839386
CLG0044,95,6.9,6.76,10,No,7,7,2,No,526819.0863811935
CLG0029,90,5.05,4.81,9,No,4,9,5,No,408849.8338086888
CLG0088,97,6.42,6.53,9,No,8,7,5,No,513201.86342067365
CLG0048,100,5.6,5.44,7,No,2,2,3,No,470094.11505618173
CLG0080,107,5.51,5.32,4,Yes,4,8,1,No,487787.53393212677
CLG0077,98,5.39,5.1,4,Yes,3,6,5,No,457942.90838323435
CLG0026,107,7.97,7.88,7,Yes,10,9,1,No,609016.497011879
CLG0007,100,5.95,5.65,8,Yes,6,7,5,No,490627.50834619487
CLG0044,70,6.81,7.27,7,No,9,5,1,No,515332.8008007346
CLG0014,85,9.31,8.96,10,No,4,8,4,Yes,615646.3962223383
CLG0052,97,7.12,7.53,4,No,1,7,2,No,556552.4115506416
CLG0032,81,9.58,9.51,4,Yes,5,1,5,No,633808.404186443
CLG0075,108,7.49,7.37,8,Yes,3,5,5,No,578483.2989223312
CLG0032,122,6.99,6.72,9,Yes,5,7,5,No,580794.5723321328
CLG0075,118,8.75,8.89,7,No,0,10,3,Yes,695590.2081428649
CLG0084,96,5.37,5.56,3,No,10,7,2,No,468896.0357561413
CLG0057,122,5.45,5.42,10,Yes,0,3,1,No,524112.26704230724
CLG0052,102,8.26,7.82,1,No,3,5,1,No,578288.3373206895
CLG0034,94,7.43,7.85,5,No,6,8,2,No,578346.7538498625
CLG0061,90,8.95,9.43,6,No,10,9,0,No,657502.3265305407
CLG0062,95,9.58,9.51,9,Yes,6,9,0,No,672369.3528391332
CLG0086,94,6.94,7.05,5,No,0,10,2,No,544792.8338588282
CLG0087,102,7.98,7.93,1,Yes,4,5,1,No,600180.3635018279
CLG0093,102,7.5,7.32,4,No,5,2,5,No,577913.402573391
CLG0076,100,9.91,9.49,2,Yes,4,8,3,Yes,670669.3335319821
CLG0031,106,9.16,9.12,4,No,6,7,0,No,665382.4742998387
CLG0029,117,9.56,9.88,7,No,5,4,5,Yes,723526.0779229578
CLG0031,114,6.27,5.79,9,No,4,5,5,No,505021.3517693052
CLG0012,77,8.86,8.94,3,Yes,4,10,5,Yes,598428.4228856706
CLG0035,61,6.33,6.71,3,No,8,10,2,No,447680.70413243445
CLG0057,114,6.04,5.76,4,No,2,2,4,No,515058.40725175996
CLG0041,79,9.72,9.4,7,Yes,8,9,2,Yes,656363.563970403
CLG0027,96,5.1,5.37,6,No,10,6,1,No,462499.3513085798
CLG0015,82,9.83,9.59,5,Yes,1,9,2,Yes,657418.7965479378
CLG0094,72,5.75,5.44,4,No,9,8,0,No,400066.705781593
CLG0071,108,9.1,8.98,8,Yes,6,1,0,No,660288.6684631985
CLG0036,111,6.38,6.27,4,No,5,9,5,Yes,541729.7617051204
CLG0024,91,6.75,7.12,3,Yes,7,9,2,No,539962.1328841449
CLG0082,61,6.08,6.2,7,Yes,8,4,5,No,431913.63863649266
CLG0024,91,7.93,7.84,2,No,5,1,3,No,572874.4322875963
CLG0096,105,6.74,6.77,4,No,1,4,2,No,526869.0871148824
CLG0076,77,8.29,8.74,8,No,9,6,3,No,604435.3596863301
CLG0028,102,5.08,4.69,4,Yes,3,4,0,No,442619.85970231623
CLG0075,99,5.32,5.03,10,No,2,9,4,No,455909.51396429486
CLG0003,108,5.5,5.96,7,Yes,2,4,3,No,510556.83083518984
CLG0003,101,7.09,7.55,2,Yes,4,10,2,No,580654.3261958578
CLG0029,85,9.07,8.75,5,No,9,8,1,No,601423.3554461575
CLG0032,117,9.44,9.09,4,No,0,2,1,No,687209.1141193063
CLG0054,97,6.22,6.14,9,Yes,8,7,2,No,510855.6613500372
CLG0038,99,7.87,7.42,7,Yes,3,8,0,No,581593.8869744418
CLG0095,86,8.84,8.99,9,Yes,6,6,0,No,633865.4511893126
CLG0056,93,6.44,6.02,10,No,6,10,0,No,483056.1425157521
CLG0065,86,7.05,6.61,7,No,6,6,2,No,490280.860591828
CLG0021,97,7.62,7.61,2,No,10,8,1,No,584659.9715509863
CLG0041,125,5.67,6.13,2,No,4,3,4,No,557815.50555958
CLG0020,79,5.13,5.06,2,No,3,2,1,No,405035.1966118869
CLG0060,75,5.76,5.62,5,No,3,9,0,No,433944.0991670264
CLG0075,122,8.13,8.63,1,No,4,8,2,Yes,675705.9655938464
CLG0059,96,5.37,5.4,7,No,5,10,2,No,457784.077680506
CLG0074,89,5.95,5.83,2,Yes,9,5,4,No,465382.4696050988
CLG0055,115,6.69,6.58,4,Yes,6,5,1,No,547523.4980056039
CLG0003,90,5.39,5.08,9,No,4,6,0,No,465255.5479159682
CLG0014,127,5.96,5.97,8,Yes,8,6,4,No,551525.435906189
CLG0045,110,9.56,9.5,10,Yes,8,2,0,No,692573.9680800799
CLG0095,92,5.1,4.87,2,Yes,0,7,1,No,448054.68090712826
CLG0099,132,8.27,7.93,4,No,4,3,4,No,671241.6904902773
CLG0060,90,6.92,6.73,4,No,1,8,0,No,523331.24890786695
CLG0049,111,8.36,8.37,2,Yes,3,9,3,Yes,621341.4092190994
CLG0009,104,7.94,7.5,2,No,10,3,2,No,598010.0153518523
CLG0054,119,6.12,5.77,5,No,6,6,1,No,530902.5844370726
CLG0070,123,9.24,9.69,4,No,9,8,2,Yes,725862.8550860347
CLG0093,100,7.46,7.5,8,No,5,6,0,No,574399.5428253629
CLG0052,88,9.11,8.67,4,Yes,6,10,4,Yes,613637.5544562648
CLG0063,106,7.03,7.22,8,Yes,2,3,0,No,586061.2426935192
CLG0052,89,9.92,9.48,5,No,4,4,5,No,656474.5837517794
CLG0022,130,8.85,9.09,1,No,5,9,3,Yes,717779.9725229027
CLG0055,102,9.83,10.08,9,No,10,1,3,No,714460.0089967183
CLG0003,94,7.57,7.72,8,No,5,4,1,No,567171.3784672063
CLG0002,102,7.37,7.6,1,Yes,5,10,2,No,581227.4395912039
CLG0059,79,8.78,8.37,3,No,8,1,5,No,578469.4280489332
CLG0028,85,9.4,9.63,3,Yes,5,8,0,No,651257.758685704
CLG0037,118,9.82,9.46,5,Yes,1,7,5,Yes,698127.4561302552
CLG0069,90,6.62,6.46,7,No,8,7,3,No,501734.0514376172
CLG0009,84,8.99,9.43,1,No,3,2,4,No,641296.9610333446
CLG0062,108,6.05,6.05,1,No,6,10,0,No,498170.5428859001
CLG0032,117,7.73,8.2,10,No,5,6,1,No,648409.8802506273
CLG0081,110,5.9,5.49,6,No,8,8,4,No,500114.852033248
CLG0075,114,6.74,6.72,5,Yes,9,8,2,Yes,563094.355285488
CLG0035,88,9.66,9.22,3,Yes,2,5,1,No,647622.3793069351
CLG0047,78,5.73,5.86,3,No,7,8,2,No,430543.192002858
CLG0018,122,8.16,7.74,4,No,4,2,2,No,617029.2987658932
CLG0036,95,7.96,7.64,10,Yes,5,4,3,No,581270.3437414323
CLG0019,96,5.6,5.36,2,No,2,10,5,No,469138.01081424544
CLG0025,119,6.63,6.88,9,No,2,2,2,No,587747.3693997076
CLG0046,108,7.81,7.47,4,No,6,5,4,No,590438.1923172622
CLG0060,106,5.94,6.29,10,No,5,3,4,No,538471.6822097332
CLG0095,132,9.0,8.63,3,No,1,6,4,Yes,722426.0056476322
CLG0023,90,9.86,9.4,10,No,9,7,5,No,654922.9290020426
CLG0078,113,6.07,5.97,7,No,7,6,0,No,523569.0846380217
CLG0027,100,5.93,6.41,9,No,4,2,5,No,528219.0162656896
CLG0035,104,7.27,6.88,2,Yes,6,2,3,No,544662.2851727307
CLG0077,122,8.74,8.34,6,No,2,4,5,Yes,644784.9571040187
CLG0055,107,6.41,6.66,5,Yes,9,7,3,No,542033.2882637425
CLG0036,108,5.1,4.91,1,Yes,4,8,4,No,466012.2720900822
CLG0088,116,7.71,7.93,7,Yes,2,5,0,No,636095.6942816564
CLG0097,94,9.78,9.48,1,Yes,2,10,5,Yes,664946.18224764
CLG0071,87,6.96,6.92,10,Yes,0,1,2,No,530793.3507886888
CLG0009,84,7.1,6.87,9,No,10,9,2,No,508060.4291004611
CLG0021,70,9.84,9.79,4,No,2,8,2,Yes,613112.7682251021
CLG0032,130,8.47,8.74,8,Yes,6,1,3,Yes,704694.2192217736
CLG0066,83,8.6,8.86,1,No,10,9,2,Yes,614404.4545149697
CLG0044,96,7.81,7.83,5,No,8,5,0,No,593342.4506470241
CLG0089,95,9.87,10.3,3,Yes,0,8,0,No,710040.2934811428
CLG0065,104,8.44,8.2,4,No,3,10,5,Yes,618065.0602825872
CLG0075,112,9.48,9.22,4,No,9,10,5,Yes,694992.3319670077
CLG0080,112,8.5,8.61,8,No,6,2,2,Yes,641646.212702594
CLG0087,91,8.68,8.8,10,Yes,5,7,3,No,621184.197728702
CLG0015,97,6.45,6.0,10,No,3,9,1,No,489908.2153834375
CLG0027,104,6.52,6.63,3,No,10,7,4,No,535768.8964838072
CLG0016,96,8.91,8.78,1,No,2,9,2,Yes,615279.0162006941
CLG0046,124,6.48,6.73,5,No,5,4,2,No,592345.4202380229
CLG0097,107,7.81,8.12,2,No,3,5,5,No,594995.5913228008
CLG0072,111,6.25,6.3,6,Yes,4,7,4,No,526295.9225626183
CLG0048,109,9.08,8.58,4,No,1,1,1,No,657292.9524205814
CLG0065,117,5.55,5.69,9,No,8,2,5,No,513651.3093695384
CLG0019,102,9.15,9.4,7,No,1,2,2,No,676186.2852712824
CLG0090,80,8.01,7.76,2,No,3,10,2,No,537789.1961857119
CLG0037,105,5.93,5.89,7,Yes,7,9,1,No,514801.6931708839
CLG0058,90,7.71,8.18,10,No,6,3,4,No,578236.5920247954
CLG0055,92,6.41,6.21,8,No,3,9,0,No,491428.17595935846
CLG0053,108,6.62,6.34,3,Yes,7,1,2,No,539697.7318153825
CLG0047,118,6.76,6.47,3,Yes,10,3,2,No,562159.0563433468
CLG0003,100,5.32,5.38,2,No,5,10,5,No,473774.6430461582
CLG0088,104,9.93,10.38,1,No,7,2,3,No,726664.5228233606
CLG0086,125,5.16,5.27,3,No,3,2,1,No,502692.0548729814
CLG0062,103,8.31,8.11,10,No,4,1,2,No,614124.1499244676
CLG0001,139,6.86,7.0,7,Yes,3,6,3,No,656239.5591480248
CLG0039,108,8.23,8.35,9,No,6,5,5,No,627168.1591904927
CLG0073,73,6.78,6.88,9,No,3,5,5,No,493990.38230013096
CLG0033,111,8.37,8.03,6,No,4,9,0,Yes,624286.8652996086
CLG0023,105,8.65,8.78,6,Yes,8,6,1,No,640491.3825252855
CLG0034,119,8.45,8.38,5,No,7,9,0,Yes,659714.7136477377
CLG0049,110,5.57,5.09,2,Yes,1,4,3,No,471197.67604113015
CLG0049,97,8.28,8.32,7,Yes,6,7,5,No,608594.0188045035
CLG0099,81,6.4,6.89,1,No,1,4,4,No,515590.08886231476
CLG0049,96,5.14,4.99,6,Yes,9,1,5,No,426368.7964175302
CLG0010,87,7.07,7.54,4,No,2,4,1,No,544502.8247912508
CLG0096,91,7.17,6.77,3,No,0,2,4,No,512239.98994729866
CLG0066,108,7.34,7.57,1,No,1,5,3,No,590121.476463851
CLG0071,125,8.52,8.13,6,Yes,2,2,1,No,658063.9398520723
CLG0088,105,6.54,6.31,7,Yes,4,2,2,No,517448.2844717036
CLG0067,82,6.58,6.65,1,No,5,4,3,No,504309.25617572403
CLG0076,106,5.3,5.39,1,No,6,7,5,No,489998.47442395234
CLG0039,117,8.43,8.71,7,Yes,4,3,3,Yes,665052.9708854356
CLG0042,90,7.84,7.96,6,No,4,7,0,No,569679.0879187279
CLG0100,97,6.75,6.84,7,Yes,10,9,4,No,545429.9222661213
CLG0091,100,8.53,8.94,8,No,7,3,5,No,639259.3862078232
CLG0001,88,7.69,7.64,8,No,0,4,5,No,555098.2426187074
CLG0046,109,7.35,7.08,9,Yes,8,1,1,No,569532.2312720922
CLG0036,98,7.56,7.22,9,No,2,7,5,No,570736.1936399571
CLG0096,106,8.18,8.08,7,No,10,1,1,No,617848.4036507097
CLG0091,86,8.3,8.51,9,No,5,3,2,No,595793.5310778397
CLG0044,93,6.44,5.98,6,Yes,3,9,1,No,494289.01787438366
CLG0031,110,5.7,5.33,9,Yes,1,5,2,No,480857.4288780556
CLG0097,94,5.78,5.39,2,No,5,10,1,No,472473.4230242072
CLG0058,125,8.2,8.29,2,No,9,10,5,Yes,684842.3160578096
CLG0096,94,9.36,9.1,6,Yes,7,2,0,No,637900.6719457818
CLG0004,103,7.05,6.72,3,Yes,3,9,5,No,552208.4422557204
CLG0053,113,5.85,5.94,2,No,7,6,3,No,521687.1243083173
CLG0089,78,8.78,9.04,8,No,6,9,1,No,614905.7107809144
CLG0093,73,9.16,8.99,7,Yes,0,4,3,No,584668.8597382482
CLG0057,77,9.4,9.48,8,Yes,4,6,4,No,633270.1798970946
CLG0073,118,8.03,7.63,6,No,7,7,3,No,620017.7303595053
CLG0078,91,9.3,9.74,9,No,5,6,4,No,648986.2983885464
CLG0050,138,5.08,4.92,9,Yes,8,4,1,No,522961.4501533826
CLG0005,91,5.54,6.04,2,No,10,8,0,No,489829.75587548414
CLG0052,102,5.46,5.94,10,No,6,6,0,No,501212.8438627321
CLG0017,123,8.56,8.84,5,No,1,2,3,Yes,701182.5686643545
CLG0032,130,5.35,4.87,9,Yes,0,6,0,No,511781.64299828664
CLG0006,130,7.48,7.52,3,Yes,8,1,4,No,634781.5561338157
CLG0069,118,7.36,6.95,5,Yes,4,9,0,No,581956.3974557428
CLG0093,115,6.55,6.95,8,Yes,1,10,0,No,560038.67986056
CLG0092,108,9.35,9.64,2,Yes,10,7,5,No,697552.7354880437
CLG0061,111,5.85,6.32,6,Yes,3,8,5,Yes,536552.9660035782
CLG0010,91,6.76,6.87,4,Yes,9,4,0,No,529809.2720005242
CLG0023,87,8.87,8.89,6,No,5,8,2,Yes,609129.1311991153
CLG0053,99,5.15,5.17,3,No,8,1,2,No,448186.78756991174
CLG0061,97,8.36,8.25,6,Yes,7,4,3,No,595337.6204058995
CLG0019,93,9.08,9.05,7,No,5,6,5,No,635509.260801884
CLG0004,110,9.66,9.8,10,No,3,10,1,No,712332.6893472674
CLG0046,114,9.38,9.81,3,Yes,9,7,5,Yes,706559.1741047334
CLG0032,101,6.6,6.7,5,Yes,4,3,1,No,527774.7909376393
CLG0084,122,7.93,8.29,8,No,10,10,4,Yes,662790.9822284059
CLG0046,82,5.39,5.75,2,Yes,10,10,4,No,453961.62424272916
CLG0062,97,6.29,6.31,7,No,3,2,3,No,506196.73592789273
CLG0092,89,5.47,5.32,1,No,3,9,2,No,455717.42709003366
CLG0054,72,6.58,6.72,7,Yes,7,1,0,No,478739.1194646819
CLG0100,98,9.38,9.33,1,No,3,10,2,Yes,679922.7457185355
CLG0087,98,6.74,6.32,4,Yes,10,1,5,No,518911.8437793362
CLG0067,122,7.81,7.69,4,Yes,2,10,2,Yes,625736.1667109439
CLG0024,109,7.17,7.66,5,No,1,2,5,No,593974.6491985057
CLG0066,84,7.29,6.84,2,No,9,5,3,No,504823.0010115398
CLG0018,127,9.85,10.05,6,Yes,0,1,2,Yes,768087.7313183341
CLG0096,118,6.48,6.82,6,Yes,4,6,1,No,578072.6308176836
CLG0048,108,8.14,8.29,8,No,3,8,2,Yes,656962.6469643348
CLG0046,96,7.1,7.17,10,No,9,10,1,No,550198.4937028007
CLG0048,85,5.31,5.52,1,No,8,2,4,No,468321.1675797893
CLG0062,94,7.45,7.38,4,Yes,8,5,4,No,570226.0271639198
CLG0094,116,9.07,8.66,2,Yes,10,3,5,Yes,679768.904727538
CLG0027,128,5.49,5.95,8,No,4,2,3,No,537445.8776571944
CLG0062,123,5.35,5.28,4,Yes,4,6,0,No,499701.55448967905
CLG0078,92,5.77,5.94,8,Yes,5,1,2,No,496946.89249354735
CLG0065,83,8.82,8.85,2,No,3,8,0,No,595550.4984239422
CLG0052,102,8.62,8.17,4,Yes,5,6,1,No,599204.9354199021
CLG0001,73,7.83,8.28,9,Yes,7,4,0,No,547823.2835221484
CLG0050,104,7.34,7.63,5,Yes,4,5,2,No,603169.2672357938
CLG0040,97,9.44,9.09,6,No,7,2,5,No,628010.4985794664
CLG0072,93,8.83,9.31,10,No,7,8,0,No,649096.5644406413
CLG0017,76,9.06,9.3,9,No,2,6,0,No,610271.1734161502
CLG0001,107,9.07,9.04,9,No,5,6,0,No,671561.3614286802
CLG0078,92,8.21,8.32,7,No,0,3,3,No,637182.6139960291
CLG0077,82,7.29,6.9,2,No,4,1,0,No,509732.8558142118
CLG0030,56,9.32,9.38,7,Yes,6,8,2,Yes,574986.6690229474
CLG0077,99,9.63,9.2,9,No,4,7,5,No,651971.5695781076
CLG0067,126,5.12,5.16,2,Yes,2,1,2,No,515523.9991392611
CLG0022,124,5.26,5.31,7,No,1,8,0,No,517348.003340553
CLG0035,93,9.79,10.16,7,No,1,10,3,Yes,695914.7752626713
CLG0056,90,6.39,6.62,3,Yes,8,2,1,No,511201.25364864065
CLG0014,107,9.37,9.12,6,No,1,8,0,No,666780.0949131812
CLG0045,85,6.94,7.33,8,No,6,5,3,No,537821.5079212612
CLG0086,104,5.6,5.67,10,Yes,8,8,4,No,503147.670653332
CLG0033,111,5.4,5.51,8,Yes,2,6,2,No,499009.17893653945
CLG0012,118,5.78,5.45,3,Yes,6,2,4,No,496106.64028508175
CLG0024,98,6.25,6.61,6,No,0,7,2,No,523895.8978804731
CLG0069,96,7.44,7.87,2,No,5,6,1,No,598401.5948770151
CLG0057,86,8.51,8.78,2,No,10,4,5,No,607440.6949395292
CLG0009,87,9.93,10.37,8,Yes,1,9,3,Yes,694263.5388863953
CLG0002,96,7.21,7.01,10,Yes,9,4,1,No,546954.5306853611
CLG0059,105,7.59,7.95,5,No,0,1,4,No,610115.8186635722
CLG0095,113,7.61,7.6,5,No,4,3,3,No,614530.3821322988
CLG0029,87,7.7,7.36,4,No,5,8,4,No,539108.3365647281
CLG0093,122,7.59,7.76,10,Yes,10,3,0,No,640968.4880569064
CLG0100,95,5.04,5.22,4,Yes,1,7,4,No,438059.785758719
CLG0055,99,5.01,4.8,8,No,3,1,1,No,420249.531776464
CLG0094,88,5.49,5.02,3,Yes,2,4,1,No,418026.8982012093
CLG0022,63,5.51,5.21,3,Yes,0,4,0,No,389770.04791599006
CLG0085,113,8.52,8.42,8,Yes,0,9,3,Yes,625558.5115815564
CLG0049,111,6.02,5.69,3,No,2,1,4,No,500448.018563854
CLG0012,95,9.47,9.16,2,Yes,1,9,5,Yes,645416.6548877528
CLG0071,101,9.64,9.53,5,Yes,1,10,4,Yes,672196.5205803569
CLG0089,107,9.88,10.34,3,Yes,9,8,4,Yes,726541.377624118
CLG0008,76,9.7,9.96,6,Yes,4,10,3,Yes,663710.6654792585
CLG0097,92,6.36,6.18,7,No,4,6,1,No,490136.0579253754
CLG0016,111,7.55,8.0,3,No,6,4,0,No,626969.4703533943
CLG0040,81,5.88,6.03,9,No,4,6,5,No,467897.0849902182
CLG0045,104,9.03,8.99,10,Yes,2,6,3,No,678338.2031967689
CLG0064,79,9.44,9.41,1,Yes,9,2,0,No,634848.5441400748
CLG0063,106,9.26,9.17,7,Yes,5,7,2,No,664502.2650451304
CLG0051,99,7.17,6.9,4,Yes,2,9,0,No,550102.9989456825
CLG0010,75,8.79,8.68,7,No,7,8,2,Yes,585634.3858347913
CLG0076,117,5.49,5.52,9,No,5,3,0,No,508180.0076321848
CLG0086,88,5.2,5.23,9,Yes,6,8,2,No,454166.1666687342
CLG0071,87,8.77,9.03,1,Yes,2,4,4,No,644787.3681071795
CLG0045,103,7.13,6.99,10,Yes,10,10,5,No,557027.59085112
CLG0085,117,9.98,10.2,4,No,6,1,3,Yes,750161.1718411956
CLG0056,84,5.49,5.57,7,No,8,3,4,No,447599.9429248861
CLG0086,100,9.28,9.74,10,No,7,1,1,No,692376.2976218023
CLG0073,106,7.4,7.29,6,No,10,5,3,No,594223.9831748941
CLG0084,110,9.14,9.54,9,No,1,10,4,Yes,707031.0722239898
CLG0013,102,9.09,9.41,7,Yes,9,9,0,No,665893.0738505776
CLG0064,94,9.58,9.72,3,No,9,7,3,No,656304.0058735372
CLG0088,87,6.49,6.64,7,No,1,3,0,No,527722.7694753917
CLG0030,101,9.75,9.33,10,No,6,7,4,No,643210.711039557
CLG0052,83,5.76,6.21,5,Yes,9,8,3,No,480709.3052446873
CLG0054,56,5.41,5.02,2,Yes,3,4,4,No,366393.3858322545
CLG0057,106,7.16,7.22,10,Yes,8,3,1,No,549455.6802121318
CLG0018,113,9.14,8.97,3,Yes,5,2,4,Yes,676841.7833803908
CLG0025,64,7.37,7.3,6,No,8,8,5,No,498751.5753528393
CLG0053,84,9.15,9.26,6,No,10,3,1,No,617170.946313347
CLG0020,109,8.65,9.06,7,No,2,7,4,No,681886.8871055519
CLG0011,130,6.05,6.01,6,No,5,2,3,No,563425.1743079204
CLG0040,100,9.74,10.23,9,No,5,5,0,No,700657.140034016
CLG0098,89,5.3,5.39,5,Yes,7,5,3,No,465408.0560708153
CLG0023,97,9.49,9.15,5,Yes,6,9,4,Yes,640428.7450750562
CLG0090,120,6.52,6.21,8,No,2,8,5,Yes,575101.5069568382
CLG0087,90,7.5,7.72,8,Yes,0,8,4,No,559787.6012974097
CLG0042,88,7.11,6.66,1,No,1,10,4,No,494373.22831773607
CLG0047,92,5.86,5.84,3,No,10,2,2,No,487253.0838166219
CLG0056,85,6.79,6.44,6,No,9,2,1,No,498543.09984317946
CLG0033,101,5.96,5.89,6,No,1,10,0,No,496452.6506602557
CLG0089,124,6.02,6.27,1,Yes,0,7,1,No,568488.092064305
CLG0098,104,5.94,5.9,2,No,3,4,4,No,502091.87367033935
CLG0026,96,7.45,7.11,10,No,5,3,4,No,536246.9628674795
CLG0069,95,8.99,8.74,7,No,3,3,1,No,623830.783121559
CLG0029,76,7.84,7.71,1,No,3,7,1,No,530599.0573635807
CLG0094,113,9.47,9.04,10,Yes,10,1,5,Yes,681910.9084010483
CLG0060,98,8.18,8.26,5,Yes,8,4,1,No,598853.8214656223
CLG0091,97,8.45,8.56,1,No,1,6,2,No,616239.3018864164
CLG0037,147,8.34,7.9,6,Yes,0,9,1,No,699577.0988919337
CLG0025,104,7.25,7.15,7,Yes,6,1,4,No,553837.2753250308
CLG0074,88,8.45,8.36,8,No,4,1,0,No,607163.5324379466
CLG0044,93,5.35,5.18,3,No,4,2,3,No,444537.49605527363
CLG0034,117,9.3,9.36,3,No,1,7,5,Yes,698551.1948848469
CLG0012,101,8.89,8.74,1,No,5,7,1,No,635174.0660679817
CLG0093,78,6.23,6.15,3,No,4,5,1,No,461091.5735101265
CLG0039,113,8.84,9.14,5,No,4,4,1,No,690105.366035039
CLG0019,89,5.06,4.72,6,No,5,10,5,No,402707.03652805166
CLG0019,128,6.09,6.21,3,Yes,1,6,0,No,576717.185316947
CLG0029,116,5.33,5.34,4,Yes,4,8,1,No,492556.779707691
CLG0066,93,8.9,8.71,5,Yes,10,7,1,No,623273.2860800754
CLG0090,119,8.78,9.01,5,No,0,2,5,Yes,695047.6139848307
CLG0098,101,9.07,9.12,9,Yes,7,2,1,No,660496.9867504365
CLG0094,112,5.02,5.0,8,No,0,6,0,No,473715.17116808204
CLG0076,107,7.51,7.68,1,No,6,1,3,No,583211.2910175868
CLG0020,87,8.52,8.82,2,No,5,5,5,No,612457.6230602447
CLG0057,90,5.78,6.25,5,No,7,1,5,No,479182.37155986635
CLG0097,115,8.25,8.38,3,No,4,7,4,Yes,647253.1349554559
CLG0009,94,5.42,5.79,7,Yes,10,3,0,No,481018.1081310003
CLG0002,93,5.91,5.41,6,Yes,5,9,1,No,444560.7287962267
CLG0028,85,7.38,7.41,2,Yes,3,5,2,No,531318.6884653909
CLG0034,106,8.27,7.98,8,Yes,9,1,0,No,608244.0383032138
CLG0021,130,5.73,5.32,5,Yes,9,10,1,No,528820.3626958997
CLG0083,83,5.93,5.96,6,Yes,0,4,5,No,443405.1112104579
CLG0078,100,6.02,6.27,8,Yes,10,8,1,No,509901.68478597165
CLG0081,121,6.19,6.1,6,No,6,7,4,No,543746.3146972226
CLG0056,98,6.13,6.3,10,No,1,6,0,No,532100.3429078099
CLG0005,106,6.98,6.97,3,No,0,9,0,No,566466.2351760704
CLG0085,84,8.27,8.21,7,No,0,4,5,No,579785.537340437
CLG0022,106,7.19,6.98,4,Yes,0,10,4,No,549201.767491357
CLG0059,97,8.88,8.76,6,Yes,1,1,5,No,625037.863708247
CLG0040,114,8.6,8.45,6,Yes,0,10,2,Yes,646030.791263077
CLG0084,117,5.63,5.78,5,No,3,6,2,No,530825.2103498264
CLG0092,138,5.24,4.86,1,No,9,4,3,No,504694.0108694003
CLG0063,108,9.39,8.98,8,No,9,1,3,No,661202.4087702387
CLG0032,104,5.4,5.56,10,Yes,10,10,4,No,480410.10793497716
CLG0045,102,5.74,5.79,2,No,6,3,5,No,505421.4886214294
CLG0083,94,5.11,5.04,4,Yes,9,1,0,No,451974.0323551897
CLG0092,105,8.14,7.79,3,No,2,5,1,No,578177.6784527259
CLG0087,95,7.91,7.82,6,No,8,8,2,No,559406.7430165081
CLG0033,102,9.93,10.22,1,No,1,2,5,No,716058.5247368949
CLG0082,119,9.43,9.82,9,No,1,6,0,No,703810.781147861
CLG0035,84,7.05,7.25,5,Yes,6,6,5,No,522863.28592966375
CLG0046,117,6.86,6.42,5,No,8,5,3,No,560491.4211722314
CLG0036,119,6.48,6.65,4,No,5,7,2,No,581195.5832111527
CLG0062,98,5.76,5.5,4,Yes,10,1,1,No,462486.17517415073
CLG0083,68,5.69,5.51,1,No,0,10,5,No,415478.8242868335
CLG0090,90,5.66,5.36,9,Yes,5,4,3,No,436688.62480715563
CLG0100,119,5.57,5.85,9,Yes,3,6,1,No,519129.795421282
CLG0026,99,6.2,6.35,4,No,4,4,3,No,506347.64312745654
CLG0007,85,6.53,6.64,10,No,3,6,1,No,513992.0358042267
CLG0087,92,9.81,9.98,10,Yes,2,2,5,No,670859.7096284052
CLG0005,112,7.89,7.63,4,Yes,1,9,2,Yes,600015.397764824
CLG0087,108,9.94,9.88,7,No,1,4,5,No,711285.4996459044
CLG0100,96,6.86,6.99,4,No,9,5,4,No,532640.917922673
CLG0032,94,7.29,7.43,1,Yes,10,7,1,No,551969.2395883797
CLG0079,94,6.62,6.91,9,No,3,8,2,No,550517.5234065325
CLG0091,86,5.91,5.7,2,Yes,2,1,0,No,471761.4782179771
CLG0081,124,5.72,5.99,5,No,10,7,0,No,534103.9978019011
CLG0084,95,9.73,9.67,4,Yes,5,10,3,Yes,669268.993941125
CLG0057,118,9.93,10.1,8,No,9,9,5,Yes,748240.4337029537
CLG0080,122,5.22,5.18,6,No,2,2,5,No,510183.2223866914
CLG0062,114,5.75,6.2,7,No,2,2,4,No,539757.6217152908
CLG0028,93,7.12,6.8,2,No,3,4,3,No,511381.24265009747
CLG0095,106,5.93,6.11,4,No,4,1,5,No,516374.0536070362
CLG0080,99,6.82,6.9,4,Yes,10,9,5,No,556768.4365754622
CLG0078,86,5.65,5.32,2,No,8,5,1,No,448287.1567082844
CLG0074,104,7.28,6.85,10,Yes,10,3,4,No,554860.2897432147
CLG0066,82,6.36,6.66,4,No,4,6,1,No,494029.46845915104
CLG0097,117,6.76,6.42,9,No,0,7,5,No,548623.0545090745
CLG0041,93,5.47,5.16,8,Yes,8,4,2,No,438251.7890220174
CLG0086,103,7.14,7.62,1,No,1,2,4,No,588820.7968285248
CLG0066,104,9.92,10.14,8,No,3,5,0,No,722927.7116115284
CLG0064,96,6.64,6.39,9,Yes,9,7,2,No,517340.86014550214
CLG0007,108,9.38,9.47,8,No,5,10,2,Yes,691101.9405135855
CLG0041,92,9.22,9.25,10,No,8,10,1,No,639325.5435183833
CLG0045,113,9.76,10.1,1,Yes,1,3,3,Yes,716869.3613422007
CLG0044,79,8.95,9.18,8,No,8,2,5,No,608182.755257214
CLG0030,101,8.3,8.63,5,Yes,8,2,1,No,629726.1083003462
CLG0038,129,9.28,8.99,9,No,0,4,2,Yes,700456.7742624627
CLG0039,84,5.38,5.52,9,No,10,4,4,No,452534.8718536481
CLG0019,89,7.31,6.85,6,No,5,5,0,No,528667.8249872223
CLG0047,107,9.95,9.52,3,No,5,3,2,No,685543.0760638925
CLG0038,102,8.85,9.06,7,Yes,8,1,3,No,631487.775285993
CLG0017,105,9.81,9.33,3,Yes,5,4,5,No,687824.0469768568
CLG0074,107,8.9,8.98,7,No,1,1,3,No,660414.6633778553
CLG0079,109,9.37,9.71,8,No,7,8,5,Yes,711302.2837949813
CLG0069,116,8.53,8.41,5,No,0,5,5,Yes,653351.3068787999
CLG0099,106,8.8,8.34,5,No,4,2,4,No,624120.3517298116
CLG0004,96,7.62,7.83,4,No,9,5,3,No,568728.8202129268
CLG0035,110,9.62,10.05,3,No,2,5,4,No,726782.2481627587
CLG0001,128,9.13,9.35,8,No,10,1,3,Yes,735016.1263269613
CLG0081,98,9.22,9.3,6,No,5,5,1,No,678360.9460998806
CLG0085,85,8.37,8.1,6,No,4,8,5,Yes,574499.1271647917
CLG0058,116,6.52,6.04,2,No,9,10,0,No,539794.9886490876
CLG0022,98,5.18,5.37,4,No,3,2,5,No,472407.563815944
CLG0005,67,9.68,9.41,5,No,2,8,0,No,621144.0377071726
CLG0060,112,7.93,8.29,10,Yes,0,8,2,Yes,649016.3494167173
CLG0036,91,6.49,6.46,5,No,7,1,2,No,518032.26322118327
CLG0009,98,5.75,5.78,3,No,10,4,1,No,471507.82546070515
CLG0084,104,9.15,9.4,10,No,4,5,5,No,690398.1713245885
CLG0057,102,9.18,9.46,5,No,7,10,1,No,673939.3641899542
CLG0078,110,9.07,9.21,5,Yes,8,8,0,No,687908.0526731428
CLG0084,93,8.23,8.67,2,No,7,3,2,No,617460.4527615135
CLG0090,107,6.83,7.31,5,No,5,1,2,No,572710.995410148
CLG0004,96,6.52,6.97,3,No,9,7,5,No,535999.8114898079
CLG0051,111,5.04,5.36,3,No,7,4,0,No,473677.5802018242
CLG0039,109,9.17,9.38,5,No,4,10,4,Yes,686916.1911344691
CLG0084,85,5.44,5.6,9,No,8,5,1,No,424250.13036549103
CLG0052,116,8.15,7.75,2,Yes,5,6,2,No,607255.4976689374
CLG0075,91,7.52,7.29,9,No,1,4,0,No,539488.4428097988
CLG0071,112,7.63,7.14,3,No,6,1,1,No,580699.2869082914
CLG0055,105,9.63,9.27,7,Yes,0,8,5,Yes,653798.197047977
CLG0031,127,5.16,5.1,1,Yes,9,9,0,No,504599.43884412304
CLG0050,96,8.87,8.52,1,Yes,0,3,5,No,615775.1461533816
CLG0008,94,5.26,5.66,8,No,7,10,4,No,476344.6440878908
CLG0087,99,5.19,5.5,9,Yes,4,4,5,No,470947.1735152385
CLG0015,95,7.15,6.72,3,No,10,5,3,No,534141.2022673609
CLG0065,111,5.32,5.07,6,Yes,9,10,2,Yes,468303.75104378484
CLG0010,75,8.95,9.27,3,No,8,9,5,Yes,605275.0780082473
CLG0041,84,7.65,7.95,6,No,5,5,5,No,552990.8643834672
CLG0088,83,5.15,5.6,7,Yes,0,7,1,No,442329.17101200507
CLG0079,114,5.2,5.7,5,Yes,5,3,0,No,516712.85585151927
CLG0048,125,8.06,8.54,3,No,0,1,0,No,695578.3396663491
CLG0021,98,9.03,8.94,8,No,4,6,1,No,636374.0606833139
CLG0086,97,7.19,6.94,5,No,2,10,2,No,529952.2231361488
CLG0024,101,7.77,8.03,1,No,9,1,5,No,594175.4757049979
CLG0074,117,9.0,8.8,9,No,9,6,2,Yes,662676.520942263
CLG0023,86,8.05,8.36,3,No,8,8,5,Yes,597510.5060134769
CLG0080,103,6.12,6.15,2,Yes,0,9,0,No,505736.8955283503
CLG0069,114,8.07,8.36,3,No,5,8,2,Yes,661635.4753264533
CLG0033,107,8.14,7.92,7,No,2,5,5,No,618700.1353241366
CLG0036,102,8.67,8.68,10,Yes,8,7,3,No,647817.6013032072
CLG0025,115,8.1,8.16,8,No,1,6,4,Yes,629873.5591469659
CLG0058,59,9.85,10.29,2,No,10,9,4,Yes,636148.5765903256
CLG0090,110,5.99,5.76,7,No,6,4,3,No,515550.57959187456
CLG0066,90,9.76,10.2,5,Yes,8,8,2,Yes,699692.4588311313
CLG0098,72,7.69,7.99,9,Yes,2,9,5,No,535140.2487170649
CLG0031,107,8.36,8.59,7,Yes,2,7,0,No,648236.2136855999
CLG0044,120,5.5,5.79,1,No,2,7,2,No,534604.3353357225
CLG0063,97,6.9,7.01,1,Yes,0,2,1,No,527502.2478170671
CLG0045,114,8.85,8.59,6,Yes,8,9,1,Yes,651596.74125535
CLG0083,124,8.53,8.22,9,Yes,8,5,2,Yes,644041.8803524047
CLG0082,119,5.2,5.57,1,No,5,10,3,Yes,510409.6883487862
CLG0050,124,7.73,7.96,3,No,8,3,1,No,635050.1145842314
CLG0067,111,5.44,5.15,5,No,8,4,5,No,484203.1788680224
CLG0071,101,9.98,10.1,4,No,0,10,4,Yes,708491.9636289624
CLG0087,75,9.49,9.44,1,No,2,2,0,No,603337.6976131521
CLG0001,96,5.11,4.77,10,No,2,3,3,No,428232.04897634295
CLG0071,87,9.29,9.32,4,No,0,6,1,No,630226.0324207464
CLG0086,132,9.6,9.38,4,No,5,1,0,No,727571.0461794351
CLG0067,97,6.77,6.37,10,No,3,2,5,No,505408.4758336699
CLG0083,101,8.6,8.57,4,No,7,4,4,No,635092.4888153736
CLG0094,108,7.21,7.3,3,No,5,1,1,No,574133.120362927
CLG0009,100,8.28,7.83,7,Yes,3,6,1,No,599644.4506277044
CLG0099,125,6.7,6.6,1,No,4,4,0,No,592742.3453742691
CLG0035,90,6.61,6.37,2,Yes,1,2,0,No,510702.0386049016
CLG0013,102,7.12,6.65,1,Yes,9,10,2,No,562510.143538701
CLG0026,88,5.73,5.36,4,Yes,0,4,1,No,439265.1673877338
CLG0045,80,9.16,8.8,5,No,6,8,4,Yes,596255.1198422856
CLG0051,90,6.74,6.42,10,Yes,9,6,0,No,486739.9929288002
CLG0092,99,7.0,7.3,5,Yes,2,1,3,No,566447.0646666294
CLG0025,93,9.47,9.41,2,Yes,2,5,1,No,647680.305225975
CLG0056,89,7.48,7.13,3,Yes,5,6,3,No,548677.3596350269
CLG0039,78,7.72,7.32,4,No,2,4,1,No,521412.8705756137
CLG0003,98,9.78,9.58,10,No,6,4,0,No,666344.2534031511
CLG0075,77,9.43,9.73,6,No,6,3,2,No,628469.7057199479
CLG0094,111,5.85,5.71,6,No,4,10,1,No,507577.56886966754
CLG0053,101,7.37,7.03,2,No,0,10,5,No,564689.4447546754
CLG0033,78,9.86,9.76,2,No,8,6,0,No,646556.0462033856
CLG0062,95,6.86,6.92,9,Yes,1,9,0,No,554999.6354347182
CLG0098,88,6.86,6.39,2,No,3,7,0,No,517766.4583207455
CLG0067,104,5.98,6.11,2,No,9,9,3,No,514210.2056107252
CLG0069,120,5.57,5.47,3,No,9,6,0,No,502148.6599227348
CLG0095,71,8.7,8.21,9,No,1,2,3,No,543503.8675954842
CLG0004,101,8.85,9.02,6,No,0,6,4,No,629836.9884818209
CLG0072,97,9.85,10.06,6,No,0,7,5,No,713505.2860604258
CLG0059,110,8.87,9.0,10,Yes,0,2,5,No,670583.0264495817
CLG0017,103,6.22,6.06,5,No,6,1,5,No,511930.4783648449
CLG0022,88,5.2,5.23,7,Yes,10,6,2,No,429189.57240736554
CLG0038,95,9.93,9.82,4,No,8,8,5,Yes,689543.6518011133
CLG0088,88,6.7,6.9,10,No,0,6,0,No,518777.6335522962
CLG0031,116,6.56,6.64,10,No,9,8,4,Yes,558408.9343358746
CLG0049,100,9.53,9.11,3,Yes,5,6,0,No,670118.1308641154
CLG0052,128,7.93,8.07,7,No,10,6,4,Yes,637945.983548408
CLG0089,99,6.07,6.26,10,No,4,8,5,No,496783.2633291115
CLG0038,89,9.45,9.32,1,Yes,2,3,0,No,641508.9471665113
CLG0096,77,9.97,10.35,6,Yes,1,3,2,No,672729.3354265204
CLG0049,72,5.43,5.77,2,Yes,1,6,0,No,414782.22160809074
CLG0090,76,9.31,8.99,2,No,1,4,3,No,589022.7797530758
CLG0100,104,6.95,7.35,8,Yes,6,7,0,No,588650.1486910459
CLG0027,107,7.62,7.56,3,No,3,7,1,No,588094.8245574788
CLG0023,76,9.57,9.79,9,No,6,9,3,Yes,628993.4850769412
CLG0084,113,9.87,10.18,4,No,9,2,4,Yes,732399.0130865774
CLG0027,92,6.31,6.32,6,No,0,2,5,No,504136.0229329043
CLG0081,102,6.06,5.96,1,No,9,6,5,No,510740.4726741864
CLG0014,124,5.4,5.82,10,Yes,3,9,0,No,535925.0183388952
CLG0003,113,7.81,7.54,10,Yes,8,7,5,No,598480.1545254436
CLG0027,95,5.07,4.83,3,Yes,6,6,5,No,438758.98491438635
CLG0062,86,7.06,6.92,4,Yes,9,5,5,No,516068.6238711844
CLG0014,67,5.37,5.73,5,No,5,8,0,No,428522.58878642414
CLG0092,89,7.03,7.47,1,No,6,2,0,No,537441.8353884672
CLG0044,96,5.2,4.92,4,No,1,3,1,No,433995.23881959036
CLG0025,85,9.18,9.54,5,No,0,6,2,No,648065.5806598953
CLG0061,98,6.05,5.81,4,Yes,9,1,2,No,485654.12959246704
CLG0075,101,6.64,7.11,10,No,8,8,3,No,557141.2544300065
CLG0052,96,9.35,9.45,10,No,1,9,3,Yes,654459.8307704633
CLG0012,90,8.73,8.24,7,No,1,2,1,No,586110.4129838968
CLG0097,102,6.1,5.63,8,Yes,2,9,5,No,477073.65916506655
CLG0084,106,5.36,5.01,8,No,2,5,1,No,461182.8552696854
CLG0034,83,8.58,8.27,3,No,2,8,1,No,577714.8047935353
CLG0023,121,6.95,7.22,5,No,3,1,4,No,609224.3221058057
CLG0019,98,8.83,8.55,10,Yes,10,1,5,No,635872.0845659063
CLG0100,100,7.23,7.7,8,No,0,4,5,No,569881.1949969955
CLG0001,110,6.73,6.87,7,Yes,10,1,1,No,579392.0887020703
CLG0074,103,7.26,7.45,9,Yes,0,1,1,No,568506.202018234
CLG0065,114,8.74,8.46,10,No,3,5,1,No,657858.4232093068
CLG0005,104,9.51,9.9,7,No,0,2,1,No,711631.100403348
CLG0057,90,5.25,5.42,2,No,3,4,5,No,454304.49179956823
CLG0022,105,7.62,7.98,4,No,1,8,2,No,594247.1408126032
CLG0043,82,5.16,5.62,8,No,6,6,0,No,449096.1399277132
CLG0002,101,7.34,6.97,9,Yes,5,2,0,No,549445.920672312
CLG0073,99,9.43,9.03,7,No,1,3,2,No,648553.6282929399
CLG0007,96,6.81,7.11,5,No,1,2,1,No,509568.2198588416
CLG0021,98,9.66,10.03,1,Yes,0,4,5,No,693860.1211542756
CLG0071,71,8.15,8.23,9,No,3,5,4,No,543529.401487529
CLG0059,91,9.67,9.54,6,Yes,1,9,4,Yes,662621.5243812795
CLG0009,101,8.79,8.94,2,No,4,7,3,No,643064.6682805798
CLG0040,102,5.52,5.33,10,Yes,3,8,0,No,464272.24087287264
CLG0073,84,6.16,5.9,10,No,0,7,3,No,464945.4146076163
CLG0049,118,6.97,6.96,2,No,4,10,1,No,590043.2952398098
CLG0012,87,5.85,5.57,10,Yes,4,8,3,No,452720.13069065014
CLG0100,114,7.47,7.45,1,No,4,5,1,No,587939.9448313558
CLG0073,106,7.36,7.82,4,Yes,1,3,3,No,593965.3854546525
CLG0010,90,9.78,10.12,10,No,3,7,2,No,678986.1982149434
CLG0074,126,7.17,7.61,2,No,4,1,5,No,609654.8192219004
CLG0017,82,8.93,9.24,10,Yes,10,3,1,No,620169.3586578926
CLG0004,113,9.71,9.56,9,No,10,7,4,Yes,690930.5521723981
CLG0064,115,9.38,9.69,2,No,5,4,1,No,714969.0185754402
CLG0016,89,6.04,6.46,9,No,6,7,4,No,500109.53224597673
CLG0049,120,7.48,7.93,1,No,9,10,5,Yes,631231.8849056427
CLG0100,96,6.74,6.92,7,No,10,10,4,No,533736.2436253176
CLG0027,104,7.0,6.71,6,No,2,6,3,No,535161.7696381868
CLG0006,103,6.8,6.34,6,No,2,4,0,No,529180.9982839465
CLG0009,97,9.13,8.78,2,No,9,7,0,No,641773.1921317223
CLG0058,112,7.26,7.73,1,Yes,1,8,0,No,607709.8668530643
CLG0032,111,7.62,7.58,10,No,8,8,4,Yes,599003.8143408676
CLG0038,73,9.91,10.26,8,Yes,0,7,0,No,661028.4872621448
CLG0030,119,5.3,5.27,8,Yes,2,2,1,No,492034.0898614962
CLG0078,75,7.44,7.6,2,No,2,8,1,No,524699.8962186287
CLG0045,115,8.87,8.39,4,Yes,7,5,5,Yes,641571.2972366274
CLG0029,116,5.76,5.51,4,Yes,5,9,1,No,487755.28010780364
CLG0092,83,8.06,8.0,2,Yes,2,6,5,No,565190.6850115935
CLG0022,93,6.2,6.33,9,No,0,4,4,No,516263.29093002237
CLG0031,83,9.34,9.01,4,Yes,2,9,4,Yes,640773.784290347
CLG0081,96,6.64,6.9,4,Yes,3,1,0,No,553247.1257719848
CLG0017,95,6.65,6.51,4,No,0,4,5,No,491887.63079624105
CLG0054,111,7.99,8.31,5,No,2,5,3,Yes,639523.5799995757
CLG0079,119,5.92,5.52,10,No,3,4,4,No,513835.565743221
CLG0047,120,6.42,6.6,8,No,6,9,2,Yes,575528.2265867435
CLG0032,91,7.08,6.87,4,No,3,1,1,No,524435.1410528927
CLG0028,96,6.77,7.07,3,No,0,3,1,No,556774.6517501763
CLG0011,74,7.62,7.52,1,Yes,8,9,0,No,516911.36830987857
CLG0039,87,8.0,8.17,2,No,5,7,3,No,588140.7375871371
CLG0017,114,7.83,8.26,4,No,8,5,1,No,649483.3422477334
CLG0076,124,8.27,7.79,9,Yes,6,6,4,No,650650.9500226438
CLG0039,81,6.54,6.05,1,No,3,4,3,No,483402.95628153515
CLG0073,91,5.63,5.9,6,No,0,5,1,No,472409.14962003817
CLG0025,99,8.8,8.95,6,No,6,8,0,No,636017.0406472767
CLG0026,104,9.25,9.04,10,No,8,5,0,No,668110.9868877332
CLG0068,87,6.29,6.28,3,Yes,5,10,0,No,502554.16690056364
CLG0062,106,7.04,6.58,10,No,0,2,4,No,531512.1441338205
CLG0019,92,7.49,7.18,9,No,8,8,0,No,549019.2449370999
CLG0013,99,7.67,7.59,10,No,6,3,2,No,556501.7142753633
CLG0029,108,8.3,8.63,3,No,0,5,4,No,632425.6776954837
CLG0054,100,5.21,5.19,1,Yes,3,6,2,No,460476.16713326576
CLG0073,93,8.61,8.7,2,No,4,1,0,No,617427.0597705974
CLG0042,98,5.31,5.68,4,Yes,1,3,3,No,480811.712244824
CLG0062,98,7.34,7.15,4,No,2,1,4,No,548619.9874431114
CLG0071,94,9.14,9.34,2,No,1,7,2,No,659564.4329160071
CLG0071,96,7.26,7.62,10,Yes,3,2,4,No,555578.4092157956
CLG0021,123,5.75,5.45,6,Yes,6,10,2,Yes,512714.7925653627
CLG0009,108,9.93,9.79,6,Yes,4,7,5,No,706052.1532509805
CLG0045,95,9.45,9.93,3,No,6,3,4,No,674434.5607056845
CLG0027,110,8.86,9.34,1,Yes,0,3,1,No,690931.5997851811
CLG0048,94,7.06,6.78,10,No,2,1,2,No,528715.9134483042
CLG0085,117,5.92,5.49,9,No,1,7,2,No,500065.2511015241
CLG0069,105,9.71,9.48,4,No,0,8,4,Yes,673722.0446217884
CLG0005,98,7.66,7.56,9,Yes,4,4,3,No,563434.2069686018
CLG0072,106,9.26,9.2,5,No,2,9,1,No,676288.5745082756
CLG0015,76,6.71,6.83,7,No,7,4,2,No,489185.02032802487
CLG0077,83,6.68,7.08,3,Yes,4,10,0,No,513516.164558117
CLG0097,82,9.93,9.76,3,No,4,5,0,No,644969.8874171613
CLG0044,102,7.61,7.96,8,No,6,6,5,No,603427.8561511975
CLG0047,125,5.7,5.29,1,No,7,9,4,Yes,503597.53868254117
CLG0032,133,6.1,5.64,8,No,0,9,3,Yes,555784.4457146113
CLG0036,109,7.41,7.41,8,No,4,8,1,No,602652.323199875
CLG0049,107,5.21,4.77,3,Yes,8,10,2,No,461107.02207118436
CLG0053,72,7.31,7.2,1,No,10,2,0,No,493685.50596395746
CLG0023,91,7.09,7.49,9,Yes,8,10,2,No,560850.8331184811
CLG0034,88,8.9,8.64,4,Yes,6,10,0,No,622010.8198858028
CLG0018,90,6.77,6.98,7,Yes,3,1,4,No,517751.473929459
CLG0012,97,9.91,9.71,9,No,1,2,4,No,677565.6866701393
CLG0087,92,5.9,5.44,3,Yes,4,6,2,No,441424.3382906186
CLG0002,70,7.95,8.01,5,Yes,3,7,4,No,544070.1590114816
CLG0027,111,5.45,5.78,10,Yes,0,6,1,No,498803.1985591087
CLG0050,83,8.67,8.58,3,No,6,1,5,No,595813.5927459501
CLG0031,103,9.97,10.09,5,No,2,1,4,No,703128.6591379099
CLG0048,131,9.1,9.5,2,No,5,1,1,No,734945.7725532609
CLG0086,86,7.78,8.07,4,No,4,1,4,No,568072.7388888472
CLG0069,62,7.42,7.11,2,Yes,3,10,2,No,473341.5270251212
CLG0017,95,9.18,9.41,3,Yes,2,10,1,No,661696.8183321971
CLG0043,116,9.68,9.68,5,Yes,8,1,5,Yes,726101.5979105444
CLG0071,129,9.95,10.2,9,Yes,4,2,5,Yes,756800.3653699289
CLG0018,81,6.98,6.97,3,No,9,2,5,No,514135.9422422195
CLG0066,107,9.95,9.58,10,No,6,4,3,No,683047.6376675725
CLG0031,93,5.78,5.85,6,Yes,3,3,5,No,482978.37134352955
CLG0063,98,6.27,6.26,4,Yes,0,4,2,No,523734.4861128753
CLG0028,139,5.45,5.47,4,Yes,1,5,1,No,557575.3819518909
CLG0067,77,6.36,6.74,10,No,9,4,0,No,485105.3121850092
CLG0009,103,8.84,9.23,10,Yes,4,3,5,No,693693.2128880577
CLG0097,107,9.26,9.21,5,No,7,3,0,No,670325.1023755601
CLG0028,116,8.89,8.85,7,Yes,7,4,3,Yes,672328.3123903613
CLG0092,101,8.16,8.18,4,No,7,6,0,No,585506.3285887262
CLG0018,104,7.57,7.59,8,No,8,7,2,No,597007.0532082984
CLG0015,94,8.54,8.99,9,Yes,1,4,5,No,634784.9746865049
CLG0075,104,6.95,7.1,9,No,3,8,1,No,586539.8988493221
CLG0089,94,9.21,8.99,9,No,10,6,5,No,627300.843687473
CLG0005,109,8.39,8.42,2,No,9,5,2,No,626705.0710754966
CLG0041,94,8.49,8.62,3,No,5,8,4,Yes,620895.2221023673
CLG0091,105,7.68,7.82,5,No,5,6,4,No,580204.0328244312
CLG0076,99,9.43,9.52,1,No,4,1,0,No,669260.0364474213
CLG0074,116,6.26,5.94,4,No,1,1,3,No,527236.2157447399
CLG0073,99,6.91,6.44,5,No,7,10,3,No,516988.27481996716
CLG0066,73,8.89,8.73,9,Yes,0,10,5,Yes,592474.8049224326
CLG0073,118,7.46,7.39,8,No,0,6,4,No,605486.5336614538
CLG0051,86,9.45,9.01,1,No,0,8,3,Yes,607177.5336699032
CLG0016,90,6.73,7.04,3,No,8,9,3,No,534396.7961062012
CLG0065,91,6.85,6.69,3,Yes,4,4,0,No,511907.14278627944
CLG0085,120,9.44,9.85,6,Yes,1,7,5,Yes,724905.1315474178
CLG0057,67,7.32,6.97,4,No,10,9,2,No,490174.0086077438
CLG0037,147,7.58,7.14,4,No,0,8,2,Yes,657965.6251323983
CLG0039,115,6.66,6.64,1,Yes,3,8,1,No,556313.8511849708
CLG0065,103,6.38,6.07,10,Yes,10,1,2,No,498994.3984196567
CLG0049,99,8.28,8.72,4,No,1,10,2,Yes,643470.7312071592
CLG0047,104,5.6,5.11,1,Yes,2,6,0,No,454974.36495396507
CLG0040,107,9.4,9.31,5,No,1,9,5,Yes,675407.5442388724
CLG0014,109,8.9,9.33,3,Yes,7,8,0,No,695555.3125701402
CLG0040,108,5.95,5.83,10,Yes,2,2,5,No,503107.00346677925
CLG0048,101,8.47,8.06,5,Yes,1,5,2,No,607267.3288106064
CLG0032,97,8.01,7.81,3,Yes,5,4,1,No,566096.8399234982
CLG0088,97,5.92,5.92,5,No,6,8,2,No,497224.76691753016
CLG0039,97,6.37,6.06,4,Yes,8,9,5,No,498863.6386072011
CLG0033,117,7.04,7.01,9,Yes,10,3,2,No,585859.7994955054
CLG0030,108,8.5,8.84,6,No,9,9,4,Yes,659914.8210336076
CLG0026,55,8.19,8.56,10,Yes,3,1,5,No,543795.3463809383
CLG0043,109,7.66,7.21,2,Yes,4,7,1,No,571728.1370065854
CLG0055,102,8.84,8.5,1,Yes,10,8,5,Yes,624663.0615932696
CLG0044,99,8.79,8.57,1,No,5,6,2,No,627498.3598206466
CLG0078,94,8.09,8.18,1,No,2,4,0,No,593721.4468046718
CLG0076,116,8.93,8.79,9,No,2,4,5,Yes,675201.4914413831
CLG0003,114,6.67,7.01,5,No,2,7,2,No,590861.8872622155
CLG0007,88,9.41,9.63,4,No,4,10,3,Yes,663002.5322089992
CLG0085,106,8.07,7.67,10,No,10,6,4,No,609590.0582203734
CLG0058,85,9.11,9.23,5,No,5,4,4,No,627948.027031487
CLG0091,79,7.73,7.34,9,Yes,8,5,4,No,509270.60233192035
CLG0010,90,6.09,5.85,3,No,8,10,1,No,481401.57398154645
CLG0010,112,7.71,7.39,3,No,4,4,5,No,607605.5454917478
CLG0100,114,6.86,6.53,2,Yes,7,1,4,No,565617.2684360525
CLG0081,107,8.49,8.61,8,Yes,6,4,2,No,639529.4623309642
CLG0042,110,7.38,7.44,7,No,3,6,1,No,596166.9977404472
CLG0034,107,9.18,8.86,2,Yes,0,2,3,No,642305.8922593051
CLG0082,90,8.39,8.88,4,No,2,7,0,No,627750.2818331933
CLG0026,106,8.42,8.34,7,Yes,10,9,4,Yes,650367.7580591935
CLG0060,112,6.09,5.69,1,No,9,10,2,Yes,495833.6281468794
CLG0002,111,9.92,9.54,1,Yes,4,2,1,No,698456.2789972593
CLG0073,117,9.21,9.29,8,No,9,7,5,Yes,706077.3827217717
CLG0045,110,8.95,9.43,6,No,2,2,5,No,702445.8329568419
CLG0005,105,6.65,6.72,2,No,10,9,2,No,554264.499805045
CLG0026,116,7.68,8.13,10,No,3,1,5,Yes,640052.1013198564
CLG0079,99,5.69,5.63,10,No,8,4,4,No,495452.10070464486
CLG0025,86,7.69,7.63,1,No,8,2,0,No,557799.6740629901
CLG0026,97,5.73,5.73,3,Yes,10,1,1,No,488633.2284963704
CLG0092,88,7.77,7.97,4,Yes,8,2,2,No,569585.5575742826
CLG0087,89,8.24,8.11,5,Yes,8,10,1,No,587734.5421325037
CLG0085,97,6.95,7.31,10,Yes,0,6,4,No,564961.6594439313
CLG0022,88,7.49,7.02,3,No,8,5,5,No,538084.4207666987
CLG0019,95,9.38,9.32,5,No,10,1,4,No,647529.0491667746
CLG0010,71,5.54,5.55,7,No,10,3,3,No,411943.36902973783
CLG0042,103,8.96,9.07,9,No,1,10,3,Yes,667331.2899306092
CLG0100,100,5.85,5.63,5,No,7,6,4,No,481300.9519158905
CLG0031,87,5.18,5.11,4,Yes,8,5,1,No,424240.2300188763
CLG0031,109,5.93,5.91,10,No,7,6,2,No,531137.8149318931
CLG0099,114,8.83,9.02,9,Yes,8,8,2,Yes,698656.5488736585
CLG0075,75,7.03,7.3,8,No,4,6,1,No,517975.24305119424
CLG0081,88,9.36,9.6,5,No,9,5,0,No,667777.1676295422
CLG0097,88,7.62,7.46,9,No,6,4,1,No,542603.2451510929
CLG0086,85,5.11,5.61,9,No,10,5,4,No,419049.73279778083
CLG0090,112,8.58,8.93,1,Yes,2,9,4,Yes,662964.6174119519
CLG0036,97,5.55,5.31,6,No,3,10,3,No,441347.52199778386
CLG0066,96,8.95,8.65,5,No,3,6,2,No,604776.999571787
CLG0032,69,5.84,5.65,6,Yes,9,5,3,No,438892.0834026056
CLG0067,109,6.73,6.68,10,Yes,3,8,2,No,531061.9960772407
CLG0063,81,8.81,9.16,3,Yes,10,5,1,No,620505.570433271
CLG0023,100,9.77,10.05,3,No,7,5,0,No,714989.5667156883
CLG0050,104,6.86,7.21,10,No,1,8,5,No,569532.0659811981
CLG0065,120,9.15,8.92,5,Yes,1,9,2,Yes,693760.9520633915
CLG0069,80,5.95,6.04,7,No,4,8,0,No,458585.00394016947
CLG0044,54,9.04,8.82,4,Yes,5,9,0,No,538119.000748203
CLG0058,102,8.29,7.9,6,Yes,3,9,0,No,609867.3864730282
CLG0057,127,5.96,6.14,5,Yes,6,8,1,No,558763.0382493805
CLG0037,118,6.51,6.15,2,No,9,7,0,No,538256.1423886495
CLG0065,103,5.66,5.83,1,No,3,7,0,No,497262.53223865776
CLG0018,92,6.91,7.06,6,No,7,1,4,No,547332.938866211
CLG0005,112,6.02,6.33,5,No,1,7,4,No,549863.2795088923
CLG0082,85,8.22,7.86,9,Yes,9,10,2,No,559843.6695272721
CLG0099,107,9.97,10.25,7,Yes,3,6,4,No,736758.9857052147
CLG0096,107,5.06,5.56,1,Yes,10,1,2,No,486808.14430750994
CLG0026,115,7.7,8.05,10,Yes,6,10,0,Yes,625088.719085015
CLG0033,141,7.87,8.12,6,No,4,10,4,Yes,674449.014483931
CLG0042,105,9.57,9.73,7,No,9,8,3,Yes,715264.7491824926
CLG0088,92,7.53,7.45,3,Yes,10,9,5,No,542922.1601630392
CLG0027,99,7.72,7.95,9,Yes,1,2,5,No,600056.1142849816
CLG0054,73,7.36,7.58,2,Yes,2,4,1,No,527492.361728919
CLG0083,89,6.34,6.47,1,No,3,7,4,No,499139.47156235954
CLG0082,93,5.28,5.58,10,No,4,1,1,No,461116.3501130376
CLG0079,92,7.04,6.99,10,No,6,8,5,No,522663.49095955887
CLG0091,102,5.26,4.88,9,No,2,9,4,No,449374.3401546576
CLG0075,87,7.75,7.81,7,Yes,8,8,5,No,568554.5167911443
CLG0024,116,6.54,6.31,10,No,9,2,4,No,557338.7160037673
CLG0003,100,7.67,7.55,1,No,2,8,3,No,580403.557197485
CLG0039,99,5.67,5.19,4,No,4,8,0,No,449182.4091553279
CLG0071,95,9.66,9.54,10,Yes,4,2,2,No,686792.1919112504
CLG0012,102,9.47,9.78,3,No,6,9,4,Yes,688033.3011138102
CLG0033,112,5.95,5.99,7,No,5,1,4,No,521775.82348622085
CLG0022,86,6.72,6.23,5,No,10,7,1,No,468948.30768012
CLG0035,90,8.07,8.04,9,Yes,2,2,0,No,580509.2409562228
CLG0014,95,5.48,5.27,3,Yes,0,8,4,No,458858.1258655929
CLG0026,79,6.77,6.75,6,No,5,8,4,No,500065.16192496475
CLG0083,87,6.26,6.16,10,No,10,4,2,No,478235.90048032516
CLG0085,92,9.58,10.01,2,No,5,8,5,Yes,683085.6412300193
CLG0054,113,9.26,8.8,3,No,3,5,0,No,671349.43445722
CLG0041,103,7.9,8.08,4,Yes,1,9,0,No,609094.5232159297
CLG0045,102,7.6,7.95,6,No,8,1,5,No,607494.4967307029
CLG0031,112,9.65,10.11,1,Yes,5,5,4,Yes,730354.2377799698
CLG0069,97,9.66,9.34,6,No,0,9,0,No,669828.6237211712
CLG0099,105,9.85,9.88,4,Yes,7,6,0,No,704492.9962985951
CLG0017,98,5.63,5.17,8,No,9,4,2,No,454895.06124383543
CLG0060,103,5.8,5.8,9,Yes,6,1,3,No,489389.44425602857
CLG0096,91,8.38,8.01,8,No,10,10,5,Yes,595416.9069252405
CLG0004,63,7.71,8.05,8,Yes,10,6,5,No,525123.7412814174
CLG0010,97,5.09,4.7,2,No,5,7,2,No,437483.46290675714
CLG0094,121,5.31,5.32,10,Yes,10,7,3,No,505586.669403706
CLG0009,113,9.44,9.46,2,No,10,9,2,Yes,702853.5312220769
CLG0061,114,9.34,9.81,6,No,0,4,5,Yes,707488.9763140687
CLG0090,118,6.79,6.94,5,Yes,9,4,5,No,593453.3684689032
CLG0022,101,9.46,9.25,6,Yes,4,5,4,No,659328.7402686161
CLG0021,102,7.97,7.71,9,No,3,9,2,No,586490.0999895111
CLG0023,90,9.03,8.66,10,Yes,6,2,0,No,609449.9780004497
CLG0061,95,7.14,7.4,7,Yes,1,4,0,No,560692.0976875782
CLG0012,109,5.57,5.76,5,No,0,9,1,No,533711.0422508335
CLG0095,118,7.17,7.28,10,No,6,6,4,No,584248.1372598847
CLG0017,97,7.29,6.83,7,Yes,7,6,0,No,545291.5243920132
CLG0055,93,7.75,8.01,8,No,4,7,4,No,578338.7119254973
CLG0021,100,5.53,5.67,1,No,7,5,2,No,481222.958633608
CLG0054,109,9.96,10.42,10,No,3,4,0,No,730202.3196801475
CLG0047,78,6.22,6.31,7,No,7,3,4,No,474163.30003624817
CLG0041,65,5.99,5.79,4,No,10,2,2,No,431205.11187096854
CLG0097,91,7.63,7.51,5,No,2,7,5,No,542853.1451176313
CLG0015,81,7.69,7.37,2,No,6,5,3,No,525084.4474389775
CLG0096,92,7.2,7.42,10,Yes,5,1,1,No,543696.7748563751
CLG0059,97,8.86,9.07,5,Yes,0,4,2,No,641245.3086531727
CLG0099,93,7.58,7.28,9,No,4,9,5,No,565005.4121879158
CLG0015,121,8.05,7.71,1,No,10,8,3,Yes,634055.4162140666
CLG0029,104,8.62,8.2,3,No,3,7,4,No,601557.8012810007
CLG0011,104,5.13,5.54,4,No,5,5,3,No,481781.47440484114
CLG0029,109,7.85,7.58,9,No,8,1,0,No,602265.456662747
CLG0086,82,9.42,9.26,2,Yes,3,5,5,No,618089.1876086885
CLG0090,115,5.09,4.87,7,Yes,1,8,5,Yes,475965.04569639085
CLG0082,98,7.03,6.94,9,No,7,4,4,No,556158.7478287462
CLG0089,110,9.63,9.84,10,No,0,5,1,No,696521.2237439686
CLG0085,83,6.77,7.14,4,Yes,5,8,1,No,519135.6186909917
CLG0088,76,7.29,6.97,5,No,3,5,4,No,499591.9823090553
CLG0056,112,9.91,10.1,10,No,5,4,0,No,726465.5151795746
CLG0092,105,6.0,5.85,4,No,2,4,4,No,497897.0298817068
CLG0053,86,5.33,5.81,7,Yes,8,6,4,No,465829.0673915358
CLG0003,86,9.3,9.1,8,No,2,10,5,Yes,637418.4927375485
CLG0013,116,9.34,8.85,8,No,2,1,4,Yes,664293.8830406091
CLG0038,82,7.36,7.38,3,Yes,4,4,2,No,520947.7856133703
CLG0070,124,7.57,7.22,2,Yes,6,1,1,No,595640.4414514967
CLG0011,86,9.18,8.72,6,Yes,5,6,1,No,618154.1145642329
CLG0023,109,8.69,8.89,1,No,6,8,0,No,638395.9556022844
CLG0073,95,6.33,6.56,9,No,8,4,1,No,512103.7735909053
CLG0056,109,5.08,5.04,7,No,2,8,0,No,465852.36494975444
CLG0017,91,7.4,7.58,8,No,4,2,5,No,573085.0876240863
CLG0009,97,9.29,9.33,7,Yes,4,5,0,No,658141.330439146
CLG0083,100,9.48,9.61,5,No,2,3,1,No,667957.8211569092
CLG0099,84,9.78,9.88,5,No,10,7,4,No,663244.3271998232
CLG0096,111,9.4,9.57,7,No,9,9,4,Yes,694530.5914247181
CLG0092,92,7.9,7.6,7,Yes,8,1,2,No,574859.2918193414
CLG0028,96,7.22,6.99,2,Yes,8,8,0,No,554403.1544819042
CLG0079,85,8.87,8.81,2,No,5,4,3,No,595768.8318840726
CLG0019,61,8.7,8.65,7,No,4,10,3,Yes,551600.9072848859
CLG0097,97,7.69,7.96,5,Yes,3,5,5,No,588881.0954861738
CLG0087,136,5.44,5.31,2,No,3,1,1,No,523643.4976155562
CLG0092,111,9.63,9.29,1,Yes,4,5,1,No,667825.5018861473
CLG0004,99,7.28,7.03,9,No,1,9,3,No,548096.3520043057
CLG0047,96,6.82,6.53,8,No,7,8,2,No,516164.7096009456
CLG0047,100,8.15,8.38,2,Yes,6,8,5,Yes,602276.4420990695
CLG0031,108,8.37,8.34,2,Yes,6,6,0,No,630653.9254500271
CLG0099,82,6.05,6.26,3,Yes,0,9,0,No,486099.27955323097
CLG0005,116,9.18,9.1,4,Yes,7,4,5,Yes,692317.7570674318
CLG0033,110,6.45,6.84,9,Yes,10,6,1,No,570663.402010823
CLG0048,110,5.93,6.41,6,No,0,3,5,No,548413.5284531708
CLG0032,106,7.03,7.2,3,Yes,8,2,1,No,569131.2939366617
CLG0079,100,8.65,9.01,8,No,5,9,5,Yes,641495.5225916301
CLG0059,110,9.83,9.84,6,Yes,7,5,4,No,711101.8839134215
CLG0098,108,9.05,9.48,8,Yes,0,2,2,No,685276.631128953
CLG0064,94,9.7,10.03,10,Yes,5,5,0,No,699308.2042496497
CLG0047,91,5.7,6.19,2,No,0,6,4,No,498795.2866265228
CLG0009,101,5.36,5.48,8,Yes,2,8,3,No,490412.279251956
CLG0035,123,7.79,8.07,5,No,1,5,4,Yes,659119.152544751
CLG0047,81,6.45,6.49,10,Yes,1,2,5,No,495859.18370562705
CLG0088,77,9.14,8.9,4,No,3,7,3,No,602078.7839100396
CLG0082,102,8.36,8.21,3,No,6,5,3,No,601969.711014682
CLG0017,100,9.85,10.24,9,No,2,2,0,No,699036.2470356898
CLG0001,102,6.27,5.83,10,No,6,6,4,No,481286.3868817904
CLG0055,103,7.43,7.52,7,Yes,8,7,0,No,569340.346254005
CLG0011,96,7.51,7.38,7,No,3,8,2,No,557405.2260374671
CLG0033,122,6.2,6.09,6,No,6,3,2,No,547886.8501859378
CLG0070,75,7.95,8.33,9,Yes,0,4,2,No,579688.2448288917
CLG0056,87,7.22,7.57,3,Yes,1,6,2,No,558723.7573731766
CLG0064,98,7.23,7.33,1,No,7,3,3,No,569827.8077365474
CLG0093,75,6.81,6.58,7,Yes,2,6,5,No,466726.6221070294
CLG0058,97,5.08,5.06,9,No,4,9,2,No,446861.51487528684
CLG0020,124,7.61,7.52,6,Yes,7,5,0,No,619445.1131817915
CLG0018,100,6.68,6.53,10,No,4,2,5,No,527499.0473017264
CLG0078,103,5.01,4.61,2,Yes,0,10,4,No,451879.72137275006
CLG0045,81,6.54,6.58,8,No,1,2,4,No,481558.89486681705
CLG0043,90,6.39,6.19,9,Yes,9,7,0,No,489995.26680708985
CLG0020,94,6.97,7.13,10,No,10,4,1,No,567199.1871920658
CLG0057,95,5.66,5.48,8,No,2,9,1,No,462132.2811488211
CLG0082,119,7.54,7.47,9,No,9,9,1,No,628167.707037174
CLG0027,108,8.46,8.01,1,Yes,1,6,1,No,608794.8231879214
CLG0018,83,8.15,8.64,3,No,8,10,3,Yes,600809.1270677359
CLG0017,103,9.02,9.03,3,No,4,5,3,No,663458.3348839455
CLG0060,107,7.26,6.78,9,No,0,7,4,No,547134.0688581886
CLG0089,117,7.6,7.64,3,No,10,5,4,No,599406.6860931541
CLG0005,123,9.05,9.42,10,Yes,10,9,3,Yes,725754.3692441485
CLG0006,84,7.14,7.41,1,Yes,10,9,3,No,526068.0406699498
CLG0100,87,8.51,8.71,3,No,7,7,4,No,623337.825073797
CLG0097,81,7.17,6.81,2,Yes,2,4,0,No,517622.1818397882
CLG0015,96,7.09,7.25,9,No,10,1,3,No,559592.0673298698
CLG0039,106,8.8,9.07,1,No,8,4,0,No,658976.1761665985
CLG0080,114,5.87,5.94,2,No,8,3,2,No,522187.5777855787
CLG0039,98,6.69,7.08,1,Yes,5,1,0,No,551458.9240261458
CLG0088,95,6.12,5.9,9,No,3,10,0,No,501120.79357255826
CLG0021,102,6.8,6.54,7,No,8,4,3,No,525568.2782717244
CLG0013,87,6.15,6.52,1,No,10,7,2,No,508063.3814530797
CLG0029,131,7.9,8.03,10,Yes,8,2,1,No,661941.5297336107
CLG0098,75,8.99,8.49,6,Yes,1,7,0,No,567344.6424911813
CLG0005,102,8.93,8.78,5,Yes,9,6,2,No,648695.1203249869
CLG0067,130,6.82,7.18,10,Yes,5,9,2,Yes,628248.4371598511
CLG0021,100,9.94,9.47,5,No,10,2,3,No,660349.453137784
CLG0009,97,7.97,7.47,4,No,3,6,2,No,556868.300489042
CLG0067,94,7.0,6.78,3,No,2,6,5,No,543305.700418803
CLG0044,97,9.18,9.59,8,No,9,6,1,No,678635.6475218013
CLG0062,120,8.65,9.05,7,Yes,5,3,3,Yes,674206.5132259009
CLG0094,66,8.75,8.77,5,No,10,6,5,No,563829.5665449059
CLG0067,123,5.98,6.03,9,No,7,9,0,No,551724.7860239438
CLG0062,78,7.34,7.17,7,No,8,3,3,No,508745.08975974104
CLG0062,96,9.31,9.05,10,Yes,8,2,0,No,653485.5585031607
CLG0060,93,7.52,7.84,2,No,1,8,3,No,584515.3354512092
CLG0049,108,8.42,8.03,7,No,7,3,2,No,612526.5163941692
CLG0039,76,7.94,7.93,7,No,10,5,1,No,549057.792736396
CLG0041,106,9.21,9.34,4,No,7,5,3,No,684927.7711278875
CLG0050,130,6.42,6.02,8,Yes,4,2,5,No,564488.2827199618
CLG0098,79,7.88,7.9,4,Yes,3,2,4,No,550600.1263267767
CLG0017,102,5.62,5.7,7,No,8,6,2,No,499597.6566678963
CLG0053,90,8.45,8.69,4,No,3,2,3,No,611171.6048182306
CLG0055,106,8.66,8.39,8,No,9,6,2,No,635304.6507422967
CLG0078,100,5.21,5.0,3,Yes,3,7,4,No,454064.1877376507
CLG0075,90,8.38,8.45,2,No,2,4,5,No,631895.6638983763
CLG0056,107,7.07,7.55,10,No,9,10,2,No,585486.8613121854
CLG0001,127,5.62,5.34,6,Yes,2,4,2,No,527886.9300814809
CLG0065,97,7.1,7.59,7,No,2,3,3,No,582625.0050011178
CLG0064,110,5.97,6.18,7,Yes,10,1,2,No,542198.270943484
CLG0052,80,7.08,7.41,6,Yes,6,4,5,No,522919.1127837055
CLG0015,85,6.92,6.51,8,No,4,3,3,No,484685.66079395043
CLG0002,107,8.69,8.49,6,Yes,8,8,1,No,649776.2974467522
CLG0012,122,8.87,8.43,6,No,1,5,4,Yes,672265.0676480649
CLG0045,105,8.04,7.91,3,No,3,7,5,No,610918.6615958294
CLG0057,95,5.11,5.59,2,No,1,3,5,No,467953.7227385464
CLG0042,99,9.66,9.27,7,Yes,10,3,0,No,663297.8399799663
CLG0002,81,8.43,8.49,6,Yes,7,6,4,No,587779.8817559901
CLG0087,109,5.17,4.68,1,No,3,10,2,No,453487.18908322137
CLG0062,113,9.09,9.3,2,No,0,4,5,Yes,697462.6948977357
CLG0034,93,6.0,5.7,2,Yes,9,8,3,No,444243.08112016175
CLG0017,92,7.9,7.53,1,Yes,2,3,0,No,554346.6098257768
CLG0041,103,7.33,7.17,3,Yes,6,5,0,No,565394.2596424927
CLG0078,93,7.1,7.37,5,No,2,1,5,No,548113.3421387419
CLG0075,99,9.45,9.06,4,No,4,1,2,No,661802.8465054667
CLG0084,131,7.19,6.92,2,Yes,1,8,5,Yes,600710.6667428374
CLG0071,96,5.38,4.89,8,No,7,7,0,No,420387.83273399365
CLG0065,94,9.73,10.2,9,Yes,3,1,3,No,679698.4762793713
CLG0015,90,9.6,9.69,8,No,0,6,2,No,669762.5960149191
CLG0038,111,8.42,8.64,7,No,3,2,5,Yes,653377.4238674203
CLG0098,97,7.34,7.49,10,No,7,1,4,No,557341.3198011133
CLG0073,90,5.46,5.1,2,No,8,10,2,No,452675.09313858266
CLG0065,119,8.95,9.04,6,Yes,0,5,2,Yes,663008.1376148004
CLG0009,121,5.38,5.01,4,No,5,5,0,No,487325.5436594343
CLG0042,90,5.34,5.24,5,No,3,2,5,No,446257.12892976357
CLG0066,72,7.69,7.76,9,No,10,5,1,No,518959.32542106207
CLG0086,115,5.8,5.86,9,Yes,7,7,0,No,514830.38581843616
CLG0089,89,5.04,4.66,4,Yes,0,4,5,No,408628.15989398095
CLG0051,111,7.12,6.65,8,Yes,4,2,5,No,556199.6861437613
CLG0078,70,5.69,5.99,5,Yes,0,5,1,No,424170.7493705758
CLG0099,113,5.8,6.03,9,Yes,3,6,2,No,525627.6385392731
CLG0080,81,5.38,4.96,2,Yes,1,8,2,No,413069.65391468204
CLG0019,110,6.03,5.66,4,No,9,9,5,No,511417.1396554521
CLG0031,100,8.58,8.97,3,No,8,10,4,Yes,661546.9838664397
CLG0066,85,9.04,9.31,7,Yes,1,8,0,No,634251.9408615091
CLG0032,93,7.26,7.76,2,Yes,3,7,4,No,574426.4181547324
CLG0100,110,7.53,7.28,3,No,2,9,3,No,584427.2648743994
CLG0075,101,5.16,5.15,9,No,0,9,2,No,463330.9597657917
CLG0008,108,5.35,5.09,8,No,0,6,5,No,474509.38634107995
CLG0069,129,6.29,6.41,2,No,1,3,5,No,567512.4013013624
CLG0098,76,7.72,7.34,6,Yes,7,8,4,No,516285.23934228416
CLG0032,124,8.7,8.33,3,No,1,3,3,Yes,660639.4414378393
CLG0047,101,8.03,7.6,6,No,0,1,1,No,561333.3467687236
CLG0070,86,6.96,7.15,5,No,5,4,0,No,524118.4398535813
CLG0008,80,5.59,5.58,10,No,0,9,3,No,425376.5478099048
CLG0034,97,8.9,9.02,4,No,9,8,0,No,631829.0119842965
CLG0004,113,6.82,7.2,7,No,8,6,2,No,585397.4559853213
CLG0036,98,8.68,8.92,10,No,5,3,5,No,651421.6085367091
CLG0044,122,7.56,7.52,7,No,9,3,1,No,632182.5913011394
CLG0025,78,8.69,9.17,4,No,5,7,2,No,606549.1198197164
CLG0026,99,9.54,9.5,3,No,0,5,3,No,673266.5570315997
CLG0033,81,9.61,9.22,4,No,6,3,1,No,609379.0591632304
CLG0009,105,7.68,8.17,2,Yes,2,1,3,No,617689.1841508091
CLG0047,113,7.56,7.08,4,No,0,9,0,No,572491.3428326296
CLG0072,93,6.33,6.38,4,Yes,8,5,2,No,518710.2420250289
CLG0017,60,9.68,9.49,5,Yes,7,7,0,No,598584.3915420615
CLG0015,102,7.29,7.29,1,Yes,3,10,1,No,561594.5537788506
CLG0042,106,5.64,5.7,2,Yes,2,9,4,No,487618.3751294085
CLG0054,106,7.16,6.9,8,Yes,1,4,0,No,559865.689826052
CLG0013,118,5.64,5.7,8,Yes,1,5,1,No,512192.1307306572
CLG0050,83,7.51,7.77,8,No,10,3,1,No,543540.1597068184
CLG0044,110,7.81,7.58,5,Yes,2,7,3,No,612426.5003750662
CLG0003,117,6.69,6.57,8,Yes,0,1,0,No,553982.6642142641
CLG0053,73,5.36,5.13,9,No,9,8,2,No,409928.58779021446
CLG0056,104,9.72,10.04,4,No,6,3,0,No,705334.5369607314
CLG0054,92,8.87,9.09,4,Yes,1,4,3,No,634130.5127461235
CLG0057,98,9.19,9.56,7,No,5,10,1,No,682537.4612485606
CLG0012,105,6.83,6.5,5,No,5,4,2,No,547358.7169692934
CLG0093,92,8.8,8.37,10,Yes,10,7,4,No,596724.900493787
CLG0059,89,7.43,7.05,1,No,3,7,5,No,520271.9059770087
CLG0065,100,6.01,5.67,8,No,3,4,2,No,476371.5275210064
CLG0096,83,5.62,5.65,4,No,0,6,5,No,448800.62160750735
CLG0037,83,6.73,7.2,8,Yes,10,8,0,No,529560.9650968068
CLG0020,110,5.69,5.55,2,Yes,5,10,2,No,504451.1275421939
CLG0072,82,9.99,10.45,4,Yes,7,4,0,No,698887.4156086344
CLG0037,109,5.25,4.79,2,Yes,9,1,2,No,461529.6862620014
CLG0031,106,7.21,7.64,5,Yes,3,7,0,No,602285.9373553802
CLG0095,74,7.26,6.94,10,No,0,2,5,No,483006.80685535393
CLG0025,89,6.5,6.91,10,No,3,3,1,No,513001.28058126103
CLG0050,117,7.86,7.42,8,No,1,8,1,No,620798.2556351785
CLG0049,85,5.75,6.2,7,Yes,3,2,0,No,476693.75019555277
CLG0008,93,8.92,8.62,5,Yes,7,2,0,No,624275.7909045671
CLG0094,106,6.66,6.46,7,No,2,4,4,No,541392.8526411271
CLG0094,111,7.96,7.95,5,No,4,6,0,No,604075.9900332376
CLG0091,96,8.58,8.46,7,No,9,10,3,Yes,610956.1550002921
CLG0035,91,9.45,9.62,4,No,10,2,5,No,670363.2437040785
CLG0013,121,9.18,9.65,4,Yes,1,9,0,Yes,720774.3464199066
CLG0021,126,8.04,8.15,10,Yes,8,2,1,No,677930.724908629
CLG0073,114,6.94,7.16,4,No,2,9,2,Yes,580334.4148498317
CLG0024,101,7.52,7.11,8,No,0,7,1,No,559964.3075869892
CLG0048,87,8.84,8.97,1,Yes,6,3,3,No,631699.004877845
CLG0033,87,9.39,9.34,10,Yes,10,9,2,Yes,650422.130285242
CLG0001,107,5.52,5.91,5,Yes,4,9,1,No,523276.64087523194
CLG0072,106,6.92,6.81,10,Yes,8,6,0,No,541088.065992006
CLG0003,121,8.88,9.06,2,No,2,2,5,Yes,691102.936061551
CLG0014,109,7.16,6.89,10,Yes,10,7,0,No,556678.9331559964
CLG0014,77,6.66,6.42,4,No,0,4,2,No,461783.9692412192
CLG0049,115,7.06,6.94,5,No,6,4,5,No,581121.6493565146
CLG0033,85,8.01,7.81,8,No,7,7,4,No,568739.5018259593
CLG0004,94,10.0,9.75,2,No,10,5,3,No,684580.8003319887
CLG0038,103,7.46,7.01,2,No,1,1,1,No,539892.7424931922
CLG0025,129,6.04,6.38,2,No,1,3,1,No,587637.9071937561
CLG0047,146,5.81,5.37,8,Yes,8,7,3,No,543196.4836375576
CLG0013,109,5.21,5.6,3,Yes,3,9,1,No,499639.08472775953
CLG0039,97,7.79,7.42,5,No,0,9,2,No,553920.0689433578
CLG0025,108,7.72,7.29,2,Yes,8,7,4,No,588336.854766717
CLG0073,113,6.03,6.09,6,Yes,8,5,2,No,533214.4911623887
CLG0043,95,8.48,8.48,10,No,5,4,4,No,618243.7013114099
CLG0038,126,8.71,8.7,6,No,5,9,5,Yes,688287.9705314302
CLG0035,103,6.3,6.37,2,No,8,6,0,No,532877.5847443668
CLG0093,107,6.72,6.51,4,No,1,10,4,No,524415.9242025183
CLG0055,109,9.95,10.11,2,Yes,8,2,4,No,727930.2230669425
CLG0050,106,6.87,6.87,10,Yes,3,3,4,No,550973.8029836934
CLG0078,112,8.8,8.63,4,No,3,7,1,No,625604.6025785785
CLG0034,90,7.26,7.59,7,No,8,4,4,No,570157.5090064604
CLG0025,91,8.97,9.2,5,Yes,6,7,3,No,645423.7463466643
CLG0042,83,8.85,8.74,10,No,9,5,0,No,595954.1227741983
CLG0092,106,8.34,8.69,4,No,4,1,0,No,644339.2747984232
CLG0051,111,9.27,9.69,10,No,7,10,1,Yes,703894.5224660181
CLG0094,106,9.7,9.74,10,No,0,3,2,No,698707.6747744656
CLG0037,125,7.9,7.61,3,Yes,6,9,3,Yes,632666.7941029615
CLG0066,99,6.19,6.61,6,No,3,4,2,No,530703.876141106
CLG0085,110,6.99,6.68,2,No,1,5,4,No,550904.5738172933
CLG0034,83,8.79,8.34,4,No,1,2,2,No,575731.5265892734
CLG0083,94,8.25,8.08,8,No,10,10,3,Yes,602932.6544218967
CLG0038,110,5.89,6.12,2,No,8,8,1,No,526342.9988277185
CLG0031,112,5.26,5.68,9,Yes,5,1,1,No,512172.863308657
CLG0026,95,8.41,8.55,2,Yes,10,4,4,No,625080.8481284349
CLG0076,98,6.26,6.71,8,No,3,6,3,No,547742.4940379885
CLG0094,77,7.5,7.09,8,Yes,1,8,1,No,508791.9676102456
CLG0026,94,8.73,8.29,7,Yes,6,4,4,No,601367.6711212272
CLG0063,113,7.81,7.91,10,No,8,2,2,No,627023.972079863
CLG0048,108,5.42,5.89,6,No,1,4,3,No,519029.63156400697
CLG0095,107,5.93,5.93,1,No,3,1,1,No,513659.97776122804
CLG0079,100,6.1,5.65,2,Yes,0,8,3,No,479575.5157441102
CLG0010,100,6.29,6.01,7,Yes,0,9,1,No,498145.7130791302
CLG0036,90,7.83,7.57,4,Yes,2,3,5,No,567450.7868121781
CLG0040,110,7.52,7.36,9,No,0,8,1,No,591294.3103141364
CLG0026,106,6.02,5.56,3,No,3,9,3,No,495206.3528070804
CLG0009,107,5.34,5.74,4,Yes,5,8,1,No,495098.26526628784
CLG0053,92,5.86,5.88,3,Yes,4,2,2,No,475422.3590406125
CLG0081,67,9.92,10.09,7,Yes,8,2,4,No,646681.2454430015
CLG0070,116,7.34,6.91,2,No,10,10,5,Yes,580952.9543561953
CLG0086,92,9.34,8.89,10,Yes,1,4,0,No,631123.52060574
CLG0080,87,9.24,9.33,2,Yes,1,1,3,No,653930.1583771475
CLG0086,110,7.56,7.95,2,Yes,2,3,3,No,613404.6720074912
CLG0053,94,8.53,8.56,4,No,3,4,4,No,611121.1717280531
CLG0039,115,5.96,6.34,8,Yes,8,2,2,No,546526.540776996
CLG0061,109,8.44,8.75,8,Yes,10,7,0,No,642781.3571579846
CLG0052,110,6.36,5.94,8,Yes,5,10,2,No,520371.2027707441
CLG0068,79,9.16,8.86,8,Yes,8,3,3,No,602508.3798180838
CLG0068,118,5.42,5.58,7,No,4,7,0,No,509127.4147266803
CLG0073,103,8.87,8.81,6,Yes,8,7,1,No,655639.2701432199
CLG0078,94,5.5,5.29,7,No,8,9,5,No,450862.3307175394
CLG0042,102,9.41,9.33,5,No,0,4,3,No,693549.6111407183
CLG0090,73,6.52,6.47,8,No,8,4,2,No,472195.610105038
CLG0067,106,8.27,8.68,2,Yes,6,1,4,No,648257.6527209709
CLG0096,84,7.44,7.04,5,Yes,10,6,1,No,534346.8349092599
CLG0075,79,6.83,6.61,7,No,7,6,0,No,468817.9593083143
CLG0051,77,8.23,8.27,9,No,2,7,3,No,564323.1275130819
CLG0003,116,9.74,9.94,10,No,0,9,4,Yes,707647.6396814745
CLG0013,90,5.21,5.34,1,No,3,10,4,No,433603.86874038685
CLG0013,123,9.59,10.03,9,No,0,10,2,Yes,740561.615778045
CLG0061,91,8.05,8.35,3,Yes,0,10,5,Yes,614012.6489829114
CLG0024,74,9.04,9.1,1,Yes,3,9,4,Yes,605752.5768742671
CLG0020,83,6.92,6.63,7,No,7,5,2,No,500584.7091881281
CLG0074,118,7.36,7.31,3,No,0,2,0,No,602585.4590384909
CLG0087,97,9.34,9.53,8,No,9,1,3,No,666050.8982002602
CLG0097,91,7.07,7.41,2,No,9,2,0,No,567640.5114855985
CLG0055,102,7.67,8.13,4,No,8,2,5,No,608588.782176089
CLG0035,107,5.1,5.21,2,No,5,1,2,No,486760.9896131324
CLG0078,116,5.79,5.82,4,Yes,4,8,0,No,510585.18240312295
CLG0080,121,8.21,7.73,1,No,8,3,3,No,641041.525084103
CLG0030,94,8.58,8.15,10,Yes,8,10,3,Yes,591622.5613463061
CLG0083,80,7.91,7.57,5,No,8,10,4,No,538689.2195593367
CLG0033,93,5.72,5.27,3,Yes,2,8,5,No,452949.67972668423
CLG0041,103,7.23,7.13,9,No,7,6,2,No,565532.2905238706
CLG0066,85,6.78,6.62,4,No,9,1,0,No,506934.53327139653
CLG0049,85,7.48,7.62,6,No,3,7,4,No,547137.6275534773
CLG0008,105,9.35,9.39,9,Yes,3,3,4,No,675900.3668660853
CLG0084,99,8.88,8.98,2,Yes,6,9,0,No,644154.394827126
CLG0003,100,5.42,5.39,7,Yes,7,9,2,No,446311.04744772706
CLG0085,88,9.45,9.23,3,No,3,4,2,No,659936.9638726481
CLG0065,96,7.36,7.81,1,No,10,2,5,No,603664.7077990714
CLG0085,86,8.72,8.31,9,No,9,10,3,Yes,586243.5711073787
CLG0072,113,5.7,6.14,9,Yes,5,9,2,Yes,538082.7536501539
CLG0002,115,8.35,8.16,4,No,0,5,4,Yes,648206.573841481
CLG0087,72,6.18,6.19,9,Yes,1,8,3,No,457827.1604524974
CLG0041,86,7.19,6.8,7,Yes,4,9,1,No,508355.73111786804
CLG0053,77,5.08,4.65,4,Yes,3,1,3,No,379439.96275865514
CLG0075,90,5.76,5.69,2,Yes,2,3,4,No,463574.06556012953
CLG0016,98,5.46,5.7,5,Yes,10,7,5,No,467095.6389967471
CLG0009,78,6.2,5.97,8,No,5,2,0,No,454789.7158705322
CLG0096,86,5.5,5.56,10,Yes,9,4,0,No,451560.24933678523
CLG0039,84,8.46,8.24,10,Yes,5,4,5,No,585825.1862066231
CLG0064,103,5.15,5.04,6,Yes,10,7,5,No,446753.41216948564
CLG0036,101,8.09,8.5,5,No,9,2,0,No,620866.0559720539
CLG0023,89,5.7,6.06,4,Yes,7,8,4,No,474057.26080939284
CLG0047,102,9.73,9.75,6,No,1,8,5,Yes,700792.0793685389
CLG0049,91,9.67,9.41,3,Yes,6,6,3,No,636488.206792272
CLG0055,95,6.13,5.82,2,No,6,4,0,No,476879.6736644228
CLG0094,125,8.07,8.52,1,No,1,2,2,Yes,673449.0939368663
CLG0010,120,5.14,4.84,9,No,5,3,1,No,485180.47866217844
CLG0063,80,9.66,9.97,1,No,4,3,0,No,668293.2426473141
CLG0095,112,7.61,7.48,4,No,1,3,5,No,595130.1823789945
CLG0026,112,5.22,5.71,6,No,8,4,0,No,516407.03845785983
CLG0048,82,6.71,6.58,9,No,7,7,1,No,482264.13767943776
CLG0030,112,5.38,5.23,4,No,6,9,2,Yes,492969.35949905275
CLG0002,123,6.96,7.1,7,No,5,10,1,No,603270.4145374101
CLG0029,83,8.35,8.81,7,No,4,4,0,No,596988.5785380837
CLG0054,86,7.35,7.83,6,Yes,8,7,0,No,568546.4899764754
CLG0032,115,6.92,7.13,9,No,4,10,3,Yes,580411.882813929
CLG0038,104,5.6,5.85,10,No,5,6,5,No,495478.67233452224
CLG0021,108,6.22,6.28,7,No,2,10,4,No,540069.6408901777
CLG0027,105,5.5,5.76,3,No,8,9,3,No,499026.98817753437
CLG0088,105,9.04,9.4,6,No,10,8,3,Yes,672451.9504103439
CLG0034,80,5.68,5.67,7,No,7,2,3,No,428278.29312511685
CLG0023,115,7.98,8.1,7,No,8,3,3,Yes,636227.6863885814
CLG0078,117,6.71,6.75,6,No,0,6,3,No,559053.1260917406
CLG0039,96,6.13,6.19,3,No,0,5,2,No,502056.52759013185
CLG0069,99,8.2,8.59,6,No,1,2,5,No,626368.5457190787
CLG0073,77,7.29,7.15,2,No,3,2,4,No,531208.7781552693
CLG0045,107,7.0,6.71,10,Yes,9,5,4,No,553671.3809526762
CLG0063,108,7.96,7.92,1,Yes,4,5,5,No,618944.9157283268
CLG0008,99,7.46,7.17,8,Yes,6,1,4,No,553757.9948269281
CLG0007,116,6.52,6.52,3,No,3,10,2,Yes,564538.7633881825
CLG0030,94,7.8,8.2,8,No,0,3,2,No,605759.5815790108
CLG0012,108,8.35,8.47,3,No,7,9,5,Yes,647331.266303224
CLG0020,84,5.13,5.49,2,Yes,10,10,2,No,442869.9888956935
CLG0064,99,7.33,7.0,8,Yes,2,3,0,No,547145.1634854592
CLG0029,97,5.29,5.69,3,Yes,8,6,4,No,465618.2473903901
CLG0055,103,5.93,6.03,8,Yes,1,6,1,No,515130.70412759477
CLG0012,94,7.8,7.33,2,No,10,2,3,No,538444.8067009792
CLG0084,98,9.33,9.46,4,No,0,7,0,No,661563.9747280467
CLG0022,112,9.41,9.86,9,No,9,9,0,Yes,728016.3413502361
CLG0023,93,5.35,4.93,1,No,7,9,3,No,417031.0528265499
CLG0048,75,7.1,7.18,2,No,2,8,0,No,503137.59558628313
CLG0045,126,7.92,8.34,2,Yes,0,5,2,Yes,676899.6664483167
CLG0026,120,5.74,5.25,9,No,10,8,0,No,492933.13911768765
CLG0028,80,8.83,8.96,10,No,2,9,4,Yes,607593.137209054
CLG0055,110,8.72,8.69,5,No,7,1,4,No,657974.4660454298
CLG0073,92,9.52,9.37,4,No,10,1,5,No,664904.2495325987
CLG0069,103,5.04,5.17,10,Yes,3,5,5,No,470992.1724758887
CLG0002,104,6.08,5.63,10,No,9,7,1,No,486329.2509499536
CLG0028,96,9.14,9.39,4,Yes,10,9,4,Yes,652387.7867924956
CLG0077,88,8.35,7.85,7,No,6,9,3,No,564038.9791335929
CLG0079,89,9.47,9.28,3,No,7,3,3,No,645105.5095997145
CLG0053,86,5.29,5.29,9,Yes,6,1,4,No,439370.2960032947
CLG0014,87,7.98,7.86,5,Yes,0,3,2,No,558839.0314759589
CLG0046,98,7.85,7.66,9,No,3,8,4,No,575620.9263151566
CLG0078,89,5.18,5.51,1,No,9,7,2,No,461945.578561247
CLG0067,110,7.57,8.0,10,No,8,5,5,No,602515.3981393179
CLG0074,122,8.05,8.42,8,No,6,10,3,Yes,660379.9643981674
CLG0070,91,5.96,5.98,2,No,0,9,4,No,479564.4631009478
CLG0020,103,6.37,6.75,8,Yes,7,4,5,No,550776.0368088732
CLG0035,107,8.2,8.62,4,Yes,3,6,1,No,628692.5540176013
CLG0048,107,7.34,7.25,2,No,6,5,3,No,561870.1732662097
CLG0043,101,9.29,9.07,2,No,5,6,1,No,643809.1468189012
CLG0020,111,6.71,6.31,6,No,6,4,3,No,529290.4851464989
CLG0056,107,6.33,6.31,3,Yes,9,3,0,No,536881.8876534302
CLG0003,81,9.92,10.37,10,No,9,5,5,No,685548.5725618362
CLG0068,113,9.56,9.62,3,No,0,5,0,No,702459.725559914
CLG0011,113,5.14,5.31,9,No,5,2,0,No,493754.7179336124
CLG0062,88,8.85,8.46,5,No,2,10,1,No,599264.4300919615
CLG0061,100,5.55,5.19,7,No,9,4,2,No,452036.07698536606
CLG0095,110,5.14,5.1,5,Yes,3,3,3,No,463592.19952966174
CLG0058,96,6.37,6.82,2,No,0,7,0,No,529655.421915162
CLG0029,116,6.35,6.21,8,Yes,9,5,1,No,549837.7043102295
CLG0038,135,9.1,9.48,9,No,7,6,3,Yes,746073.1687463501
CLG0084,88,8.55,8.17,2,No,1,7,0,No,569749.4102997063
CLG0088,79,9.91,10.03,2,No,2,2,0,No,658462.9023098877
CLG0087,104,8.56,8.66,4,No,6,10,0,No,635999.5997727935
CLG0022,110,7.09,7.45,8,No,1,4,1,No,600370.3946240519
CLG0086,96,8.49,7.99,5,No,3,6,2,No,592059.6786091692
CLG0041,121,10.0,9.69,5,No,6,3,5,Yes,729345.0480011646
CLG0084,79,8.55,8.27,7,Yes,2,6,5,No,575531.5756515616
CLG0063,110,8.81,9.26,4,Yes,1,10,0,No,685238.7786507948
CLG0038,90,9.69,9.34,9,No,7,1,0,No,642773.03289112
CLG0050,125,5.57,5.11,4,Yes,1,8,2,Yes,498903.57241392345
CLG0007,129,8.52,8.55,8,Yes,9,10,5,Yes,697954.3718881769
CLG0024,88,9.25,9.28,3,No,6,5,2,No,632139.882816933
CLG0046,91,9.77,10.11,6,No,10,1,4,No,678854.0064028259
CLG0025,112,6.05,6.5,1,No,2,10,0,No,557788.750508918
CLG0078,94,7.52,7.56,7,No,3,10,5,No,571135.7571679797
CLG0029,99,8.4,8.83,7,Yes,5,1,3,No,638687.8782503533
CLG0067,100,6.24,6.47,2,No,10,10,4,No,521507.3824453657
CLG0093,71,8.0,7.76,5,No,2,3,3,No,528974.4511535618
CLG0080,99,6.29,6.72,4,Yes,0,6,2,No,525485.3786645079
CLG0085,89,6.67,6.84,10,No,7,2,5,No,520992.8405029221
CLG0022,92,7.21,7.12,9,No,3,8,4,No,553716.2674130604
CLG0085,121,7.65,7.83,2,No,0,10,1,No,641323.3236343684
CLG0086,81,7.25,7.15,3,No,1,7,4,No,510601.39516258147
CLG0009,112,7.47,7.08,1,No,5,2,4,No,557727.6064499245
CLG0087,95,6.49,6.71,10,No,0,1,2,No,513356.08533677744
CLG0049,95,5.79,6.11,5,Yes,8,7,0,No,502483.386248453
CLG0073,111,5.24,5.47,3,No,6,7,2,No,476427.9325745935
CLG0096,105,5.98,5.71,4,Yes,7,3,2,No,515544.9322433102
CLG0036,108,7.91,8.37,4,No,7,10,2,Yes,638471.0640147962
CLG0100,114,8.93,8.46,6,No,5,8,3,Yes,672177.4009164218
CLG0005,95,5.85,5.68,10,No,7,8,5,No,452452.9704811534
CLG0090,90,5.54,5.3,7,No,6,5,1,No,441888.8932590085
CLG0004,83,8.75,8.3,7,Yes,0,7,3,No,575870.0504966849
CLG0024,87,6.53,6.44,8,No,2,3,4,No,495475.7566690062
CLG0041,144,9.76,9.88,3,Yes,8,6,2,Yes,775168.3426089134
CLG0014,118,8.57,8.95,5,Yes,7,3,5,Yes,685674.9812625044
CLG0091,79,6.63,7.12,10,No,4,9,0,No,513242.7999827669
CLG0012,80,6.45,6.76,6,No,0,7,2,No,512503.71334448777
CLG0082,107,7.62,7.59,6,No,1,1,3,No,593884.3240842558
CLG0044,108,5.4,5.62,8,Yes,9,8,5,No,476547.3341782515
CLG0009,108,5.59,5.93,5,No,9,9,1,No,510501.4979415859
CLG0066,96,5.88,5.85,5,Yes,8,10,3,No,488325.70475851686
CLG0038,98,8.87,9.16,1,Yes,9,2,2,No,653527.1649080082
CLG0096,104,7.57,7.55,1,No,7,1,5,No,589038.8027263519
CLG0077,101,5.05,4.94,6,Yes,8,4,1,No,432695.26430422754
CLG0057,66,8.37,8.4,10,Yes,1,9,0,No,523201.40734990267
CLG0047,96,7.12,7.3,10,No,2,6,3,No,557002.9314350229
CLG0055,87,7.55,7.78,5,Yes,2,10,5,No,558889.3418614707
CLG0088,102,6.07,5.93,10,Yes,0,8,3,No,492789.7448237086
CLG0002,144,7.76,7.83,6,No,1,7,5,No,663273.9462805863
CLG0083,105,9.9,10.31,9,No,9,5,4,No,752397.2891999359
CLG0018,95,5.37,5.85,8,No,4,5,5,No,463446.83823774895
CLG0066,113,6.42,6.15,7,Yes,6,6,1,No,549976.8571953825
CLG0090,107,6.21,5.9,7,No,5,6,3,No,500322.7161721916
CLG0057,106,6.24,6.42,6,No,1,5,4,No,528007.8123842179
CLG0064,109,6.89,6.8,6,Yes,7,8,0,No,566528.2962997245
CLG0088,130,9.09,8.61,1,No,3,3,5,Yes,690041.7548666095
CLG0027,83,9.56,9.41,7,No,10,9,3,Yes,654608.6116545543
CLG0053,107,6.01,6.32,5,No,1,5,3,No,529919.4333968977
CLG0059,86,7.71,8.01,7,No,3,9,2,Yes,557397.8100186501
CLG0029,108,8.18,8.17,6,No,7,5,3,No,630641.2997804236
CLG0072,86,7.61,7.58,8,No,0,3,0,No,559995.4075321193
CLG0095,93,7.17,7.25,3,Yes,10,9,5,No,544273.8477169282
CLG0098,95,5.96,5.68,8,Yes,8,2,4,No,496181.78618112346
CLG0014,114,7.44,7.47,7,No,7,5,5,No,596342.634279597
CLG0068,113,7.01,6.52,1,No,7,3,1,No,547271.6622129466
CLG0043,81,8.98,8.96,3,No,9,7,0,No,627692.2055538925
CLG0029,100,8.82,8.66,10,Yes,8,4,1,No,629560.790574413
CLG0057,89,5.67,5.84,4,No,6,8,0,No,472152.57537939545
CLG0033,81,5.44,5.58,9,Yes,10,1,5,No,417722.17987080547
CLG0021,96,9.54,9.42,6,No,8,5,5,No,656973.1904793391
CLG0041,95,7.68,7.19,7,No,0,8,4,No,550283.1241226423
CLG0001,136,9.29,9.04,5,No,0,2,2,Yes,713563.0534009765
CLG0027,106,5.29,5.42,3,Yes,3,6,4,No,483269.7810616192
CLG0002,79,7.63,7.2,5,Yes,1,7,5,No,534613.4875427763
CLG0064,91,7.7,7.31,7,No,7,6,1,No,549125.5391550628
CLG0051,115,9.3,9.45,9,No,0,10,1,Yes,690174.4994604295
CLG0054,131,5.49,5.75,9,Yes,3,3,5,No,542480.3269079349
CLG0074,76,6.2,6.02,8,No,10,6,3,No,470503.08620254154
CLG0074,71,7.03,7.02,5,No,10,7,5,No,484235.00186318083
CLG0030,128,9.33,9.78,7,Yes,8,3,2,Yes,761252.115087306
CLG0001,105,9.69,10.14,4,Yes,1,10,4,Yes,705965.4748264686
CLG0095,86,9.96,9.77,10,No,5,2,5,No,639016.0909295613
CLG0099,108,9.8,10.11,5,Yes,3,3,4,No,720343.9678842031
CLG0029,60,5.03,5.12,4,Yes,3,1,1,No,388058.8828177327
CLG0013,100,5.24,5.72,3,No,5,7,2,No,483479.39382023964
CLG0073,104,5.74,5.72,1,No,9,4,4,No,484206.09807437763
CLG0043,113,6.74,7.01,5,No,3,3,2,No,586112.6198006561
CLG0041,84,9.15,9.42,2,Yes,8,6,2,No,638507.2146612636
CLG0075,101,9.46,9.46,6,No,7,3,4,No,678179.3004244898
CLG0088,86,5.93,6.23,5,No,7,10,5,No,473941.14861114084
CLG0089,103,8.1,7.86,2,Yes,4,3,2,No,592943.9076196178
CLG0058,86,9.59,9.21,8,No,5,9,5,Yes,618874.3069759728
CLG0077,93,7.32,7.25,5,No,0,2,0,No,544118.5972325518
CLG0014,85,5.52,5.96,2,Yes,0,5,1,No,466238.5076904256
CLG0041,109,7.29,7.29,1,Yes,8,10,2,No,576619.8322797953
CLG0067,112,6.88,7.02,2,No,3,10,2,Yes,575766.5012719614
CLG0054,96,7.89,8.01,1,Yes,2,2,0,No,587654.2520797144
CLG0006,100,7.19,6.82,10,No,4,6,3,No,537888.0818328483
CLG0046,78,5.09,4.98,10,No,8,4,2,No,403929.66026105743
CLG0077,95,9.97,10.18,3,No,8,7,4,No,696626.2310951081
CLG0001,99,7.72,8.19,3,Yes,2,1,5,No,615906.5115366031
CLG0029,139,7.37,7.04,10,No,6,8,5,Yes,619243.6127153366
CLG0078,83,9.77,9.68,1,No,2,2,3,No,658066.1958781173
CLG0076,121,5.78,5.38,7,Yes,2,4,5,No,492989.12857341784
CLG0026,114,5.95,5.69,10,No,3,7,5,No,517563.5650842212
CLG0058,104,9.04,8.92,7,No,1,8,5,Yes,647220.486730742
CLG0087,126,6.3,6.34,9,Yes,5,9,3,Yes,565945.9545357196
CLG0003,105,9.0,8.73,5,Yes,4,5,0,No,652684.1593160968
CLG0060,105,6.36,6.09,4,Yes,9,9,4,No,518112.5998763467
CLG0014,99,5.17,5.45,5,No,9,9,5,No,470681.02659201255
CLG0098,118,7.59,8.05,8,No,1,3,3,Yes,648432.7849235572
CLG0023,116,5.98,5.8,8,Yes,9,7,2,No,527916.1054735931
CLG0062,90,8.79,8.98,4,No,1,8,0,No,634765.7952924708
CLG0010,80,8.21,7.97,8,Yes,1,1,0,No,558619.4659171258
CLG0004,96,9.62,10.05,4,No,3,10,0,No,687277.2929170798
CLG0039,87,8.91,9.08,4,Yes,2,5,5,No,634385.6826596089
CLG0074,99,5.9,6.2,8,Yes,8,1,1,No,520775.9760586812
CLG0088,118,9.0,8.55,2,No,4,3,3,Yes,667793.8527238988
CLG0034,93,8.21,8.31,4,No,0,2,5,No,606714.2144203349
CLG0088,99,8.34,8.37,1,No,1,2,4,No,605403.1241114018
CLG0025,100,9.16,8.95,1,No,6,4,4,No,647190.8836241345
CLG0052,112,7.87,7.63,8,No,7,5,1,No,625587.419677511
CLG0015,66,7.33,7.41,4,No,5,1,5,No,509408.93938267365
CLG0012,90,8.18,8.39,6,Yes,6,6,2,No,610804.4304479755
CLG0001,103,6.49,6.02,5,No,1,5,3,No,483534.7103281256
CLG0009,118,5.91,5.98,10,Yes,5,4,0,No,539660.1757058268
CLG0059,92,8.08,7.75,6,Yes,5,6,1,No,573737.4641818671
CLG0014,71,6.17,5.81,4,No,3,2,1,No,434152.87115898804
CLG0031,109,5.4,5.52,4,No,10,8,3,No,500025.04288912355
CLG0088,90,5.0,4.81,7,No,3,6,4,No,413207.6246701403
CLG0053,82,8.04,7.98,1,No,1,3,5,No,563128.9984936945
CLG0063,90,6.81,6.67,9,Yes,2,4,3,No,531501.3643054393
CLG0010,97,8.76,8.91,10,No,9,2,4,No,650843.2794999062
CLG0043,90,6.88,6.85,3,No,5,4,3,No,524937.1797021053
CLG0018,66,7.43,7.89,4,No,3,9,4,No,536805.542277013
CLG0067,113,7.04,6.89,9,No,2,4,5,No,565384.6961986833
CLG0059,119,8.25,8.49,5,No,0,8,1,Yes,638515.3348241571
CLG0076,109,6.78,6.54,4,No,10,3,4,No,544550.2653462061
CLG0099,82,9.82,9.83,6,Yes,10,5,3,No,665003.0488436735
CLG0023,96,9.68,9.73,1,No,10,2,2,No,674912.6516981642
CLG0086,99,9.24,9.07,10,No,2,9,3,Yes,649253.5207835815
CLG0075,108,9.6,9.57,1,No,0,9,1,No,705639.9223517737
CLG0046,110,7.25,7.03,5,Yes,3,10,4,No,565373.7136826385
CLG0049,88,7.68,7.19,5,No,3,7,4,No,538284.2256380733
CLG0023,101,8.71,8.43,9,No,10,2,4,No,627313.3116566363
CLG0012,106,8.48,8.68,1,No,0,4,1,No,634040.5168405436
CLG0029,121,9.45,9.72,3,No,6,6,5,Yes,736047.2948306955
CLG0089,110,8.58,8.36,3,No,4,9,3,Yes,653194.7329954716
CLG0088,111,9.99,9.9,4,No,0,6,4,Yes,714210.6354522211
CLG0059,101,6.74,6.28,7,Yes,4,4,2,No,523342.50273086736
CLG0053,121,9.16,8.9,7,Yes,6,1,5,Yes,688776.489806586
CLG0068,106,8.49,8.77,10,No,5,7,2,No,650703.736368465
CLG0063,87,8.46,8.57,5,Yes,9,7,0,No,578267.0841321961
CLG0029,121,6.63,6.34,9,No,4,6,2,No,546424.7414640286
CLG0003,110,8.93,8.69,7,Yes,7,3,0,No,680346.7815886938
CLG0095,93,9.5,9.82,2,Yes,8,5,4,No,667393.6330919258
CLG0089,92,6.09,5.8,3,Yes,0,7,1,No,464120.6153275908
CLG0037,104,8.13,7.96,7,No,5,6,1,No,596828.2372914072
CLG0063,106,6.96,7.12,5,No,1,7,1,No,566654.420414048
CLG0023,102,9.95,10.01,7,No,7,5,4,No,723404.0836768413
CLG0049,104,7.39,7.35,9,No,4,1,4,No,569104.5806398237
CLG0086,125,6.14,6.54,9,No,0,10,3,Yes,569362.6983056694
CLG0093,116,6.91,6.63,3,Yes,4,5,5,No,568419.9332716566
CLG0100,102,8.27,8.51,8,Yes,9,2,2,No,629994.1365085881
CLG0077,114,5.38,5.04,6,No,4,10,4,Yes,465270.1965460842
CLG0003,84,8.02,8.14,4,No,1,10,2,Yes,565920.7097049205
CLG0022,105,9.66,10.03,4,No,3,2,1,No,703042.4235950827
CLG0036,127,9.25,9.21,4,No,5,4,2,Yes,737961.8859582426
CLG0010,96,5.34,5.56,7,Yes,0,6,3,No,477586.6065593242
CLG0009,87,9.97,10.29,6,Yes,10,5,1,No,691409.6036802275
CLG0056,90,8.49,8.13,2,No,8,7,2,No,573703.191825134
CLG0055,83,5.81,6.02,5,Yes,6,10,3,No,466546.8522330265
CLG0019,88,5.06,5.48,5,Yes,5,8,5,No,452297.459026444
CLG0072,94,5.86,5.94,6,Yes,0,10,2,No,486744.9504842058
CLG0033,78,9.19,8.88,7,No,7,1,3,No,604629.9025068337
CLG0020,100,5.11,4.74,8,Yes,7,8,2,No,407458.45753370534
CLG0094,113,6.17,5.93,10,Yes,3,3,1,No,526624.2586515739
CLG0035,86,8.79,8.39,8,No,3,10,1,No,568507.4940515633
CLG0031,122,7.93,7.94,5,Yes,0,10,0,No,639607.6180747359
CLG0083,107,8.91,8.48,2,Yes,8,2,3,No,623801.8718295428
CLG0050,115,8.73,8.45,10,Yes,7,2,2,Yes,666540.976682241
CLG0046,90,5.25,5.19,8,Yes,9,5,5,No,433619.5259334955
CLG0078,112,9.46,9.43,6,No,6,2,2,Yes,715435.7002388401
CLG0010,83,6.14,6.21,3,Yes,1,4,2,No,476906.70356836455
CLG0067,113,7.77,7.98,4,No,6,3,4,No,616128.6976382206
CLG0034,102,8.22,7.77,1,Yes,3,8,3,No,594556.2021292673
CLG0051,108,5.84,5.42,3,No,2,9,2,No,483996.497054603
CLG0092,82,9.88,9.44,4,No,10,6,0,No,630354.1063001187
CLG0083,86,7.44,7.36,2,No,9,4,1,No,547802.4033899857
CLG0039,108,5.29,4.83,6,No,3,2,4,No,469891.1152880381
CLG0090,85,9.69,9.94,8,Yes,9,8,4,Yes,662511.7324763172
CLG0068,106,7.93,7.65,6,No,5,3,1,No,616818.1987774441
CLG0012,79,8.5,8.94,10,No,6,2,5,No,591382.587595908
CLG0026,112,7.63,7.62,3,No,1,4,5,No,594348.608988802
CLG0071,81,9.17,9.12,9,Yes,6,2,4,No,614443.394242652
CLG0067,108,5.17,5.45,4,Yes,9,3,0,No,494077.759479647
CLG0090,109,6.34,6.55,6,No,1,9,0,No,530415.117410489
CLG0002,89,7.35,7.46,4,No,10,7,1,No,547149.8883368818
CLG0012,108,5.38,5.82,4,No,1,1,3,No,481606.00895396713
CLG0059,103,8.53,8.45,2,No,0,10,5,Yes,625086.4041107604
CLG0032,91,6.97,7.28,10,Yes,10,5,4,No,551776.4631498171
CLG0051,84,6.36,6.24,2,No,6,5,2,No,476893.2832774559
CLG0011,70,5.02,5.36,2,No,0,9,5,No,403453.674919545
CLG0032,105,8.6,8.36,2,No,2,1,2,No,616833.6004444804
CLG0064,76,9.17,8.96,8,Yes,10,1,0,No,597132.6811493223
CLG0045,101,6.98,7.16,10,No,7,10,3,No,553520.2894096402
CLG0079,96,7.82,7.53,4,Yes,0,7,3,No,581330.2814389804
CLG0054,110,6.14,5.87,4,No,5,7,5,No,513460.2897974799
CLG0006,95,8.11,7.92,10,No,1,8,4,No,584157.8920159652
CLG0026,95,5.06,5.24,10,No,8,4,5,No,452210.1199547477
CLG0008,110,7.44,7.83,3,No,1,7,4,No,632895.7615961393
CLG0008,105,8.22,8.39,5,No,5,6,1,No,632239.6939406393
CLG0038,104,9.59,9.92,4,No,3,1,0,No,713952.270775402
CLG0008,107,6.91,6.95,7,Yes,8,2,1,No,567486.5332943993
CLG0017,76,8.83,8.4,10,No,0,8,1,No,577552.6206939867
CLG0083,111,7.99,7.59,7,No,0,6,3,No,590133.3821013274
CLG0003,109,9.64,9.69,6,Yes,9,7,4,No,697454.4004613868
CLG0041,84,6.99,6.82,7,No,2,8,2,No,522552.12609643664
CLG0073,96,6.6,6.32,7,Yes,10,5,1,No,515124.3871165826
CLG0053,99,9.44,9.41,8,Yes,5,5,0,No,678067.4821837663
CLG0097,97,5.25,5.42,1,Yes,2,2,1,No,458290.25514880795
CLG0096,105,5.68,5.56,3,No,6,4,2,No,493255.5085787644
CLG0096,121,5.41,5.71,3,No,8,2,2,No,529206.0550184476
CLG0070,116,9.22,9.46,5,No,9,7,0,No,699904.1204902686
CLG0062,80,5.05,5.28,10,Yes,1,9,5,No,430511.0631729225
CLG0053,109,9.31,9.8,7,Yes,3,2,2,No,700032.8609483865
CLG0059,119,7.26,7.06,10,No,2,4,2,No,599647.8786988315
CLG0093,105,5.02,5.16,6,Yes,5,8,5,No,469603.8477043139
CLG0081,116,7.01,7.37,4,No,4,9,2,Yes,613092.7791367689
CLG0083,130,5.93,6.01,6,No,2,4,1,No,557971.6237750333
CLG0095,115,8.12,8.41,7,No,8,8,0,Yes,661110.4189416948
CLG0083,103,8.4,8.31,4,No,7,7,1,No,605765.9020360364
CLG0023,115,7.44,7.53,8,Yes,2,5,5,No,603915.6580447702
CLG0047,102,5.2,4.76,5,No,9,4,0,No,445444.7893835318
CLG0035,100,8.28,8.77,3,Yes,4,6,2,No,647885.5539688942
CLG0014,94,9.21,9.51,2,No,4,6,2,No,656154.1980603664
CLG0065,123,8.6,8.97,1,No,4,2,4,Yes,687876.6264633222
CLG0097,87,9.15,9.34,4,No,7,3,2,No,641068.5292520339
CLG0049,122,6.0,5.69,2,Yes,2,6,0,No,535755.1839362774
CLG0036,107,9.44,8.97,3,No,2,4,3,No,678571.3193359133
CLG0001,79,6.61,6.97,1,No,7,3,0,No,507619.4266129306
CLG0084,105,5.07,4.97,6,No,8,4,2,No,451112.27435080876
CLG0022,68,9.22,8.98,4,No,4,6,2,No,583080.234128371
CLG0035,109,9.71,9.77,5,No,9,3,3,No,703584.0483728234
CLG0003,113,8.28,8.2,8,No,7,1,2,Yes,644441.1658500058
CLG0012,91,6.16,6.31,4,No,4,6,4,No,497581.9993908827
CLG0037,101,6.26,6.24,6,No,3,2,3,No,508393.7908356847
CLG0058,129,7.33,7.53,3,No,1,9,1,No,629904.8050810769
CLG0077,92,9.49,9.84,8,No,10,6,5,No,680782.8450470027
CLG0012,84,5.75,5.45,3,Yes,3,1,4,No,426191.23379398446
CLG0002,122,9.13,8.96,7,No,1,4,0,No,680112.8629640213
CLG0084,129,6.46,6.4,7,No,6,5,5,No,583600.8223086703
CLG0065,100,9.04,9.5,3,Yes,6,8,5,Yes,672618.3519081122
CLG0058,115,9.6,9.47,3,Yes,8,3,4,Yes,692751.7737410922
CLG0060,120,7.14,7.02,10,No,3,9,4,Yes,607711.3988931992
CLG0041,88,6.83,6.98,10,No,4,9,2,No,536109.0230384233
CLG0035,92,9.01,8.93,8,Yes,10,10,1,No,626540.2691450049
CLG0088,118,7.65,8.1,3,No,3,5,3,Yes,635173.9581359044
CLG0090,125,8.42,8.81,2,No,3,4,5,Yes,682893.8241819767
CLG0011,108,8.11,8.12,5,Yes,4,7,4,No,625547.695906272
CLG0052,86,5.76,5.9,7,Yes,2,9,5,No,486276.8098279297
CLG0052,129,9.22,8.78,8,No,8,6,2,Yes,696771.6263308213
CLG0062,92,5.98,6.18,1,Yes,6,7,4,No,493909.8455211471
CLG0063,94,9.66,9.87,2,Yes,0,1,1,No,696083.1683442065
CLG0015,105,6.25,6.11,7,Yes,0,4,3,No,514177.2540740884
CLG0070,123,8.67,8.39,9,Yes,0,2,2,Yes,668493.4655384194
CLG0040,112,6.42,6.84,3,Yes,2,1,4,No,569226.0907560439
CLG0009,106,6.59,6.52,8,Yes,8,7,1,No,535170.4055295853
CLG0070,106,6.55,6.7,10,No,7,10,0,No,545640.1591538895
CLG0017,100,8.74,8.27,3,No,8,4,0,No,603374.8645069387
CLG0023,108,7.78,7.69,4,Yes,4,2,1,No,614315.0982540495
CLG0058,62,9.41,9.73,2,No,6,5,5,No,613887.5500693099
CLG0095,95,6.54,6.43,9,Yes,9,7,3,No,502952.88592627074
CLG0080,103,8.46,8.56,5,No,8,2,4,No,641223.9609223505
CLG0051,82,8.76,8.47,5,Yes,4,7,4,No,588863.7262780595
CLG0057,105,5.76,5.68,4,No,7,3,1,No,482731.2189778272
CLG0086,96,7.0,7.43,5,Yes,7,8,4,No,551484.5098929468
CLG0016,126,7.41,7.48,1,No,2,7,3,No,632704.1436633028
CLG0045,123,6.78,7.18,10,Yes,4,1,1,No,600806.7227774304
CLG0061,93,6.61,7.01,10,Yes,7,9,5,No,540443.9420402796
CLG0012,97,8.43,8.87,6,No,9,6,0,No,641511.1291712875
CLG0073,98,6.08,6.48,4,No,2,4,0,No,512281.7450707678
CLG0006,93,8.55,8.05,4,No,2,6,2,No,599198.2819743872
CLG0004,102,9.68,10.11,5,No,5,2,5,No,701942.5806445171
CLG0081,88,7.83,7.47,1,Yes,6,2,5,No,548269.0718656615
CLG0074,83,8.06,7.6,4,No,6,8,0,No,558940.7618708273
CLG0035,109,5.34,4.9,10,No,5,10,4,No,464468.1565468973
CLG0047,109,9.32,9.17,3,Yes,6,5,3,No,685535.2051817062
CLG0085,87,6.43,6.55,5,No,6,7,3,No,510475.47077370516
CLG0019,113,8.08,7.98,10,No,3,1,2,No,608659.8495268229
CLG0027,90,9.9,9.43,5,Yes,7,6,5,No,657190.8151561217
CLG0011,103,7.98,7.96,8,Yes,7,10,4,No,600738.8631377559
CLG0070,112,8.62,8.56,1,Yes,1,7,5,Yes,667401.5112310846
CLG0059,99,7.23,7.49,3,No,9,10,1,No,574096.5151058243
CLG0041,106,5.3,5.08,5,No,4,7,2,No,474925.3510620459
CLG0043,92,8.99,8.71,3,No,1,10,4,Yes,616811.2238496164
CLG0028,97,5.17,4.93,6,No,2,3,1,No,456103.9639249832
CLG0063,96,8.5,8.3,10,Yes,2,9,0,No,599181.7846086826
CLG0067,88,5.11,5.21,3,Yes,4,9,0,No,418231.65493909
CLG0045,97,9.31,9.28,6,No,7,5,1,No,643141.9281257235
CLG0024,76,5.79,5.63,8,No,2,9,2,No,427711.22617590067
CLG0077,92,7.57,7.44,4,Yes,6,7,1,No,571445.413714027
CLG0064,95,7.99,7.86,8,Yes,4,7,5,No,578172.6266151778
CLG0079,96,7.29,7.76,7,Yes,9,9,4,No,578084.8890276669
CLG0073,96,6.7,6.43,4,Yes,9,2,5,No,506292.9917504119
CLG0039,99,7.34,7.66,3,Yes,9,10,5,No,596988.9348488379
CLG0099,107,6.56,6.77,5,Yes,3,5,1,No,545565.6416795476
CLG0045,113,7.19,6.7,5,Yes,1,8,4,Yes,534453.9812037116
CLG0061,90,6.79,7.28,7,No,5,8,4,No,550618.0142343505
CLG0082,81,7.83,8.09,1,No,3,3,0,No,564484.2702100807
CLG0043,84,6.19,6.37,9,No,3,5,4,No,472503.26392432215
CLG0067,92,9.94,9.85,2,No,4,4,3,No,692337.4263347692
CLG0092,94,7.5,7.56,9,No,8,4,5,No,576259.2764140709
CLG0080,88,5.97,5.72,9,No,0,2,0,No,467225.54993930185
CLG0042,80,7.39,6.93,3,Yes,4,6,5,No,508600.4750441275
CLG0041,93,9.33,9.67,7,No,4,1,0,No,692459.1437463798
CLG0047,102,5.11,5.51,3,Yes,1,8,1,No,469462.10695586767
CLG0043,108,8.4,8.06,8,Yes,2,10,4,Yes,607704.549290882
CLG0023,91,7.74,8.03,8,No,3,9,5,Yes,592158.4628862441
CLG0032,93,5.85,6.09,3,Yes,0,5,1,No,492520.6014745895
CLG0074,86,9.09,8.77,5,No,9,6,4,No,641481.9578164446
CLG0057,99,6.84,6.76,7,No,2,1,0,No,560930.6937008919
CLG0038,87,6.47,6.39,1,Yes,0,6,3,No,498621.5385562651
CLG0077,108,9.14,9.4,3,Yes,0,1,5,No,687710.7858430383
CLG0015,73,8.19,8.53,1,Yes,8,5,0,No,565133.3943805855
CLG0028,94,9.49,9.08,2,No,3,9,2,Yes,645512.9393509086
CLG0013,104,8.15,8.21,7,Yes,3,5,1,No,621935.9533979652
CLG0035,102,8.7,8.96,7,No,3,3,3,No,647887.0259517411
CLG0002,140,9.18,9.47,3,Yes,10,4,1,No,750986.0078031666
CLG0061,105,5.27,4.92,6,Yes,8,3,4,No,462591.5598358253
CLG0065,84,8.88,8.91,6,No,10,4,1,No,598823.0266789068
CLG0041,98,8.07,8.43,2,No,7,10,0,No,629380.605005071
CLG0096,73,5.35,5.17,9,No,3,6,0,No,401532.7683582429
CLG0094,98,7.54,7.47,8,No,5,3,1,No,572967.3329500791
CLG0086,87,5.41,5.71,2,No,1,5,4,No,458321.3968507789
CLG0004,113,8.68,8.27,4,No,5,7,4,Yes,626625.0519598288
CLG0053,91,7.73,8.09,9,No,0,1,3,No,586624.5968991676
CLG0088,98,9.77,9.58,4,No,4,3,0,No,666454.0986581169
CLG0014,90,5.92,5.42,7,No,7,6,1,No,448983.5208569295
CLG0017,126,8.03,7.76,5,No,0,10,3,Yes,635016.4644961216
CLG0014,95,6.06,5.65,10,Yes,10,2,2,No,475620.5937538398
CLG0041,127,8.07,7.66,6,No,1,8,3,Yes,627664.8187712024
CLG0062,112,8.61,8.8,1,Yes,2,7,5,Yes,675820.9717814454
CLG0052,107,8.61,8.32,4,Yes,6,2,2,No,646576.3469571576
CLG0027,105,9.08,9.51,5,No,7,5,2,No,690860.8274449403
CLG0085,105,9.27,9.29,6,Yes,3,4,3,No,673106.7463046387
CLG0040,71,5.39,5.35,6,No,7,2,0,No,419379.47346528777
CLG0035,95,6.72,6.65,5,Yes,0,4,3,No,522733.7733900898
CLG0090,112,8.44,8.63,3,No,2,9,3,Yes,659353.8505960467
CLG0095,99,7.49,7.44,2,No,3,10,5,No,547646.4456318483
CLG0059,78,5.95,5.58,7,No,4,2,0,No,406279.84063011076
CLG0097,99,7.76,8.14,1,No,10,10,0,No,602561.3032259857
CLG0049,125,7.04,6.97,5,Yes,8,10,5,Yes,600977.8097404148
CLG0063,118,6.95,6.52,4,No,1,6,0,No,538534.2286082883
CLG0011,99,9.05,9.08,7,Yes,6,4,0,No,668764.754185024
CLG0080,114,7.04,7.19,2,Yes,2,8,5,Yes,584296.0988370002
CLG0006,94,5.13,4.91,8,No,9,4,0,No,441478.084497091
CLG0098,74,5.29,5.59,9,No,1,9,5,No,458715.3878644347
CLG0041,86,9.28,9.45,10,Yes,8,10,0,No,636229.2204322381
CLG0032,123,9.8,9.95,1,No,2,3,3,Yes,751469.9571882887
CLG0021,95,8.44,8.36,5,No,7,7,5,No,603457.5297587801
CLG0093,96,6.82,7.28,4,No,0,5,1,No,551759.6296879153
CLG0075,95,9.69,9.46,5,Yes,4,1,1,No,673131.9502252606
CLG0057,128,8.31,8.39,9,No,4,3,1,No,661880.080765082
CLG0005,124,9.22,9.03,3,No,5,9,3,Yes,706963.2644887717
CLG0091,133,8.83,9.07,1,Yes,6,9,0,Yes,704968.7200495151
CLG0028,97,6.9,6.45,3,Yes,2,5,2,No,495186.7453020721
CLG0095,104,7.39,6.94,4,No,4,5,0,No,548664.8733532337
CLG0075,77,5.93,6.24,2,No,7,4,4,No,461292.9041352722
CLG0077,122,6.46,6.39,1,No,5,4,0,No,558872.7979643061
CLG0070,82,8.89,8.73,1,No,1,4,5,No,612996.7129654476
CLG0027,103,9.47,9.58,8,No,6,2,5,No,681564.9229106879
CLG0094,83,8.62,8.82,4,No,2,7,1,No,625672.389518472
CLG0053,91,7.33,7.03,2,No,9,3,0,No,524499.2644620712
CLG0048,87,5.43,5.12,10,Yes,8,1,0,No,429004.7205624701
CLG0083,90,5.28,5.74,3,Yes,3,10,5,No,481014.99844706955
CLG0078,91,6.87,6.96,8,No,10,3,4,No,535597.7993469686
CLG0058,91,7.32,7.21,6,No,3,9,2,No,527389.4810955502
CLG0009,112,8.05,8.35,8,No,3,9,2,Yes,632564.5013526145
CLG0055,83,5.03,5.06,10,No,9,10,1,No,456617.01395260775
CLG0045,103,9.95,9.69,5,Yes,9,7,5,No,710353.7402517205
CLG0028,118,6.82,6.53,3,Yes,7,1,2,No,572657.1062724186
CLG0028,92,9.24,9.14,6,No,0,6,1,No,644472.5377702764
CLG0046,89,7.67,8.03,10,Yes,2,10,3,Yes,582100.3413826289
CLG0025,96,5.65,5.21,8,No,7,1,4,No,461004.39066292776
CLG0026,117,8.99,8.71,5,No,6,2,0,No,663600.8936502406
CLG0062,102,8.55,8.94,5,Yes,5,3,4,No,652446.2411772883
CLG0068,92,7.64,7.26,3,Yes,6,6,2,No,559004.4278722998
CLG0067,107,7.57,7.7,3,No,0,7,5,No,596823.1595037202
CLG0034,83,5.44,5.15,8,Yes,7,8,0,No,438457.69360012404
CLG0021,110,8.28,8.39,1,No,3,9,4,Yes,634604.5126016667
CLG0081,106,9.56,9.44,4,No,0,7,4,No,686904.6725502403
CLG0034,95,5.47,5.07,9,Yes,3,6,5,No,438968.9364538246
CLG0044,87,6.32,6.4,6,No,1,5,5,No,487883.17524853937
CLG0076,86,9.51,9.69,6,No,4,10,1,No,655068.2745039782
CLG0089,108,6.42,6.6,10,No,0,2,5,No,559669.9402681391
CLG0021,118,8.27,8.41,7,No,0,8,5,Yes,679049.1290423656
CLG0018,90,7.67,7.67,7,Yes,4,5,5,No,554027.9747326602
CLG0036,106,7.98,8.0,6,No,1,10,3,No,626685.086445826
CLG0070,68,7.08,7.22,9,Yes,8,2,4,No,490732.00580031786
CLG0084,91,6.5,6.69,8,No,9,3,5,No,515443.1412083703
CLG0053,99,5.24,5.39,8,Yes,6,10,0,No,483326.31460031646
CLG0020,86,8.72,8.81,2,Yes,3,10,3,Yes,600937.713397997
CLG0096,85,8.73,8.39,7,No,6,7,3,No,596044.2038021793
CLG0095,89,8.35,8.06,1,Yes,7,10,5,Yes,589230.2498812841
CLG0084,104,8.22,7.98,10,No,7,8,0,No,596632.142577196
CLG0094,97,6.22,6.64,8,No,7,5,3,No,538262.035812374
CLG0003,66,5.11,5.37,3,No,4,10,2,No,404601.7858917341
CLG0084,68,9.04,9.09,9,No,6,8,3,Yes,589839.9759535999
CLG0008,90,7.46,7.21,5,Yes,10,10,1,No,542498.8256545982
CLG0085,106,6.53,6.14,7,No,6,10,3,No,518551.59435818874
CLG0048,58,5.51,5.91,7,No,1,6,4,No,411534.3637999967
CLG0023,92,5.31,5.7,9,Yes,2,2,5,No,458906.60954432975
CLG0001,92,6.74,6.35,2,Yes,10,2,3,No,508356.7495961937
CLG0002,120,9.02,9.32,4,No,1,8,1,Yes,713186.9598050584
CLG0074,94,9.59,9.54,8,Yes,2,4,1,No,662182.6628592785
CLG0037,105,9.48,9.3,5,No,8,8,5,Yes,670020.4650149731
CLG0094,102,9.6,9.84,5,Yes,6,9,3,Yes,702319.4046643942
CLG0051,68,9.54,9.65,3,No,3,6,2,No,612216.7645746447
CLG0044,111,7.64,7.92,5,Yes,7,9,3,Yes,613171.7456208724
CLG0024,103,6.1,5.67,7,No,6,6,0,No,498889.58332138264
CLG0032,107,8.99,8.81,4,Yes,9,3,1,No,643473.650785276
CLG0056,158,6.07,5.89,8,No,5,8,3,Yes,612372.4038594745
CLG0050,68,6.34,6.17,6,Yes,3,1,2,No,439186.6306159041
CLG0064,125,6.17,6.17,6,No,4,6,2,No,558425.754281366
CLG0030,95,7.57,7.35,6,Yes,9,3,2,No,551568.6665714909
CLG0038,104,6.61,6.55,4,No,7,10,4,No,537176.7391152626
CLG0078,99,5.77,5.64,3,No,2,10,4,No,482515.91094821383
CLG0055,93,7.27,7.51,10,Yes,10,3,4,No,567234.4605807876
CLG0003,91,9.37,9.47,6,Yes,2,9,5,Yes,636445.9803241057
CLG0025,104,7.85,8.0,6,No,4,7,0,No,606260.5504682325
CLG0045,77,9.39,9.1,2,Yes,8,2,0,No,601212.3521396716
CLG0062,111,5.98,5.81,10,No,4,6,5,No,517032.80412178615
CLG0007,93,5.83,5.35,9,No,0,4,3,No,435827.49163606873
CLG0081,83,7.88,7.49,4,Yes,4,10,4,No,544850.5340979102
CLG0027,93,7.32,7.09,4,No,8,7,4,No,534085.8682393455
CLG0023,118,8.3,7.87,10,Yes,6,4,0,No,637117.7595157451
CLG0032,91,8.97,9.07,8,No,8,7,2,No,651893.1050809282
CLG0002,105,8.76,9.26,3,No,9,6,2,No,664687.219953556
CLG0075,89,9.71,9.31,10,Yes,9,8,5,Yes,644076.755468339
CLG0034,111,6.99,7.31,7,Yes,4,7,5,No,573319.9446935874
CLG0052,110,6.03,5.65,7,No,2,9,5,No,483204.31620561227
CLG0061,127,7.75,7.92,2,No,1,4,1,No,638960.3506784075
CLG0034,97,5.55,5.69,3,Yes,8,9,5,No,477549.64299209375
CLG0007,110,6.44,6.84,4,Yes,4,5,3,No,565848.422548913
CLG0010,101,6.04,5.65,2,Yes,10,9,3,No,483795.3354377223
CLG0089,119,6.98,6.8,9,No,0,4,4,No,567217.6667347732
CLG0002,89,5.56,5.15,10,Yes,1,3,0,No,419002.7100165209
CLG0030,111,5.16,5.07,6,No,1,7,3,No,483231.883698003
CLG0081,97,8.28,8.69,1,Yes,3,4,2,No,637867.1780214423
CLG0029,99,8.05,8.33,1,No,5,5,0,No,620583.7190563247
CLG0082,101,8.54,8.76,8,Yes,7,3,4,No,635556.7014411095
CLG0060,103,8.3,8.33,6,Yes,2,6,5,No,618526.1823971667
CLG0099,98,5.57,5.95,10,No,9,4,4,No,512045.4702499682
CLG0017,103,6.46,6.41,7,Yes,9,1,3,No,510271.02076591493
CLG0056,123,5.65,5.3,6,Yes,5,2,3,No,517761.3870595097
CLG0086,114,9.21,9.55,2,No,3,8,5,Yes,717703.6428209858
CLG0051,113,8.73,8.51,3,Yes,7,4,1,No,655187.9271153858
CLG0025,93,6.01,5.56,8,Yes,8,10,5,No,452843.280701086
CLG0084,86,6.71,6.34,4,Yes,8,2,5,No,496814.31961647543
CLG0016,114,9.83,9.94,8,No,5,4,3,Yes,721068.8161793111
CLG0025,113,7.97,8.08,3,Yes,1,7,3,Yes,639708.9970679819
CLG0015,122,9.01,8.77,2,Yes,1,2,2,Yes,650405.2354866386
CLG0079,90,6.32,6.55,7,Yes,9,6,2,No,509040.4953565348
CLG0057,96,6.05,6.32,1,No,8,1,0,No,517319.9158744951
CLG0015,75,8.92,9.34,3,No,4,3,3,No,616732.075281233
CLG0056,94,8.43,8.51,2,No,6,9,3,Yes,608080.6283480206
CLG0082,114,8.4,8.68,5,No,5,5,4,Yes,658578.619668849
CLG0037,93,7.76,8.01,2,No,8,8,2,Yes,589917.471283429
CLG0065,109,7.82,7.58,10,No,4,1,4,No,582931.3374867025
CLG0033,97,8.68,8.49,5,No,7,4,3,No,618824.5203865583
CLG0003,104,6.35,6.33,3,Yes,3,3,2,No,522812.5353712408
CLG0049,82,6.76,6.28,9,Yes,6,10,3,No,481433.5417935829
CLG0022,101,9.36,9.16,10,No,8,9,1,No,648174.4328777626
CLG0054,55,6.54,6.51,9,Yes,1,7,5,No,443088.11693298747
CLG0021,97,7.73,7.34,8,No,8,3,4,No,561184.1631417964
CLG0027,75,8.51,8.14,5,No,7,1,2,No,560419.6814825567
CLG0004,118,10.0,9.96,10,Yes,9,5,2,Yes,728059.5008763928
CLG0099,111,7.18,7.41,7,No,0,10,3,Yes,590817.9981684994
CLG0001,107,7.14,7.47,2,No,9,3,3,No,586925.1410217407
CLG0004,122,9.21,9.26,3,Yes,6,2,0,No,708117.6296624661
CLG0055,85,9.03,9.0,2,No,4,3,0,No,627820.0866802183
CLG0024,126,8.66,8.54,10,No,4,5,4,Yes,683786.6256304544
CLG0029,113,7.32,7.01,1,No,6,5,2,No,586490.5741947347
CLG0022,96,6.62,6.27,3,No,10,10,3,No,526403.2705862746
CLG0023,117,8.04,8.33,4,No,9,8,4,Yes,638409.145301661
CLG0085,83,9.38,9.35,9,No,3,4,2,No,632509.4771852936
CLG0078,87,9.42,9.71,2,No,0,2,3,No,662316.8627642628
CLG0008,90,5.54,5.74,9,Yes,5,8,0,No,481031.099577291
CLG0058,92,7.14,6.83,1,Yes,0,8,2,No,523906.3147836979
CLG0080,84,7.32,7.33,9,No,10,10,3,No,538311.3263974743
CLG0099,118,9.89,9.83,6,No,0,8,4,Yes,744957.6145586798
CLG0088,96,8.39,8.31,8,No,7,1,4,No,596903.8191095509
CLG0059,105,7.04,7.08,3,No,3,9,1,No,566178.190029271
CLG0090,91,5.13,5.61,8,No,4,4,2,No,462721.4386840646
CLG0007,72,7.83,8.14,9,Yes,9,4,4,No,541465.0145246763
CLG0025,104,5.48,5.88,7,No,9,8,2,No,489750.3871490547
CLG0045,71,9.17,8.7,4,No,0,8,4,Yes,586616.0597830405
CLG0090,98,8.76,8.4,6,Yes,9,6,2,No,609025.5642678763
CLG0026,79,7.3,6.88,6,Yes,6,4,2,No,505188.00497619045
CLG0030,129,7.15,6.91,2,No,10,3,2,No,602387.8199481692
CLG0066,113,9.49,9.43,2,Yes,1,5,1,No,687455.9994710528
CLG0053,101,6.44,6.58,5,No,5,8,0,No,522469.6098634425
CLG0073,118,6.25,6.25,1,No,8,7,5,No,527817.6372535849
CLG0039,87,9.7,10.1,5,Yes,1,8,2,Yes,671688.4561191968
CLG0011,108,9.05,9.49,10,Yes,5,1,0,No,677330.1644107682
CLG0079,102,9.1,8.76,3,No,4,4,5,No,650787.2035298453
CLG0012,103,5.98,6.33,3,Yes,1,9,0,No,526014.5338209781
CLG0099,119,5.72,5.7,8,Yes,8,6,0,No,523342.56758941396
CLG0050,110,5.13,5.08,3,Yes,1,10,4,No,477308.47572035383
CLG0056,104,6.19,6.47,3,Yes,0,8,3,No,520525.93200554035
CLG0040,75,8.87,8.46,1,No,8,8,5,Yes,562105.8587416356
CLG0016,85,6.2,6.58,8,No,8,5,0,No,493589.3763887515
CLG0049,98,8.65,8.82,10,Yes,8,8,2,Yes,632814.9675045814
CLG0032,101,6.26,6.64,10,No,7,4,3,No,518078.11943177774
CLG0082,83,6.98,7.47,6,Yes,3,6,4,No,540852.7569019243
CLG0045,136,9.92,9.94,8,No,8,7,1,No,774303.0725669387
CLG0085,122,6.22,5.81,3,No,1,6,0,No,540056.1752744959
CLG0080,109,6.88,6.55,6,Yes,0,6,0,No,545636.5488242307
CLG0071,101,6.51,6.33,2,Yes,9,8,4,No,511673.02675007505
CLG0005,96,5.55,5.15,3,No,6,5,2,No,457617.49584511406
CLG0044,85,7.45,7.77,4,No,5,8,5,No,568843.3175333772
CLG0041,101,6.89,6.69,9,No,2,9,5,No,539877.9688475225
CLG0097,103,8.47,8.95,4,No,1,4,5,No,647978.8134476811
CLG0095,81,9.09,9.29,7,No,7,3,2,No,629796.6117860174
CLG0085,105,7.72,7.39,8,Yes,3,5,3,No,581615.7281289359
CLG0067,97,5.16,5.14,5,No,5,10,3,No,433316.5931013245
CLG0074,71,8.09,8.06,2,No,3,10,2,Yes,567420.5479698364
CLG0075,87,5.28,5.27,8,No,10,5,1,No,435905.95692992886
CLG0022,93,8.08,8.12,5,Yes,8,7,2,No,604176.6578730278
CLG0017,128,8.43,7.96,5,No,4,3,1,No,646044.4598324564
CLG0089,108,5.99,6.18,7,No,5,10,4,No,513562.0293947905
CLG0092,79,9.1,9.09,6,No,8,9,5,Yes,622265.1059660041
CLG0050,107,9.56,9.85,3,No,5,6,1,No,702874.9989132971
CLG0084,76,9.07,9.39,7,No,1,10,5,Yes,625351.6108359843
CLG0094,116,6.53,6.26,1,No,10,9,4,Yes,535141.9185678385
CLG0031,92,7.93,7.48,4,Yes,0,1,5,No,558249.2426601463
CLG0013,98,9.57,9.77,4,No,8,2,5,No,664186.8349933714
CLG0074,119,6.6,7.08,6,No,1,10,0,No,592102.0050251684
CLG0051,80,9.1,9.05,6,No,1,2,2,No,625406.0707820486
CLG0033,79,5.05,4.81,10,Yes,3,8,3,No,393971.27842819074
CLG0020,91,5.02,4.68,8,Yes,9,4,0,No,429450.1914106397
CLG0048,115,8.8,8.59,1,No,9,7,3,Yes,644823.8963134862
CLG0078,77,8.81,8.64,7,No,2,4,1,No,602548.9194796144
CLG0072,57,8.94,8.86,4,No,6,4,2,No,563615.6469547887
CLG0072,93,9.65,9.81,6,No,6,8,2,Yes,671291.5036379562
CLG0092,108,5.59,5.36,10,Yes,2,10,2,No,474891.28119228914
CLG0074,118,6.16,5.71,9,No,2,4,0,No,523338.03167202225
CLG0014,93,9.52,9.39,3,No,8,3,4,No,655918.697110762
CLG0062,93,5.89,6.25,8,No,6,10,1,No,484822.4939957526
CLG0051,117,8.41,8.41,3,Yes,2,9,0,Yes,650941.0456740352
CLG0078,71,7.65,8.11,6,No,2,3,0,No,526908.0255149127
CLG0070,94,5.42,5.42,2,Yes,2,5,4,No,470273.92388268706
CLG0098,102,6.43,6.21,9,Yes,8,1,3,No,508623.9041897763
CLG0081,106,7.6,7.29,2,No,7,9,3,No,572342.0465569338
CLG0021,92,9.26,9.45,5,No,6,6,2,No,666288.955097513
CLG0092,100,8.54,8.58,6,No,7,5,0,No,651343.1340735438
CLG0038,62,8.11,8.21,4,No,0,4,4,No,546365.6274516106
CLG0015,90,7.48,7.74,7,No,8,8,4,No,578293.5109477665
CLG0036,106,6.49,6.72,7,Yes,4,2,3,No,548645.7161211007
CLG0100,85,5.6,5.14,7,No,4,10,4,No,416262.52963424526
CLG0009,100,7.05,7.35,7,Yes,4,5,3,No,565820.1505172515
CLG0099,106,5.14,5.17,10,Yes,8,8,3,No,471931.3126908191
CLG0059,94,6.06,5.95,10,Yes,4,1,5,No,478745.3792187634
CLG0082,102,7.16,7.2,9,No,1,3,0,No,568328.1103114393
CLG0054,85,7.09,7.2,2,Yes,5,7,5,No,523927.54309721006
CLG0017,96,5.22,4.87,5,Yes,6,10,1,No,439292.0031417719
CLG0082,109,7.95,7.87,10,No,10,5,5,No,601983.7789187316
CLG0004,102,7.75,7.59,9,Yes,6,10,2,No,589537.7833777652
CLG0084,91,5.39,5.24,2,Yes,6,9,1,No,441108.5300245731
CLG0013,103,9.72,9.31,3,Yes,10,1,4,No,674737.5041646484
CLG0075,110,5.5,5.16,7,No,1,7,5,No,490184.4329857111
CLG0043,69,9.27,8.93,9,No,5,10,1,No,567498.3087123367
CLG0097,117,5.0,4.87,3,Yes,8,6,1,No,476575.263682306
CLG0092,94,9.41,9.8,10,No,0,10,3,Yes,684678.5085656701
CLG0008,106,5.1,4.81,8,No,2,4,0,No,474826.1010777002
CLG0020,117,8.79,8.71,8,Yes,5,10,4,Yes,664572.3955325985
CLG0082,79,6.81,6.62,4,No,6,10,2,No,471327.7439946916
CLG0071,89,8.69,8.98,6,No,1,6,3,No,639162.0441447902
CLG0061,95,7.01,6.56,8,Yes,9,10,2,No,526152.2823556236
CLG0044,88,5.35,5.05,9,Yes,7,9,0,No,438420.6455848665
CLG0097,126,8.84,8.55,2,No,10,9,1,Yes,673680.8629506428
CLG0051,87,5.36,5.85,1,Yes,5,2,5,No,469257.2573520398
CLG0058,91,9.61,9.68,5,Yes,8,9,1,No,685269.6891222962
CLG0075,103,5.25,4.89,10,No,8,2,0,No,456273.8749182555
CLG0030,81,7.4,7.17,3,Yes,8,6,4,No,515410.52677105874
CLG0099,94,8.62,8.29,6,No,8,7,3,No,606175.5572843698
CLG0084,104,6.97,6.59,1,Yes,1,9,1,No,530320.8361856864
CLG0010,95,6.09,6.39,4,Yes,9,6,5,No,505024.46108398505
CLG0094,98,8.8,8.8,6,No,9,8,0,No,621106.8924811744
CLG0018,92,8.92,9.05,2,No,6,10,3,Yes,631636.1164540087
CLG0025,77,9.61,9.44,8,No,4,3,3,No,616531.9396367951
CLG0096,104,6.88,6.93,4,No,8,10,0,No,548533.8693736584
CLG0034,126,7.53,7.29,2,No,0,6,1,No,596909.4662492195
CLG0044,100,6.82,6.63,1,No,9,2,4,No,538505.8392566078
CLG0039,103,6.29,6.44,8,No,6,1,1,No,531908.4020765626
CLG0095,110,8.76,8.41,10,Yes,9,6,1,No,640840.8983944185
CLG0092,80,6.7,6.82,1,No,4,3,1,No,510004.9639280728
CLG0090,125,7.14,7.49,7,No,10,5,5,No,612476.3999661711
CLG0068,103,7.02,6.64,7,Yes,8,6,1,No,543702.8989767618
CLG0043,124,8.56,8.96,6,Yes,6,10,5,Yes,699517.0456017111
CLG0020,89,9.59,9.17,8,No,3,6,5,No,645376.962589179
CLG0072,127,8.33,8.18,10,No,10,10,2,Yes,667895.269841565
CLG0002,111,7.36,7.47,1,Yes,7,7,0,No,588238.3125976011
CLG0027,108,8.9,8.96,1,No,8,7,4,No,654154.3672051604
CLG0034,103,8.2,7.8,1,No,8,6,5,No,590692.8939075825
CLG0055,96,5.3,5.6,6,Yes,9,1,4,No,465051.8734974458
CLG0036,118,5.48,5.95,7,Yes,3,8,2,Yes,528668.1045394808
CLG0085,102,5.19,4.87,10,No,5,10,4,No,449840.54055744683
CLG0072,70,7.28,7.68,9,Yes,3,4,2,No,519714.45568469446
CLG0087,83,9.13,9.19,10,Yes,0,1,2,No,628825.9539835581
CLG0072,97,6.57,7.01,5,Yes,5,10,5,No,546521.2988263797
CLG0069,104,6.92,6.6,1,No,7,2,4,No,538768.7628013664
CLG0065,99,9.55,9.84,9,Yes,5,3,4,No,694572.8448143712
CLG0085,118,9.18,8.74,5,Yes,2,6,1,No,681202.5503468402
CLG0044,70,8.33,8.71,6,Yes,7,2,5,No,583919.2426423123
CLG0043,102,6.33,6.5,9,Yes,9,2,2,No,505431.9150005059
CLG0074,72,5.59,5.46,2,Yes,8,6,3,No,416609.4539006968
CLG0066,111,5.08,4.77,3,Yes,0,4,0,No,457131.83565023635
CLG0021,98,5.54,5.86,7,Yes,10,5,1,No,485395.08803848206
CLG0061,106,6.46,6.56,3,Yes,10,8,5,No,542570.7520711542
CLG0013,87,7.76,7.62,2,Yes,5,3,2,No,550344.0224355422
CLG0028,119,5.32,5.26,7,No,9,5,5,No,513366.81631637085
CLG0030,115,5.68,6.01,8,No,7,1,1,No,535181.4137609577
CLG0082,108,5.91,5.75,9,No,1,10,1,No,502944.22669828805
CLG0002,98,8.16,7.75,2,No,3,4,5,No,579523.689874425
CLG0058,108,8.08,8.49,2,No,0,5,5,No,626509.6255315145
CLG0083,89,7.75,7.64,7,Yes,3,4,0,No,565892.9751135377
CLG0021,112,6.25,6.1,4,No,1,9,4,Yes,534871.2225481258
CLG0090,124,6.86,6.56,5,No,2,8,4,Yes,597648.2570511223
CLG0046,116,5.48,5.88,1,Yes,3,2,5,No,544606.8020672969
CLG0089,89,6.13,5.85,6,No,2,9,0,No,465041.8356901352
CLG0083,105,9.49,9.63,10,No,5,2,5,No,685725.2851663356
CLG0025,80,9.9,10.28,8,No,6,6,1,No,670199.4252629732
CLG0057,108,8.24,7.77,1,No,10,2,2,No,601984.7528738949
CLG0020,106,9.58,9.91,2,Yes,6,6,4,No,712124.2494371358
CLG0006,71,8.21,8.12,7,Yes,0,6,3,No,557951.0173479645
CLG0018,82,5.17,5.33,2,Yes,4,7,5,No,421656.3578765684
CLG0049,95,9.98,9.85,9,Yes,2,10,5,Yes,668857.08808224
CLG0082,95,5.49,5.69,6,No,0,5,2,No,469906.36497030535
CLG0020,81,8.41,8.16,5,Yes,0,3,1,No,578556.929524278
CLG0034,105,6.26,5.78,7,No,1,2,3,No,495702.86657427234
CLG0010,103,6.96,7.41,10,Yes,9,4,2,No,584027.5979723724
CLG0033,97,8.23,7.75,8,Yes,7,1,0,No,566537.9588942103
CLG0055,88,7.18,7.5,9,No,3,2,3,No,568274.0418092505
CLG0019,115,6.25,5.92,6,No,9,8,5,Yes,516847.91284010874
CLG0066,124,6.67,6.56,5,No,2,5,1,No,575104.8157389767
CLG0047,92,6.71,7.03,7,No,7,5,5,No,538695.9687157145
CLG0049,90,9.8,9.51,2,Yes,1,3,3,No,644842.2558434771
CLG0067,107,8.99,9.36,8,No,8,1,0,No,676188.636677505
CLG0030,94,7.29,7.29,4,No,3,6,4,No,563634.8566435078
CLG0083,97,6.0,5.87,1,Yes,10,1,4,No,492258.6683428848
CLG0085,111,9.06,9.22,3,Yes,8,4,5,Yes,691570.6718279695
CLG0059,71,5.79,5.63,9,No,0,4,4,No,428796.89709408034
CLG0078,119,6.05,5.9,4,Yes,4,3,0,No,516860.6982787472
CLG0031,101,6.83,7.06,10,No,9,4,5,No,549301.36608801
CLG0021,93,9.4,9.21,10,No,6,6,2,No,642463.656534239
CLG0017,98,5.66,5.36,3,Yes,10,6,0,No,448114.3734336952
CLG0053,99,5.61,5.92,4,Yes,3,6,3,No,502177.1849851398
CLG0051,74,7.47,7.78,3,No,4,6,2,No,544526.5067056565
CLG0024,122,6.38,6.38,3,No,10,4,4,No,567191.4706778778
CLG0040,100,7.84,7.87,2,Yes,8,7,5,No,592049.1393280596
CLG0098,106,7.26,7.46,6,No,5,7,0,No,576558.926771061
CLG0047,114,7.17,7.18,10,No,5,2,1,No,598565.9692902801
CLG0020,84,5.56,5.48,6,Yes,1,6,4,No,437335.82003192464
CLG0016,107,5.71,6.2,10,No,0,5,1,No,544520.9609038403
CLG0058,95,9.11,8.76,4,No,3,10,5,Yes,618961.8406869798
CLG0049,112,9.43,9.52,8,Yes,9,1,2,Yes,696366.6599880377
CLG0042,68,6.17,6.56,6,No,2,3,4,No,473479.3441827527
CLG0012,98,5.57,5.76,8,No,10,9,5,No,478216.53761845303
CLG0041,90,5.27,5.65,6,Yes,6,9,0,No,454988.4309780523
CLG0058,106,8.04,7.88,9,Yes,6,10,1,No,607488.7463620054
CLG0060,107,8.58,8.35,3,No,5,9,0,No,626431.4456103706
CLG0024,89,6.86,7.21,3,Yes,4,10,4,No,535214.0821505276
CLG0013,89,8.4,8.29,2,No,2,5,0,No,583536.3019596385
CLG0034,98,8.56,8.77,10,No,3,6,4,No,641245.7210410567
CLG0061,86,9.68,9.33,6,No,4,9,3,Yes,643075.4548431971
CLG0027,112,5.32,5.58,7,No,3,4,0,No,516564.030745671
CLG0085,94,5.96,6.01,7,Yes,2,4,3,No,485207.7829064559
CLG0067,56,5.34,5.11,5,No,1,9,1,No,362813.2566903989
CLG0014,94,9.34,9.33,6,No,4,7,5,No,645301.8535107359
CLG0041,84,8.96,9.16,7,No,1,6,0,No,612895.013575246
CLG0057,75,7.87,7.38,2,No,1,10,0,No,520437.5023597766
CLG0030,81,5.42,5.56,10,No,1,6,1,No,457483.9282593293
CLG0045,101,6.37,6.41,7,Yes,1,5,0,No,501196.16584305675
CLG0074,119,6.49,6.21,1,No,7,4,4,No,546311.1627683268
CLG0001,104,7.8,8.05,6,Yes,6,3,3,No,623192.4219756798
CLG0092,90,6.29,6.09,8,Yes,8,7,2,No,480945.9277059456
CLG0083,106,5.36,5.14,1,Yes,2,5,4,No,464387.1362503017
CLG0094,93,8.65,8.62,1,Yes,0,2,2,No,631250.8639608204
CLG0084,89,6.5,6.68,6,No,5,3,1,No,530007.4223476638
CLG0052,82,7.26,7.69,5,Yes,8,5,1,No,558291.7758303217
CLG0020,73,5.64,5.28,3,No,0,9,0,No,418161.30865852657
CLG0023,94,9.01,8.91,10,No,0,6,4,No,626318.9656838065
CLG0095,102,7.83,7.4,10,No,3,2,5,No,577149.0509163789
CLG0096,98,9.51,9.77,7,No,9,8,2,Yes,683987.983259557
CLG0090,93,7.48,7.43,7,No,0,6,3,No,544885.5675435581
CLG0078,85,9.71,9.92,7,No,8,6,5,No,663390.3646305831
CLG0006,109,9.46,9.28,6,No,5,8,4,Yes,678521.0887901665
CLG0033,80,7.88,8.22,4,Yes,4,7,5,No,562996.4497209741
CLG0008,111,9.67,9.7,9,No,10,5,1,No,698094.4863905581
CLG0063,84,6.62,7.06,9,No,4,9,4,No,518960.05028881173
CLG0004,88,6.83,6.41,7,No,10,1,3,No,477330.74484175944
CLG0013,77,5.23,5.24,7,Yes,10,4,4,No,409399.3043476633
CLG0035,92,7.95,8.22,8,No,10,10,0,No,617041.4188983941
CLG0093,114,8.61,8.71,5,Yes,1,9,5,Yes,658072.6999140095
CLG0089,107,8.87,8.39,9,No,2,2,3,No,643896.0563448503
CLG0034,114,5.75,6.22,6,No,6,3,2,No,537826.1580029776
CLG0056,107,7.22,7.02,7,Yes,3,3,1,No,565794.7685806125
CLG0011,83,5.88,5.63,7,No,5,6,4,No,452138.8327273384
CLG0038,95,8.31,8.3,9,Yes,7,3,3,No,596769.305238592
CLG0093,88,5.79,5.83,7,No,0,3,0,No,480753.20140434627
CLG0045,119,9.52,9.79,3,No,10,5,0,No,716728.0821214047
CLG0086,82,6.15,6.04,6,Yes,5,3,2,No,478779.9912484378
CLG0058,113,6.46,6.4,6,No,0,5,1,No,543836.031167396
CLG0034,113,9.25,9.28,7,Yes,7,3,0,No,699240.479006486
CLG0075,127,7.29,7.18,6,Yes,3,2,1,No,606017.0739521555
CLG0092,93,5.12,5.53,4,No,4,8,3,No,465241.754173537
CLG0072,110,7.47,7.82,6,Yes,9,3,4,No,602903.499420347
CLG0024,134,5.42,5.37,3,No,1,6,2,No,545294.9887764589
CLG0074,90,9.93,9.43,1,No,2,2,0,No,651145.6712601458
CLG0079,76,7.94,8.34,1,Yes,6,1,4,No,570542.7713813263
CLG0063,71,6.28,5.9,5,No,6,8,0,No,429710.85092325043
CLG0039,110,7.82,7.56,8,No,10,3,2,No,607045.8523937576
CLG0021,71,5.38,5.03,3,No,7,2,0,No,391934.97716482665
CLG0100,94,9.0,8.68,2,No,2,2,2,No,621648.9690812192
CLG0036,106,9.63,9.93,8,No,1,5,4,No,711264.961652688
CLG0048,102,9.37,9.45,9,No,1,6,3,No,696452.6362019699
CLG0084,106,6.71,7.17,9,No,5,2,2,No,573027.4439252219
CLG0013,103,6.63,6.36,2,No,1,6,3,No,508378.93579542526
CLG0002,119,5.18,5.17,8,No,10,1,1,No,505300.00725895196
CLG0027,85,8.26,8.74,2,No,3,9,4,Yes,599782.9057186521
CLG0007,89,7.67,8.0,7,No,8,4,2,No,587305.8517980268
CLG0090,88,7.3,7.53,8,No,9,5,4,No,534720.1534761444
CLG0094,112,9.54,9.23,1,No,2,3,5,Yes,704965.3476926503
CLG0019,113,5.84,6.11,8,Yes,0,6,3,No,548232.2838599691
CLG0040,106,5.05,4.9,3,Yes,1,1,3,No,444793.251619496
CLG0021,117,5.37,5.4,1,No,9,7,4,No,505512.00802797533
CLG0058,82,6.12,6.23,7,No,9,8,4,No,481436.57321043423
CLG0026,125,5.17,5.28,10,No,6,3,5,No,522692.0758192869
CLG0074,122,7.51,7.74,3,No,8,2,3,No,621839.5439196342
CLG0036,111,6.57,6.73,8,Yes,8,4,5,No,560840.2495833338
CLG0044,126,5.9,5.47,9,Yes,3,8,5,Yes,525049.796240883
CLG0064,75,8.75,8.71,2,No,7,8,4,Yes,592881.8792189566
CLG0027,92,6.02,6.18,1,Yes,0,8,5,No,476175.18510635674
CLG0008,88,8.44,8.24,8,No,10,2,3,No,575700.4959794796
CLG0090,110,6.75,6.56,10,Yes,10,4,1,No,558571.2943050851
CLG0001,84,7.56,7.18,6,No,5,10,3,No,529925.2170838235
CLG0023,111,9.67,9.59,10,Yes,7,1,5,Yes,698582.0362654005
CLG0073,120,5.19,5.68,1,Yes,1,7,0,No,540515.5531683647
CLG0031,110,7.5,7.29,3,Yes,7,10,3,No,591168.7505291478
CLG0007,104,9.27,9.3,9,No,3,6,1,No,661536.8652421295
CLG0009,85,7.94,8.18,9,No,1,7,3,No,576241.4363261076
CLG0071,87,6.38,5.89,6,Yes,3,10,4,No,459094.0756415273
CLG0092,118,6.99,7.39,3,Yes,7,5,5,No,574969.7693711882
CLG0098,111,8.4,8.29,8,No,3,6,1,No,640183.0272431746
CLG0053,99,9.45,9.82,6,No,7,6,2,No,688746.4637282843
CLG0016,93,5.21,4.75,1,Yes,6,6,3,No,426981.1285479077
CLG0074,69,5.36,5.01,6,No,4,9,4,No,381585.50158803613
CLG0024,83,6.63,6.45,5,Yes,7,4,2,No,496412.60623485
CLG0074,128,6.16,6.01,8,No,1,2,2,No,545800.1760556963
CLG0046,80,6.32,6.67,2,Yes,2,9,2,No,490543.8277737589
CLG0029,102,6.11,5.62,7,No,3,10,0,No,472797.2686031356
CLG0089,115,5.98,6.12,6,No,9,7,5,No,537632.5810353482
CLG0030,81,5.65,5.28,1,No,4,5,4,No,427755.6786253127
CLG0051,102,9.67,9.99,8,No,4,6,0,No,707441.8248290409
CLG0083,114,5.72,6.0,6,Yes,0,7,4,No,523326.6682856821
CLG0031,100,6.02,6.02,3,Yes,0,5,4,No,508166.0827758638
CLG0030,143,6.23,5.94,5,Yes,10,5,5,No,569331.9134059959
CLG0034,74,9.67,9.8,7,No,0,6,1,No,662999.499933345
CLG0092,115,8.78,8.44,9,No,4,8,2,Yes,645641.1358336542
CLG0019,97,8.95,8.64,4,Yes,1,2,3,No,626512.0347214307
CLG0075,111,5.52,5.65,2,No,2,10,1,No,498068.1141707391
CLG0028,106,9.18,9.67,3,Yes,7,9,3,Yes,679059.430817624
CLG0006,89,7.04,7.43,7,Yes,9,10,5,No,553082.1853969019
CLG0017,103,6.31,6.4,8,Yes,7,5,2,No,521373.350695925
CLG0091,72,7.88,7.92,5,Yes,9,4,4,No,548901.6892107406
CLG0036,109,9.11,9.61,3,Yes,1,8,5,Yes,706446.856588671
CLG0001,104,8.89,8.94,1,No,7,4,1,No,663474.7015910784
CLG0016,109,9.45,9.37,10,No,10,2,0,No,693616.4203804507
CLG0068,115,9.64,10.05,1,No,8,5,4,Yes,742497.7318622983
CLG0047,105,6.19,5.92,2,No,9,5,5,No,502660.0414051799
CLG0023,102,7.12,6.72,5,No,9,4,0,No,548200.535936001
CLG0096,86,5.07,5.2,3,Yes,5,3,4,No,438306.9917222228
CLG0067,89,9.4,9.0,7,No,0,5,4,No,633818.0433642636
CLG0062,117,5.77,5.64,2,No,10,9,2,Yes,517475.8819912957
CLG0085,121,9.31,9.23,2,No,10,9,1,Yes,695814.4790489555
CLG0088,96,6.65,6.7,3,No,2,9,5,No,542431.6429434582
CLG0015,100,6.84,7.33,1,No,4,6,5,No,563809.4403642354
CLG0075,86,5.2,4.92,2,No,2,8,5,No,418287.84767161607
CLG0067,117,6.63,6.51,5,Yes,2,1,3,No,564179.8709239813
CLG0083,109,9.44,9.07,3,No,8,1,2,No,682777.708969958
CLG0043,129,5.13,5.24,10,Yes,4,7,3,No,517454.46460527205
CLG0008,86,7.03,7.26,6,Yes,7,5,4,No,531430.9564448216
CLG0098,94,5.16,5.14,2,No,6,2,0,No,448928.62323502835
CLG0098,103,6.85,6.6,8,No,3,4,3,No,544999.6219696295
CLG0044,109,5.86,5.98,4,No,2,4,0,No,526396.6101253355
CLG0026,96,6.26,6.3,3,No,2,6,3,No,510001.96117994445
CLG0067,86,9.39,9.06,5,Yes,10,8,0,No,635876.8129961054
CLG0032,113,7.18,7.09,8,No,1,3,2,No,553909.3526732075
CLG0064,110,6.37,6.31,9,Yes,4,7,3,No,544366.6126558251
CLG0043,86,7.95,8.43,1,No,1,2,2,No,600195.348425389
CLG0074,120,5.71,6.06,4,No,1,9,2,Yes,530271.2723340347
CLG0074,117,6.3,6.53,6,No,3,7,0,No,558637.4761078906
CLG0062,102,7.73,8.12,6,No,5,1,3,No,619241.4713115189
CLG0011,101,6.19,6.43,9,Yes,5,4,3,No,516684.99355424085
CLG0078,108,8.4,8.8,1,No,7,2,1,No,653872.4908576534
CLG0095,87,7.46,7.01,5,No,10,10,0,No,522101.2828604072
CLG0009,100,8.86,8.82,10,Yes,5,5,3,No,631012.2572952448
CLG0048,67,9.74,9.99,1,No,5,9,4,Yes,641504.8361529065
CLG0006,113,5.58,5.66,6,No,3,3,1,No,504739.6274150163
CLG0054,76,6.67,6.35,9,Yes,4,5,3,No,457051.6792489995
CLG0062,122,6.6,6.44,4,No,10,10,0,No,577874.4654957782
CLG0054,95,5.76,5.58,10,No,6,2,5,No,475868.012214318
CLG0099,96,9.05,8.81,10,Yes,9,4,4,No,625079.0807440975
CLG0098,90,8.8,8.64,9,No,10,2,3,No,610979.7095759067
CLG0056,95,7.42,7.43,3,No,8,8,2,No,567422.0222968931
CLG0082,121,7.69,8.04,7,No,3,7,2,Yes,637372.4780623794
CLG0087,62,5.3,5.54,5,No,9,7,4,No,403851.23138918553
CLG0030,119,7.78,8.12,10,No,0,7,4,Yes,639125.4700101718
CLG0003,105,8.96,9.34,1,No,5,9,4,Yes,689185.7500577446
CLG0061,81,7.87,7.79,7,Yes,1,2,4,No,552810.2636767863
CLG0015,83,6.33,6.18,8,No,10,6,0,No,482782.8561879821
CLG0003,125,8.34,7.9,6,Yes,6,4,2,No,653765.358939298
CLG0015,85,6.81,7.24,1,No,5,10,3,No,525942.3709724442
CLG0067,82,7.72,7.29,9,No,8,6,3,No,515950.0068636926
CLG0029,117,7.44,7.68,7,Yes,5,9,2,Yes,609278.5555610866
CLG0031,105,6.91,6.79,6,No,5,1,3,No,553879.1286709409
CLG0071,85,8.59,9.04,4,No,3,2,5,No,624322.3336348241
CLG0071,103,9.42,9.34,3,No,8,6,2,No,681866.0448441401
CLG0055,84,5.03,5.35,4,Yes,2,7,5,No,425946.7032028236
CLG0075,116,9.67,9.45,1,No,0,3,5,Yes,719847.8637118008
CLG0092,115,7.56,7.36,9,No,10,1,1,No,603312.9670019136
CLG0100,107,8.5,8.6,2,No,9,7,2,No,663566.187285238
CLG0043,105,9.28,9.78,2,No,7,2,3,No,694590.7751164571
CLG0025,126,7.34,7.36,3,No,7,6,1,No,621574.701622152
CLG0081,99,9.17,9.61,1,No,10,4,3,No,677665.7755020027
CLG0055,82,5.89,6.18,10,No,0,10,0,No,462251.8998166332
CLG0050,106,5.8,6.1,3,Yes,8,4,5,No,508182.0789322935
CLG0038,131,8.29,8.23,4,No,1,9,3,Yes,659895.1920066073
CLG0060,84,9.35,9.24,9,No,5,7,1,No,629769.1150798522
CLG0085,94,9.46,9.15,5,No,8,1,2,No,639087.6304291013
CLG0052,106,8.22,8.68,6,No,5,4,3,No,639367.4950927001
CLG0084,99,7.63,8.09,1,No,6,10,2,Yes,611606.6128145152
CLG0074,85,6.66,6.91,3,Yes,8,6,3,No,511876.9064754262
CLG0070,116,9.9,9.7,7,Yes,4,2,4,Yes,715509.3770756853
CLG0076,134,6.6,6.35,7,No,0,4,5,No,590952.4445651337
CLG0081,102,8.72,9.21,10,Yes,8,2,3,No,662300.3983630323
CLG0045,86,7.66,7.23,1,Yes,9,1,5,No,535154.2023826372
CLG0097,76,8.04,8.38,9,No,6,1,4,No,578471.2728104447
CLG0100,103,6.97,6.83,1,No,7,9,3,No,526899.2934499873
CLG0019,116,9.82,9.74,7,No,1,9,3,Yes,731328.9911421312
CLG0005,107,7.86,8.19,2,No,4,4,4,No,608964.1942624518
CLG0042,99,9.69,9.28,9,No,7,8,5,Yes,654002.7409580323
CLG0093,91,5.04,4.89,9,Yes,6,10,5,No,423511.23788438964
CLG0030,83,7.86,8.31,9,No,6,7,0,No,571799.1525179009
CLG0065,112,8.59,8.79,4,No,3,5,2,Yes,665215.8409365829
CLG0076,113,8.73,8.98,6,No,1,10,1,Yes,670640.8385316457
CLG0079,76,9.52,9.78,2,No,9,2,5,No,648365.048684505
CLG0005,123,5.02,4.58,3,Yes,2,9,5,Yes,484823.71354703244
CLG0038,108,5.0,4.7,6,No,8,7,3,No,455432.36168172484
CLG0011,120,7.36,7.35,1,No,3,4,1,No,612447.4001047817
CLG0084,79,5.15,5.02,7,Yes,0,10,0,No,419911.13774347946
CLG0029,79,9.87,9.78,2,No,9,2,3,No,642363.5236169004
CLG0014,97,6.11,6.39,8,No,3,2,4,No,505506.0685874871
CLG0090,107,7.36,6.87,5,No,7,3,4,No,576768.8967081319
CLG0098,126,5.31,5.47,7,Yes,7,6,3,No,529846.6385944913
CLG0074,110,7.61,7.11,8,No,9,1,4,No,567028.7748546443
CLG0091,96,6.9,6.46,3,Yes,9,5,0,No,503485.61154501844
CLG0089,84,5.22,5.13,6,Yes,1,10,2,No,423537.3011142667
CLG0010,118,6.68,7.02,9,No,9,3,2,No,590329.720055831
CLG0039,85,6.96,6.6,4,No,3,7,0,No,494055.5724758842
CLG0060,124,9.95,10.0,10,No,6,7,4,Yes,731775.9756407503
CLG0096,95,6.04,6.22,7,No,7,10,2,No,503695.5207338975
CLG0098,123,7.72,7.45,1,No,0,5,4,No,614900.3339063257
CLG0023,110,9.94,9.95,7,No,7,9,4,Yes,708104.5929391528
CLG0097,97,8.96,9.37,9,No,0,10,1,No,656912.7987927946
CLG0096,92,9.97,9.98,10,Yes,5,8,5,Yes,690746.8918421182
CLG0022,94,9.84,9.5,8,No,4,9,2,Yes,673629.969099192
CLG0086,106,7.45,7.58,4,Yes,9,6,4,No,601848.1180477546
CLG0087,101,8.48,8.57,3,Yes,6,8,1,No,632344.8998245181
CLG0083,91,5.55,5.08,7,Yes,5,10,0,No,434694.0269954572
CLG0023,97,7.21,6.8,1,No,9,2,5,No,520103.64456853276
CLG0022,101,9.05,8.71,8,Yes,0,5,2,No,632640.9811504132
CLG0062,68,7.53,7.17,1,Yes,5,8,0,No,493878.1053701604
CLG0094,106,8.51,8.27,7,No,2,2,0,No,618057.7739314681
CLG0019,85,8.73,8.68,6,No,5,2,5,No,602228.3708809724
CLG0022,82,6.27,6.14,10,No,6,3,5,No,474974.94357035274
CLG0001,74,9.38,9.77,8,No,5,2,3,No,621411.4267150393
CLG0034,73,7.3,7.41,6,No,8,4,2,No,520048.30852034665
CLG0026,79,6.05,6.43,5,No,8,4,0,No,468369.39571489685
CLG0004,89,9.33,9.36,9,Yes,7,1,5,No,623479.9648602931
CLG0048,129,7.09,6.68,4,No,4,6,0,No,594501.8408450997
CLG0045,92,8.75,8.71,7,Yes,9,7,0,No,624134.1985891885
CLG0012,102,7.74,8.06,6,No,2,7,4,No,613083.1157490493
CLG0092,106,6.91,6.6,10,No,3,5,2,No,549490.709635613
CLG0037,101,9.05,8.64,6,No,10,4,2,No,624669.7168599754
CLG0003,98,7.92,7.75,5,No,9,2,2,No,575880.0404147205
CLG0028,82,6.95,6.84,2,No,7,5,2,No,480848.52411910106
CLG0093,121,5.55,5.36,4,No,8,4,2,No,513703.8766897259
CLG0084,127,9.48,9.12,1,No,7,8,0,Yes,695606.3206533786
CLG0002,74,5.18,4.93,9,No,9,10,1,No,401731.26089346514
CLG0056,84,9.32,9.5,9,Yes,2,1,3,No,652149.6782679989
CLG0065,95,6.8,6.69,8,No,6,7,2,No,539458.4398842034
CLG0046,85,8.2,8.33,4,No,10,5,4,No,591852.2557344446
CLG0100,107,9.61,9.65,5,No,7,10,1,No,700860.2152197101
CLG0044,89,5.76,5.81,1,Yes,2,5,4,No,482076.03593402856
CLG0018,132,7.83,7.58,4,No,0,1,0,No,654635.5724055045
CLG0073,117,8.82,8.84,4,No,6,9,5,Yes,676865.4822915333
CLG0037,103,8.79,8.31,5,No,2,7,3,No,618777.4987696576
CLG0054,115,7.63,7.56,2,Yes,0,2,0,No,595769.61027239
CLG0025,116,8.12,8.19,2,No,6,5,0,No,649195.7763486961
CLG0083,91,8.79,8.47,2,No,10,8,5,Yes,614861.9876070207
CLG0062,87,9.21,8.97,8,Yes,6,7,2,No,626570.9139997073
CLG0025,101,8.81,8.53,2,No,3,2,5,No,619786.1305054667
CLG0052,112,6.77,6.34,6,Yes,1,7,5,No,536659.1015373383
CLG0063,102,9.98,9.83,2,Yes,9,6,4,No,684774.8228880984
CLG0015,76,7.17,7.65,8,Yes,4,8,2,No,542987.0729308336
CLG0046,87,5.12,4.97,1,Yes,10,9,0,No,421310.69324445806
CLG0056,98,6.81,6.77,2,No,10,7,3,No,542976.3081090482
CLG0026,98,5.64,5.79,5,No,8,8,1,No,500500.2465552078
CLG0064,129,5.61,5.76,6,No,5,10,0,No,555515.3544598706
CLG0020,79,6.41,6.86,9,No,9,7,0,No,495644.94595804205
CLG0067,107,5.27,5.63,6,No,8,7,0,No,499853.00799425744
CLG0025,122,8.44,8.73,8,Yes,0,1,4,Yes,680363.1495713054
CLG0021,134,5.37,5.82,7,No,1,5,1,No,564283.8277827024
CLG0034,93,6.02,5.75,1,No,10,10,3,No,490191.919946485
CLG0088,107,5.46,5.58,2,Yes,5,5,0,No,501749.47037127597
CLG0025,108,5.32,5.71,4,Yes,2,4,1,No,495177.55350426084
CLG0065,102,6.34,6.46,1,No,1,1,0,No,538026.4897388679
CLG0029,98,7.86,8.34,8,No,5,7,5,No,624633.4172831795
CLG0032,106,9.82,9.42,4,Yes,6,8,1,No,669826.9739686598
CLG0001,62,9.38,9.32,7,No,3,5,1,No,587021.5304029452
CLG0035,110,9.38,9.86,7,Yes,9,4,4,No,720776.320721227
CLG0056,101,5.88,5.76,8,No,8,9,4,No,502016.2513526798
CLG0016,96,6.32,6.56,9,No,10,3,1,No,530199.6390689618
CLG0032,130,5.38,4.91,9,No,2,3,2,No,494505.47350625077
CLG0079,89,8.89,9.08,7,No,1,4,0,No,609614.9675068214
CLG0005,93,5.35,5.78,9,Yes,10,7,4,No,480116.9898196418
CLG0010,129,7.78,7.66,5,No,4,2,5,No,634821.548930589
CLG0086,87,6.24,5.76,10,Yes,8,8,1,No,464035.33852956386
CLG0072,91,6.22,5.75,4,Yes,0,2,5,No,447516.75446135347
CLG0079,97,9.95,10.34,3,No,5,4,2,No,718499.8494541754
CLG0020,112,8.78,9.0,6,Yes,7,2,1,No,669422.6387239967
CLG0089,103,9.18,8.79,10,No,6,9,3,Yes,630547.3880201369
CLG0012,80,7.86,7.41,9,No,5,4,1,No,538045.8274307799
CLG0090,92,9.36,9.66,4,Yes,2,5,3,No,659837.4372652832
CLG0068,90,8.23,8.54,2,Yes,8,9,4,Yes,608842.5481502347
CLG0063,98,9.73,9.35,3,No,4,2,4,No,679618.1222564417
CLG0026,106,6.41,6.21,3,Yes,0,4,1,No,504147.5767628215
CLG0060,106,7.98,8.26,2,No,8,6,4,No,631149.8722655752
CLG0074,73,8.45,8.48,9,Yes,9,1,1,No,560889.9306350368
CLG0061,115,6.96,7.42,4,Yes,8,1,5,No,608505.636528556
CLG0015,103,9.4,9.38,3,No,0,7,1,No,675416.5235119924
CLG0005,120,9.9,10.08,10,No,6,6,3,Yes,728135.6900664264
CLG0032,106,7.47,7.48,6,No,8,4,0,No,588250.9588816378
CLG0096,116,6.95,7.39,8,No,1,5,1,No,601613.0081555843
CLG0022,106,7.36,7.26,8,No,9,5,0,No,574292.8884815868
CLG0022,120,9.26,8.99,10,No,5,9,2,Yes,697445.6094560729
CLG0012,107,8.23,8.06,6,No,9,5,4,No,618940.8034502328
CLG0064,98,5.22,5.57,5,Yes,0,2,2,No,487654.3362575361
CLG0075,134,7.71,7.71,7,No,2,7,2,No,629933.580117466
CLG0088,113,5.09,4.94,3,Yes,10,10,1,No,473401.33744010876
CLG0080,108,8.89,8.93,10,No,4,9,2,Yes,666986.625395929
CLG0016,80,6.64,6.27,2,No,6,7,1,No,472783.0678362725
CLG0065,80,7.36,6.87,8,No,10,8,4,No,496503.82401748945
CLG0051,104,8.99,8.77,9,No,4,10,4,Yes,641897.0761520034
CLG0087,102,5.23,5.34,6,No,7,3,2,No,462680.0030448754
CLG0092,90,5.79,6.0,4,No,4,9,1,No,486840.73960100394
CLG0032,102,6.99,7.32,6,No,5,7,3,No,572023.2729125828
CLG0053,123,6.15,6.58,7,Yes,1,10,3,Yes,550899.5315712983
CLG0100,110,6.69,6.6,8,Yes,4,4,0,No,545216.1567407553
CLG0003,82,9.99,10.23,3,No,6,10,0,No,692847.0627017628
CLG0013,98,9.13,8.7,6,No,0,7,5,No,636548.9301892855
CLG0092,87,9.42,8.98,10,No,9,3,0,No,615363.5850293133
CLG0092,94,9.69,9.31,6,No,8,10,2,Yes,660915.7116449835
CLG0058,93,6.7,6.65,10,Yes,8,7,1,No,510718.2025682723
CLG0045,92,6.49,6.2,7,No,7,3,0,No,496093.6775871476
CLG0024,81,6.17,5.96,4,No,10,2,1,No,457465.32422087964
CLG0051,98,9.15,9.3,6,Yes,8,1,2,No,662213.030835274
CLG0013,91,8.4,8.26,2,No,4,6,1,No,609519.5896532347
CLG0024,56,6.18,6.24,8,Yes,6,3,5,No,434081.2065379696
CLG0005,130,6.88,6.79,3,No,0,10,1,No,584813.9621816421
CLG0081,116,7.53,7.2,9,No,6,2,2,No,586627.6976733853
CLG0050,94,7.64,7.21,8,Yes,8,3,5,No,561665.88886429
CLG0076,100,9.44,9.18,6,Yes,2,8,3,Yes,673633.8720140336
CLG0049,82,6.9,6.46,10,No,8,3,1,No,483918.67192258436
CLG0018,125,9.54,9.66,2,No,4,4,1,No,723616.7868374909
CLG0033,128,7.21,7.51,8,No,8,2,4,No,620732.8113527754
CLG0058,102,8.73,8.57,6,No,7,8,4,Yes,638896.96028323
CLG0031,115,9.65,9.54,1,No,10,6,5,Yes,717250.7170267297
CLG0034,102,9.54,9.86,6,No,6,9,0,No,695581.4867637296
CLG0094,79,5.28,5.0,5,No,9,8,0,No,403048.713956281
CLG0096,93,6.03,5.65,6,Yes,5,4,2,No,465706.90883748024
CLG0074,101,7.38,7.38,1,No,1,8,2,No,552493.7963945123
CLG0031,93,7.16,7.31,4,Yes,6,1,4,No,555112.7684515616
CLG0099,96,8.2,8.3,7,No,1,9,4,Yes,606120.950627659
CLG0079,98,9.72,9.93,5,No,5,5,0,No,696179.7393644281
CLG0027,98,5.56,5.12,6,No,5,4,4,No,459357.2836678462
CLG0059,100,7.26,7.19,2,Yes,8,5,1,No,562239.0700742708
CLG0027,84,5.96,5.7,8,No,9,1,1,No,459192.6734148041
CLG0001,89,9.47,9.73,10,Yes,10,2,4,No,659991.1651288482
CLG0076,80,9.82,10.19,4,No,3,2,2,No,671900.7968960322
CLG0068,114,7.39,7.17,6,Yes,8,9,0,No,609870.1492411026
CLG0023,68,5.52,5.12,3,Yes,1,6,1,No,388643.9741181888
CLG0098,117,8.93,8.68,9,Yes,4,3,5,Yes,672870.8380327676
CLG0052,120,8.49,8.09,8,No,2,4,2,Yes,647540.4955514291
CLG0057,95,6.77,6.59,6,No,5,1,5,No,531184.1001313985
CLG0087,60,9.44,9.48,9,No,1,7,4,No,599721.8658519796
CLG0051,94,9.88,10.35,10,No,9,7,5,No,714593.7092819847
CLG0083,99,7.79,7.69,9,No,8,8,0,No,586403.2545330091
CLG0084,84,7.83,7.55,2,No,3,1,0,No,554575.4290998282
CLG0063,92,6.49,6.16,9,No,6,9,2,No,463990.3621162884
CLG0084,122,7.92,7.59,8,No,4,2,2,No,607690.9609490517
CLG0093,109,7.2,6.89,2,No,7,1,2,No,559993.2088161615
CLG0077,86,6.51,6.77,9,No,3,1,5,No,503851.88782742753
CLG0028,76,5.34,4.9,5,Yes,6,8,4,No,396196.80085119145
CLG0024,95,6.26,6.76,9,Yes,10,3,4,No,534165.8895757607
CLG0022,96,5.99,6.01,3,No,4,6,2,No,500712.59717767953
CLG0086,107,7.71,7.75,4,Yes,2,6,4,No,576622.1644009597
CLG0040,91,8.01,7.87,1,Yes,7,2,0,No,554833.65112559
CLG0075,107,8.04,8.23,5,No,5,2,3,No,632511.838191673
CLG0008,129,6.94,6.91,7,No,3,1,4,No,602676.3711263906
CLG0096,112,7.11,6.94,7,No,8,9,0,No,567882.4692466696
CLG0088,99,9.17,8.94,6,Yes,8,1,3,No,651246.4857827174
CLG0012,97,7.38,7.81,6,No,1,6,3,No,591970.6628226388
CLG0049,94,9.94,9.73,8,No,9,9,2,Yes,674266.182892088
CLG0021,117,7.2,7.14,10,No,8,6,5,No,587153.4287381703
CLG0067,90,8.25,8.1,9,Yes,3,6,2,No,583427.6743434181
CLG0039,100,5.25,4.84,4,No,8,4,0,No,437091.5515260991
CLG0062,100,8.27,7.96,4,Yes,9,5,2,No,588663.7205122261
CLG0082,92,9.26,8.95,8,Yes,7,1,3,No,626952.3583100176
CLG0058,79,9.71,9.9,5,Yes,9,3,0,No,669159.6827538244
CLG0062,104,9.99,9.9,10,Yes,2,6,0,No,678622.3786641661
CLG0070,99,6.41,6.69,9,No,9,2,5,No,550449.3916995954
CLG0036,107,7.88,8.09,6,No,6,1,5,No,632279.274661343
CLG0045,91,7.25,6.94,9,Yes,1,1,0,No,537946.7777436534
CLG0079,118,7.82,7.88,4,No,1,1,5,No,644975.2846764191
CLG0015,86,5.79,6.03,1,Yes,3,10,5,No,474394.63363000914
CLG0062,125,9.28,9.41,4,No,9,10,2,Yes,729008.9937607604
CLG0038,73,9.55,9.65,9,Yes,6,1,5,No,640734.7662004466
CLG0064,106,7.25,7.49,7,Yes,3,6,2,No,579767.6630917161
CLG0088,107,6.4,5.96,6,Yes,1,10,2,No,515575.54642318265
CLG0071,88,5.7,5.93,2,No,1,4,4,No,470830.57066374534
CLG0009,106,8.42,8.19,4,Yes,4,4,5,No,613297.0170618468
CLG0075,119,6.56,6.63,1,No,2,4,5,No,563484.3828243418
CLG0080,66,9.55,9.29,3,Yes,2,8,4,Yes,593708.6701545399
CLG0071,107,8.36,8.7,2,No,0,7,4,No,643190.6542424918
CLG0025,62,8.23,8.21,4,Yes,2,5,0,No,525568.7997008945
CLG0078,85,7.8,7.94,4,Yes,3,7,2,No,559195.0111271653
CLG0065,124,5.23,5.52,9,No,5,8,4,Yes,539266.8154056491
CLG0020,91,9.66,10.06,7,No,10,10,0,No,690110.1371425003
CLG0028,82,8.14,8.37,3,No,5,8,3,Yes,596125.4020342367
CLG0049,97,9.97,9.62,7,No,4,7,4,No,684969.5360743939
CLG0034,131,7.69,8.04,8,Yes,3,7,0,No,676248.7546664588
CLG0073,72,8.55,8.67,7,Yes,5,9,1,No,570716.2123359399
CLG0020,84,5.28,5.39,8,No,4,5,4,No,439038.6473438688
CLG0095,122,8.16,8.58,9,No,9,8,3,Yes,668038.3190271403
CLG0085,127,8.82,8.57,1,No,0,2,0,No,676400.7989207052
CLG0022,98,8.89,8.63,10,No,1,8,5,Yes,624055.5661594477
CLG0077,81,8.85,8.86,6,No,8,1,5,No,605845.7393024581
CLG0044,131,6.13,6.38,4,No,9,9,4,Yes,576952.888618123
CLG0047,123,9.88,9.83,1,No,3,1,4,Yes,747587.1395374255
CLG0025,110,9.98,10.11,2,Yes,5,8,1,No,726605.1248067352
CLG0022,87,5.38,5.33,10,Yes,4,3,0,No,442468.948762282
CLG0061,99,9.68,9.79,4,No,1,4,0,No,704221.7476173523
CLG0052,97,6.45,6.77,1,No,0,10,0,No,536062.8905623641
CLG0020,104,8.45,8.13,6,No,0,7,2,No,622483.1681830653
CLG0096,121,6.69,6.89,1,No,0,10,5,Yes,590969.2975489933
CLG0080,113,9.84,10.13,9,No,5,3,1,No,745815.0419067779
CLG0020,83,5.51,5.46,10,Yes,9,9,5,No,436384.2146388459
CLG0086,120,7.49,7.31,3,Yes,6,3,0,No,604249.4421471788
CLG0045,104,7.14,6.65,1,Yes,6,8,1,No,518930.42902231775
CLG0037,110,6.63,6.93,6,No,8,8,2,No,576425.9282082624
CLG0015,121,8.23,8.06,6,No,2,3,0,No,643082.5131391808
CLG0076,83,5.66,5.52,7,No,8,3,1,No,437067.9099162622
CLG0009,99,8.58,8.42,7,No,0,10,1,No,626719.6947163205
CLG0044,92,9.9,9.9,10,Yes,1,5,2,No,677499.5420415099
CLG0015,76,9.02,9.22,4,Yes,6,8,1,No,609064.3484675363
CLG0044,105,9.3,9.57,5,No,1,6,2,No,706274.261361398
CLG0086,137,6.8,6.69,3,Yes,9,5,4,No,618280.4800302786
CLG0012,72,6.62,6.78,6,No,10,5,1,No,477339.8417168392
CLG0027,99,7.59,7.81,7,Yes,3,6,2,No,589139.9766426617
CLG0019,109,5.23,5.03,9,Yes,1,8,5,No,497984.80095782736
CLG0025,101,9.73,9.33,9,Yes,10,6,3,No,666755.1758747348
CLG0074,98,5.72,6.11,5,No,1,7,0,No,513404.55806527316
CLG0099,80,9.52,9.7,4,Yes,10,9,0,No,650237.7799094167
CLG0064,103,5.42,5.57,7,Yes,0,7,0,No,477486.46256987104
CLG0012,88,9.11,8.67,3,Yes,8,9,2,Yes,608357.0062199301
CLG0050,67,5.76,6.08,4,Yes,9,10,2,No,451129.5452368291
CLG0072,117,5.19,5.26,9,No,2,1,0,No,512426.4067540705
CLG0011,114,8.6,8.95,5,No,0,3,2,Yes,654641.3411104415
CLG0083,100,6.4,6.87,10,No,9,6,5,No,536159.0822096601
CLG0023,103,8.57,9.03,7,Yes,5,3,1,No,654378.7108025625
CLG0088,116,7.78,8.14,2,No,7,2,1,No,638064.8547485151
CLG0015,103,5.54,5.05,9,No,6,5,1,No,457183.9375753007
CLG0063,113,9.66,10.05,5,Yes,6,1,4,Yes,725818.9744462451
CLG0020,95,7.26,6.84,5,No,1,5,0,No,536837.8181163366
CLG0089,119,8.67,9.02,4,Yes,10,8,3,Yes,676850.0630803021
CLG0078,104,7.51,7.29,8,No,3,9,0,No,573024.9570540164
CLG0010,102,8.02,8.13,4,No,5,10,1,No,598659.8439165284
CLG0061,80,6.51,6.05,2,Yes,1,6,0,No,474727.58318589267
CLG0093,104,6.0,6.27,5,No,4,4,4,No,536663.3104501455
CLG0047,87,7.71,7.32,3,No,4,3,1,No,547885.2474145375
CLG0049,90,7.2,7.11,4,No,2,8,4,No,540933.5851239306
CLG0049,87,6.95,7.27,3,Yes,1,2,4,No,537751.529945094
CLG0076,84,8.36,8.56,7,No,10,8,4,Yes,593245.7220140125
CLG0033,131,8.45,7.96,6,No,6,7,1,No,672137.7535494238
CLG0087,119,5.23,5.13,2,No,7,2,4,No,492820.9277810155
CLG0078,128,6.69,6.23,8,No,3,2,4,No,570341.7249668764
CLG0023,81,7.06,7.23,5,Yes,3,2,3,No,513896.32984390535
CLG0053,101,5.48,5.95,6,No,10,1,0,No,513387.6841890662
CLG0037,80,6.18,6.34,8,No,8,7,3,No,468367.5850870414
CLG0022,89,5.26,4.98,7,Yes,3,8,0,No,425621.00657730416
CLG0093,86,9.98,9.84,3,No,9,7,1,No,645457.24241085
CLG0100,118,8.68,9.16,2,Yes,2,4,3,Yes,694606.4751536688
CLG0002,94,5.44,5.16,3,No,10,9,2,No,450901.26087837375
CLG0020,116,5.1,5.16,8,No,0,2,1,No,492642.0837932459
CLG0005,109,8.6,8.5,4,No,2,5,1,No,643337.5768881752
CLG0091,134,7.2,7.47,8,No,4,2,0,No,647543.8189371463
CLG0003,77,8.93,9.3,4,No,1,3,0,No,621538.0685609127
CLG0082,118,9.62,9.46,7,No,4,2,4,Yes,703173.3291647242
CLG0077,117,8.0,8.16,6,No,8,8,2,Yes,644641.2898906609
CLG0086,85,5.94,5.99,10,Yes,9,10,5,No,470620.039772637
CLG0077,115,8.91,8.69,1,No,10,6,1,No,660065.4170951303
CLG0012,105,9.78,9.55,8,No,5,5,1,No,691980.363662606
CLG0032,96,7.9,7.94,6,Yes,2,5,3,No,589772.0795721045
CLG0058,87,8.41,8.06,2,No,4,9,0,No,591249.2960128399
CLG0100,89,6.69,7.0,5,No,0,2,3,No,542826.6481443148
CLG0071,130,6.91,6.48,2,No,7,1,0,No,580732.3198639092
CLG0070,100,8.67,8.26,10,No,8,6,0,No,604795.3375048864
CLG0040,111,9.64,9.48,7,No,4,8,3,Yes,685973.9176540101
CLG0006,88,8.14,7.76,10,Yes,8,8,3,No,551248.3216121133
CLG0063,88,8.95,8.93,6,Yes,7,6,3,No,592403.1781632387
CLG0025,116,5.86,5.76,7,No,7,3,5,No,510265.96154435776
CLG0091,79,6.06,6.28,6,No,1,3,0,No,469504.0539865637
CLG0069,93,7.66,8.11,10,No,4,2,2,No,589060.5683401411
CLG0083,100,5.88,6.13,1,No,7,2,3,No,513926.2465927534
CLG0073,101,8.17,7.85,3,Yes,2,2,0,No,580598.4939450276
CLG0050,97,6.46,6.9,10,No,0,7,3,No,544493.8213274409
CLG0040,105,8.96,8.85,2,Yes,10,10,5,Yes,651556.2646588857
CLG0001,110,9.04,9.01,1,No,3,9,2,Yes,680302.5882366681
CLG0046,111,7.32,7.24,1,No,3,10,2,Yes,582952.5507322496
CLG0073,85,5.9,5.68,4,No,9,7,4,No,472168.40059085086
CLG0039,95,8.23,8.63,1,Yes,3,8,4,Yes,632051.9631937433
CLG0010,117,9.96,9.79,2,Yes,3,5,2,Yes,716312.6743287895
CLG0049,113,8.11,8.19,1,Yes,8,2,3,Yes,626882.3015341038
CLG0014,79,5.18,4.92,6,Yes,10,8,4,No,409481.24226070615
CLG0046,105,5.09,5.39,4,Yes,0,5,5,No,482337.815679399
CLG0040,70,6.6,6.87,8,No,8,9,0,No,494245.57020873274
CLG0089,100,5.98,5.78,5,Yes,6,6,2,No,498236.5687827367
CLG0019,128,9.07,9.25,10,No,4,7,3,Yes,727398.5027418996
CLG0017,85,9.22,9.42,5,Yes,1,1,5,No,640513.5976760839
CLG0082,87,6.29,6.35,8,No,9,8,0,No,477630.8979951191
CLG0046,111,6.63,6.73,10,Yes,9,7,2,No,564000.5003024657
CLG0073,76,6.18,6.25,6,No,9,7,2,No,460527.48600316705
CLG0065,90,9.54,9.12,6,No,3,7,3,No,620014.1913644974
CLG0070,108,7.51,7.68,3,No,10,7,3,No,581606.8909111869
CLG0038,90,8.28,8.25,6,No,3,1,1,No,603673.5569326233
CLG0017,96,7.08,7.02,10,No,3,9,3,No,550364.3618355574
CLG0073,111,8.16,8.52,7,No,10,7,0,No,633232.8444629211
CLG0011,106,6.93,6.45,2,Yes,1,7,4,No,546901.4830387707
CLG0053,104,6.7,6.45,3,No,7,1,3,No,530219.9146430516
CLG0018,94,8.17,7.79,6,No,3,6,3,No,584062.5570348604
CLG0007,105,7.96,7.5,10,No,8,10,4,No,589367.5029208594
CLG0035,98,6.47,6.25,9,No,1,8,4,No,514883.29341493617
CLG0044,106,5.75,6.24,9,Yes,6,5,5,No,519461.23645947484
CLG0071,92,6.84,6.61,8,No,4,1,2,No,520437.492558993
CLG0039,97,7.08,7.24,8,No,4,5,2,No,561058.0519761726
CLG0011,85,8.14,7.76,9,No,6,2,4,No,555815.2732140126
CLG0010,99,9.57,9.67,9,Yes,3,2,4,No,685124.515988023
CLG0098,87,5.18,5.66,10,No,2,4,4,No,454608.9482109499
CLG0088,83,6.22,6.01,9,Yes,8,4,0,No,459533.2297240685
CLG0076,103,5.97,6.32,5,No,2,10,5,No,515699.8645004421
CLG0009,103,7.51,8.01,6,No,4,7,1,No,605351.4310257727
CLG0086,111,7.15,7.24,5,Yes,1,9,0,No,575898.0599040531
CLG0096,93,8.65,8.46,1,No,6,2,1,No,609989.0692067342
CLG0008,106,6.21,6.38,4,No,10,8,2,No,533263.8830746381
CLG0048,108,7.97,8.31,1,Yes,6,8,4,Yes,624660.689803264
CLG0021,106,9.42,9.09,1,No,4,8,0,No,658620.4292610162
CLG0080,87,9.55,9.5,3,Yes,7,9,5,Yes,648643.9714062625
CLG0097,102,9.79,9.61,7,Yes,8,9,4,Yes,683629.1151548453
CLG0089,105,8.87,8.65,1,No,3,10,5,Yes,644959.0654659963
CLG0006,100,9.53,9.89,7,Yes,10,7,5,No,703153.9723444256
CLG0059,68,6.17,6.09,10,No,1,5,4,No,454461.08924135065
CLG0068,102,5.99,5.83,10,No,1,7,4,No,495921.3715399126
CLG0023,133,5.03,5.13,1,Yes,10,7,0,No,539563.1813004838
CLG0073,94,8.53,8.25,9,Yes,3,10,4,Yes,590740.3883787895
CLG0100,89,9.69,9.42,5,Yes,5,10,2,Yes,660074.3177429573
CLG0075,105,5.93,5.95,6,No,5,7,1,No,504074.2593705998
CLG0035,104,8.18,8.09,9,No,1,8,5,Yes,614910.114184506
CLG0012,117,8.73,8.52,3,No,0,2,3,Yes,634783.4003879671
CLG0099,81,9.64,9.19,3,No,1,4,2,No,631898.4187728886
CLG0071,110,8.23,8.25,5,Yes,7,9,1,No,621999.2629348835
CLG0057,108,9.85,10.17,7,Yes,4,4,3,No,714268.8612770273
CLG0029,97,6.72,7.07,3,Yes,2,2,4,No,540003.9289216395
CLG0085,105,6.75,6.49,4,No,8,7,2,No,546514.5052907243
CLG0067,115,7.72,7.82,2,No,6,6,5,No,611414.1669002858
CLG0061,113,6.92,7.28,9,Yes,7,4,5,No,600834.708318752
CLG0061,82,5.01,4.92,10,No,5,8,3,No,409542.625606585
CLG0088,112,8.66,9.09,9,No,6,6,3,Yes,677225.6612509579
CLG0030,99,8.76,9.16,2,Yes,2,8,3,Yes,646122.2572503006
CLG0027,101,8.73,8.44,5,Yes,0,4,4,No,611012.9350462934
CLG0093,101,6.73,6.49,1,Yes,0,2,1,No,509627.55053964717
CLG0030,97,7.61,7.29,8,Yes,0,6,1,No,569099.4165655553
CLG0100,117,6.8,6.5,6,No,10,9,2,Yes,554158.5319453765
CLG0055,98,5.08,5.49,10,Yes,10,9,4,No,468910.6474605623
CLG0023,83,7.81,8.24,10,No,6,9,1,No,582187.3933106853
CLG0037,94,5.62,5.17,2,Yes,1,3,2,No,435389.24183216086
CLG0026,102,5.4,5.49,2,No,5,3,1,No,497305.704341697
CLG0036,118,8.78,8.84,10,No,0,10,0,Yes,679275.6874604266
CLG0092,109,5.05,4.94,5,Yes,9,3,4,No,449618.5750924453
CLG0063,87,9.8,9.93,7,Yes,7,5,0,No,667177.7790185298
CLG0037,137,7.58,8.03,9,Yes,4,5,1,No,670952.7370568574
CLG0051,103,9.92,9.59,9,Yes,8,5,1,No,673589.7351402622
CLG0068,119,5.29,4.91,6,No,2,8,0,No,486836.9895707406
CLG0093,97,7.92,7.45,2,Yes,1,10,4,No,554104.3260324887
CLG0078,108,6.75,6.61,6,Yes,7,8,2,No,545210.2259297041
CLG0063,112,9.22,9.06,1,No,10,8,3,Yes,659237.1109563294
CLG0037,118,6.81,6.74,2,No,4,9,5,Yes,576972.1655776533
CLG0097,115,6.3,6.3,3,Yes,0,10,0,No,542250.9128633304
CLG0031,113,9.29,9.55,5,No,10,6,5,Yes,696663.8651651876
CLG0078,95,6.87,6.76,10,Yes,5,2,4,No,524946.6850704795
CLG0025,91,5.08,4.91,1,Yes,2,9,4,No,426895.8672548332
CLG0073,104,6.95,7.28,10,Yes,7,6,5,No,562003.0023030413
CLG0025,113,8.27,8.62,5,No,5,1,3,Yes,650497.4792005415
CLG0046,96,6.27,6.0,5,No,1,5,2,No,494575.39625064353
CLG0089,115,7.16,6.97,4,No,5,7,2,No,576815.1237152172
CLG0030,121,5.28,5.61,3,Yes,2,1,1,No,536917.1433291038
CLG0020,86,7.94,7.52,7,No,6,7,1,No,546977.3091419762
CLG0023,87,8.78,8.61,7,Yes,0,5,5,No,593440.7885806249
CLG0001,97,7.07,7.02,1,No,0,5,0,No,541796.5202720754
CLG0015,104,7.1,6.79,7,Yes,9,2,5,No,546803.7237184034
CLG0021,92,5.44,5.12,3,Yes,3,4,2,No,440760.64844420936
CLG0030,120,6.01,5.93,3,No,6,9,0,No,518188.9744317648
CLG0011,106,5.77,6.02,6,Yes,3,2,1,No,521770.50727920455
CLG0090,100,7.41,7.75,6,No,8,9,0,No,582698.2677324343
CLG0052,78,7.65,8.13,4,No,7,8,3,Yes,586526.6805965509
CLG0030,80,9.74,9.31,5,Yes,4,4,5,No,610764.4534635552
CLG0009,104,5.37,5.09,3,No,0,2,0,No,452333.6001812513
CLG0069,68,8.0,8.26,3,Yes,2,6,1,No,544400.6814245168
CLG0047,115,7.63,7.67,9,No,7,7,1,No,613464.0619827136
CLG0034,97,7.58,7.41,5,No,6,2,3,No,561028.2157639096
CLG0033,148,9.37,9.08,1,No,7,8,3,Yes,735040.580376784
CLG0098,134,6.03,5.81,9,Yes,0,9,2,Yes,563001.6178619354
CLG0065,97,5.2,5.13,10,No,1,5,3,No,446016.81722561235
CLG0051,98,8.36,8.04,6,Yes,9,6,3,No,597596.09531077
CLG0079,114,6.73,7.19,9,No,6,6,2,No,590480.9969305706
CLG0031,125,5.09,4.7,7,Yes,4,10,3,Yes,497319.66354921006
CLG0056,75,6.26,6.75,10,Yes,4,2,4,No,500318.82774464134
CLG0076,73,6.55,6.89,10,Yes,9,1,4,No,479648.17933208804
CLG0071,90,8.08,8.0,7,No,8,5,4,No,558135.2964094606
CLG0045,108,5.86,6.1,5,No,0,6,3,No,519746.6025240446
CLG0033,107,7.07,7.24,7,Yes,4,1,1,No,583078.6624030904
CLG0096,116,7.41,7.12,10,No,6,8,1,No,599729.6941506355
CLG0051,82,7.3,7.14,4,No,4,5,2,No,542420.0423017128
CLG0005,65,9.87,9.88,6,Yes,9,5,1,No,604900.1371304408
CLG0038,112,5.23,5.37,2,No,10,8,1,No,496423.48731602664
CLG0005,87,9.75,9.79,10,Yes,6,8,2,Yes,660600.3499418005
CLG0056,69,7.91,7.88,3,No,0,9,4,No,517064.79116552486
CLG0081,102,8.98,8.92,2,No,4,4,2,No,640856.7596010175
CLG0071,111,7.15,7.15,10,Yes,5,3,1,No,592903.6223085796
CLG0089,98,7.27,7.2,2,No,5,10,1,No,559186.190687448
CLG0025,93,9.4,9.44,7,No,3,2,2,No,669206.8825917317
CLG0067,97,9.48,9.87,5,No,4,1,3,No,712985.5585579423
CLG0052,94,6.19,6.32,6,No,7,10,1,No,482646.2229898434
CLG0036,79,6.0,6.22,3,No,5,5,1,No,476040.8137394525
CLG0092,89,7.48,7.58,10,No,0,6,2,No,564110.7308149531
CLG0023,107,9.5,9.64,5,No,4,8,5,Yes,686840.9059602825
CLG0008,104,6.61,6.69,5,Yes,6,6,1,No,531523.1088321557
CLG0031,102,8.26,7.79,4,No,7,2,5,No,582348.9937379443
CLG0063,85,8.54,9.04,10,Yes,3,8,3,Yes,627773.3490775109
CLG0021,97,8.89,8.42,4,Yes,1,5,3,No,629165.3724266463
CLG0099,67,7.82,7.72,8,No,3,3,2,No,506507.01165037905
CLG0050,102,7.01,6.62,6,No,5,6,0,No,521475.64859614463
CLG0029,121,9.84,9.44,2,Yes,5,6,4,Yes,718594.1138501366
CLG0060,77,8.06,8.35,2,Yes,5,3,3,No,582717.0800081895
CLG0067,91,8.64,8.57,2,Yes,0,7,3,No,625565.4584122975
CLG0044,104,6.72,7.02,6,Yes,10,7,4,No,563829.3442569913
CLG0089,118,8.35,8.12,1,No,6,7,2,Yes,632354.8137243717
CLG0002,93,6.29,6.05,3,No,6,8,1,No,490058.72001992393
CLG0098,89,6.23,5.98,1,Yes,4,7,2,No,473067.4929137471
CLG0015,70,8.57,8.69,4,Yes,3,4,0,No,575831.2852082987
CLG0039,101,7.61,7.92,1,No,10,5,5,No,599412.5522788782
CLG0040,130,8.42,8.37,9,Yes,2,4,0,No,682421.0874527026
CLG0047,104,6.35,6.23,6,Yes,10,2,4,No,508517.09410184063
CLG0076,99,7.99,8.46,8,Yes,10,7,5,No,625552.2899024031
CLG0052,104,7.22,6.84,2,Yes,10,3,0,No,560235.6055516131
CLG0088,99,7.98,7.97,6,Yes,7,1,0,No,590269.5243015292
CLG0006,87,6.45,6.36,4,Yes,10,1,4,No,491217.9834322851
CLG0070,112,8.58,8.18,7,No,7,9,4,Yes,624318.2785046363
CLG0048,103,9.03,8.8,8,No,2,3,4,No,653401.2887506336
CLG0058,100,6.3,5.83,6,No,10,7,4,No,485560.9138402961
CLG0090,85,6.5,6.88,1,No,10,9,4,No,516033.80803125363
CLG0003,119,8.31,8.42,8,No,4,7,3,Yes,660539.4530199923
CLG0096,109,8.48,8.8,1,Yes,7,8,5,Yes,662773.9004083548
CLG0046,91,8.52,8.54,9,No,9,6,5,No,610977.4076613433
CLG0018,115,8.41,8.51,2,No,9,3,1,No,652830.4532043906
CLG0056,92,6.96,7.16,10,No,5,1,4,No,542535.0711295711
CLG0092,88,6.97,7.38,6,Yes,1,10,1,No,542171.6616677555
CLG0033,88,6.27,5.86,8,No,0,8,0,No,444516.27326096565
CLG0017,73,5.78,5.61,5,No,6,6,3,No,416889.9986079949
CLG0032,107,8.46,8.67,2,No,1,2,4,No,635279.6358097772
CLG0076,72,5.47,5.93,5,Yes,9,10,5,No,451280.53776266926
CLG0085,81,9.69,10.17,1,Yes,9,8,3,Yes,676176.5534427147
CLG0002,68,9.13,9.27,8,No,3,4,2,No,611016.7462358468
CLG0026,98,9.29,8.98,8,Yes,10,10,1,No,654618.201909449
CLG0039,97,9.53,9.15,2,Yes,5,9,5,Yes,642059.834117626
CLG0063,95,7.04,7.49,6,No,6,9,5,No,565561.0714935338
CLG0017,84,9.23,9.16,8,Yes,6,9,5,Yes,633741.2409551888
CLG0100,82,5.79,5.48,10,Yes,6,4,4,No,442855.1411715612
CLG0034,106,5.11,5.54,8,No,3,6,1,No,484939.9891624796
CLG0019,91,8.92,8.52,7,Yes,10,4,1,No,599019.2582884247
CLG0062,104,5.37,5.6,3,Yes,9,10,2,No,490430.2797691097
CLG0032,86,9.94,10.07,4,No,9,10,1,No,680800.8470929449
CLG0050,102,8.37,7.96,1,Yes,5,5,0,No,583337.8350995427
CLG0086,119,8.77,8.61,9,Yes,2,7,1,No,659171.996829489
CLG0045,108,6.23,5.88,10,Yes,7,7,2,No,505462.6997245728
CLG0054,93,8.37,8.47,10,Yes,0,10,2,Yes,607473.3869500323
CLG0082,103,5.22,5.2,2,No,7,6,5,No,473376.9564340297
CLG0088,96,9.19,8.69,10,No,4,10,4,Yes,622811.6767658829
CLG0001,100,5.85,6.33,7,Yes,7,4,0,No,523274.311623368
CLG0066,95,8.49,8.34,8,Yes,3,5,1,No,616260.7961269694
CLG0040,97,6.12,5.88,4,Yes,1,5,5,No,499694.57220414677
CLG0024,103,5.34,5.06,10,Yes,3,9,2,No,464267.2152973879
CLG0052,85,7.41,7.07,1,No,10,6,2,No,513686.204424025
CLG0002,84,5.85,6.35,5,No,7,4,1,No,491930.20943216264
CLG0061,79,8.65,8.45,10,Yes,9,6,1,No,586130.2201654324
CLG0027,75,6.19,6.1,10,Yes,0,7,4,No,459201.01318594516
CLG0066,81,6.71,7.08,6,Yes,10,7,4,No,520668.84394609905
CLG0087,102,7.84,7.98,7,No,4,10,0,No,615692.0764410825
CLG0033,86,6.42,6.29,1,No,10,3,4,No,509984.8884949473
CLG0034,107,6.89,7.29,4,Yes,5,6,4,No,578978.1546559522
CLG0062,100,9.08,9.33,5,No,3,7,3,No,662036.1899177537
CLG0032,70,5.9,5.63,5,No,3,1,1,No,436514.3119938289
CLG0003,109,5.41,5.55,7,No,3,4,4,No,494815.2511053545
CLG0055,112,6.64,7.06,4,Yes,2,7,3,No,576203.2626052042
CLG0027,85,7.12,7.12,10,Yes,9,10,3,No,534339.7599702994
CLG0076,106,7.71,7.94,7,Yes,4,1,5,No,619270.2162757075
CLG0008,87,6.86,7.33,8,No,5,8,4,No,540260.1835542747
CLG0020,101,8.95,9.14,2,No,2,6,2,No,673749.7981894838
CLG0052,81,5.2,4.8,1,No,10,6,4,No,387231.8869166245
CLG0017,73,7.16,6.9,10,Yes,10,3,4,No,476538.7316186554
CLG0033,94,6.91,7.01,10,No,2,6,1,No,514755.6214885351
CLG0055,98,8.24,8.02,1,No,8,4,2,No,597770.6278924957
CLG0075,94,9.83,10.29,1,Yes,1,9,5,Yes,709993.2383717342
CLG0073,82,7.55,7.46,9,No,5,4,0,No,556143.2021366698
CLG0098,94,9.93,9.89,4,No,7,6,4,No,690229.5149619083
CLG0071,104,6.51,6.71,9,No,7,6,4,No,552594.1970086165
CLG0016,99,5.15,5.17,7,Yes,0,1,1,No,467514.3866084738
CLG0091,102,5.83,5.71,7,Yes,0,4,0,No,491750.46347797895
CLG0079,89,6.98,6.56,2,Yes,7,9,3,No,494211.1858729597
CLG0064,117,6.58,6.68,2,No,0,10,2,Yes,563021.04666009
CLG0088,82,5.49,5.86,5,No,2,6,0,No,454774.4966389753
CLG0040,107,7.16,7.35,10,No,8,4,5,No,586024.6839893446
CLG0058,117,6.69,6.57,1,No,2,7,4,No,571910.4444967756
CLG0083,107,5.61,5.24,7,No,1,10,3,No,477571.83232825785
CLG0023,96,6.48,6.8,7,No,0,7,1,No,535716.175216433
CLG0095,92,9.43,9.87,8,No,0,5,4,No,682806.4393492374
CLG0094,115,6.51,6.4,7,Yes,9,4,1,No,545618.0070584095
CLG0007,78,8.57,8.8,8,Yes,2,4,2,No,605286.7023853669
CLG0059,85,8.06,7.97,3,No,5,7,1,No,582908.7335436324
CLG0059,94,7.14,7.14,3,No,6,6,0,No,555943.3821293459
CLG0003,118,6.2,6.54,8,Yes,5,4,0,No,563363.9144185112
CLG0030,105,6.85,6.43,9,No,5,3,2,No,526138.0785994782
CLG0010,85,7.96,7.99,10,No,8,2,2,No,567387.2458502577
CLG0098,95,6.75,6.46,4,No,3,4,2,No,517065.71966658905
CLG0013,90,6.07,5.91,8,No,4,7,0,No,465135.9410908679
CLG0039,89,5.58,5.72,1,Yes,0,2,4,No,465805.66488595767
CLG0077,114,9.4,8.93,2,Yes,3,9,0,Yes,681979.8245661765
CLG0064,79,7.2,7.29,10,No,9,9,5,No,504959.5854483985
CLG0025,124,8.13,7.91,10,No,5,6,1,No,649026.0552148133
CLG0041,112,7.45,7.62,10,Yes,6,9,2,Yes,580077.8118667892
CLG0098,116,9.36,9.0,9,Yes,10,1,3,Yes,691739.8042342465
CLG0040,93,7.73,7.97,2,No,1,6,0,No,582148.9054238847
CLG0062,97,7.4,7.55,2,No,9,3,3,No,569397.3458805794
CLG0040,78,9.62,10.09,8,No,5,6,4,No,663209.7058356651
CLG0034,92,8.6,9.01,5,No,2,5,0,No,649180.6755303646
CLG0079,107,5.56,5.34,5,No,6,5,4,No,478834.7148325292
CLG0003,119,5.89,5.42,6,Yes,8,1,4,No,512159.1914835557
CLG0052,83,8.94,9.1,8,No,10,5,0,No,616787.8756839492
CLG0046,94,9.18,9.28,8,Yes,3,6,0,No,651885.0309900566
CLG0086,97,7.73,7.26,9,Yes,7,1,4,No,557870.91060559
CLG0098,79,7.77,7.39,10,No,9,10,5,No,537239.4159503701
CLG0069,108,8.16,8.24,3,Yes,5,7,5,No,618091.7574269058
CLG0041,89,7.2,7.61,9,Yes,2,1,2,No,556855.6179182963
CLG0086,97,8.4,8.81,3,No,2,7,0,No,624365.7898854272
CLG0060,93,5.54,5.19,1,No,2,9,5,No,449024.3813640054
CLG0029,88,9.81,9.69,5,No,3,7,4,No,653232.5399404353
CLG0008,99,8.75,8.29,7,Yes,1,10,1,No,618516.6527268828
CLG0098,96,8.16,8.13,3,Yes,4,5,3,No,595305.8860142813
CLG0004,94,6.58,6.83,9,Yes,7,3,1,No,535374.0231070721
CLG0025,89,5.8,6.09,1,Yes,6,7,0,No,472403.5337728912
CLG0050,104,7.05,7.05,6,No,8,6,0,No,586131.0216761389
CLG0023,124,8.31,7.91,6,No,2,8,0,No,660267.5669598168
CLG0025,102,8.17,8.05,8,No,3,8,0,No,617858.530163001
CLG0098,114,6.91,7.34,3,No,7,10,5,Yes,597447.1433427982
CLG0070,79,8.07,7.8,5,No,9,6,1,No,541723.3918916355
CLG0098,102,9.07,8.89,10,No,10,7,2,No,662802.6343820861
CLG0021,83,5.13,5.38,5,Yes,2,3,5,No,437820.86320222897
CLG0094,77,7.25,7.48,8,No,0,4,5,No,531380.5332057648
CLG0056,88,8.79,9.2,7,No,1,7,4,No,629392.1136955074
CLG0003,117,7.73,7.62,3,No,9,6,4,No,622748.6806729955
CLG0079,114,8.26,8.27,7,No,9,3,4,Yes,638338.6988281985
CLG0021,103,7.58,7.55,10,No,7,10,3,No,582709.8912368559
CLG0083,77,9.96,10.39,8,No,6,7,0,No,677693.8788228988
CLG0083,97,5.27,5.54,5,No,3,3,5,No,476936.5195864122
CLG0049,104,7.46,7.79,5,Yes,7,10,1,No,587549.684704818
CLG0046,102,5.46,5.09,1,No,2,8,1,No,453735.1968482519
CLG0098,72,5.8,6.09,8,No,0,7,1,No,444991.7821323803
CLG0078,86,6.92,6.85,6,No,3,4,2,No,498793.61061057507
CLG0068,99,5.78,5.3,6,No,5,1,0,No,455655.8175727435
CLG0031,108,9.82,9.38,5,No,5,6,4,No,677184.8646264478
CLG0046,67,9.73,9.91,5,No,3,5,4,No,631356.4730507495
CLG0075,97,6.68,6.55,3,Yes,7,9,0,No,506900.42973573983
CLG0044,102,8.2,8.57,3,Yes,8,10,5,Yes,630808.2094958718
CLG0045,112,7.67,7.9,2,No,1,6,4,No,622080.523188195
CLG0075,110,9.08,8.6,9,No,2,1,5,No,653200.0233504481
CLG0049,108,8.14,8.33,8,Yes,7,3,4,No,636654.7724266801
CLG0004,88,5.0,4.69,3,No,0,2,0,No,404590.2764731247
CLG0080,71,8.82,8.74,5,Yes,0,3,1,No,582667.3979814056
CLG0057,94,8.73,8.85,10,No,6,1,5,No,644210.873592472
CLG0056,115,7.55,7.92,5,Yes,9,2,3,No,640328.0992724706
CLG0038,120,9.51,9.47,8,Yes,6,8,5,Yes,732060.257074838
CLG0006,110,9.54,9.85,6,No,6,3,5,No,719778.3021215331
CLG0082,106,7.62,7.9,7,No,4,9,5,No,620867.0019413865
CLG0089,105,8.04,7.95,5,No,6,4,0,No,605212.7117173087
CLG0024,91,9.98,9.98,1,Yes,8,2,4,No,683536.4110272712
CLG0052,98,6.49,6.69,8,No,5,7,4,No,551818.1115285187
CLG0039,125,6.62,6.15,4,No,5,9,3,Yes,564552.2499939495
CLG0073,85,5.91,6.3,5,Yes,2,5,3,No,506388.6299866051
CLG0037,124,9.48,9.75,1,No,6,1,5,Yes,730168.9978255796
CLG0098,95,8.72,8.47,3,No,5,9,3,Yes,602300.6919831097
CLG0034,119,5.53,6.01,2,No,4,9,0,No,538004.6065846623
CLG0040,78,9.91,9.59,2,No,2,7,1,No,632076.4044923529
CLG0040,108,8.65,9.06,1,No,2,1,3,No,691732.323332437
CLG0037,88,9.25,9.07,6,No,5,4,5,No,638981.2524920724
CLG0092,78,5.24,5.5,8,Yes,5,1,2,No,435648.3786314964
CLG0050,103,7.52,7.48,3,No,4,3,5,No,583095.8407267253
CLG0011,115,8.49,8.73,1,No,2,7,1,No,681676.6019115216
CLG0078,87,7.71,7.37,10,No,1,1,3,No,549817.8723962386
CLG0059,77,8.33,8.1,2,No,3,8,4,Yes,552644.7970003426
CLG0026,98,9.09,8.69,3,No,3,10,0,No,623565.7037048149
CLG0060,98,6.87,7.24,6,No,9,4,4,No,556050.4275353355
CLG0008,108,9.24,9.04,3,No,1,4,4,No,656899.3562303671
CLG0028,114,5.81,6.0,9,No,8,1,0,No,528867.7118736221
CLG0084,99,6.35,6.67,1,Yes,10,5,1,No,534182.1561706078
CLG0060,127,5.22,5.62,7,No,10,8,4,Yes,550103.0715719858
CLG0089,103,6.82,6.43,10,No,2,8,1,No,540282.3229229851
CLG0010,94,6.9,7.29,8,No,0,7,0,No,538348.2772791805
CLG0063,75,9.03,8.73,9,No,4,7,3,No,594482.3495824571
CLG0061,96,8.27,8.51,8,Yes,9,8,4,Yes,606636.6468963937
CLG0075,94,7.18,7.41,5,Yes,2,8,4,No,566434.4954272469
CLG0026,114,8.26,7.77,1,No,5,1,0,No,615414.0908495891
CLG0023,106,5.26,4.98,1,No,0,2,0,No,460778.85981621564
CLG0063,82,5.9,5.89,8,Yes,9,10,3,No,446809.9202839112
CLG0019,102,8.13,8.05,7,No,3,8,0,No,615761.2790557011
CLG0018,110,8.21,8.63,5,Yes,0,1,2,No,662051.3971274318
CLG0050,122,8.87,8.73,10,Yes,0,9,2,Yes,680337.2916853898
CLG0019,113,7.01,7.45,3,Yes,9,9,5,Yes,588262.2634801987
CLG0015,111,8.61,8.57,9,Yes,7,10,5,Yes,658602.9626759874
CLG0016,100,8.42,8.88,4,Yes,9,2,0,No,640306.9979433605
CLG0020,105,9.82,10.06,6,No,10,6,3,No,703731.1846912521
CLG0019,118,6.08,6.41,4,No,3,4,2,No,553817.6537969242
CLG0075,80,7.76,7.36,9,No,9,10,4,No,509715.4547295339
CLG0071,94,8.01,8.1,4,No,2,7,3,No,598572.5224541171
CLG0019,88,9.99,9.63,8,Yes,5,2,0,No,670227.4711020687
CLG0088,105,6.01,5.81,3,No,10,10,2,No,487837.2296798345
CLG0031,118,7.62,7.74,8,No,9,1,3,No,627822.5891364495
CLG0052,91,6.73,6.96,3,No,8,9,5,No,537757.4695415644
CLG0048,64,7.63,7.17,5,No,5,9,4,No,471158.42889052175
CLG0008,93,6.16,6.19,1,No,0,9,0,No,479811.0550848597
CLG0050,113,5.24,5.31,6,No,7,5,1,No,472978.92870149243
CLG0061,108,7.86,7.44,2,No,0,3,2,No,592067.452274802
CLG0088,106,6.68,6.68,3,Yes,2,6,4,No,548966.2599209526
CLG0008,95,5.91,6.12,1,No,8,10,3,No,498256.19781338645
CLG0013,80,6.62,6.17,6,No,3,1,2,No,457561.12500823697
CLG0074,107,5.25,5.51,5,Yes,7,10,5,No,507925.34403042827
CLG0019,87,9.75,9.83,10,Yes,8,8,2,Yes,669012.4928439435
CLG0050,132,7.91,8.24,2,No,7,10,0,Yes,689985.726530935
CLG0023,108,9.07,8.79,8,Yes,5,4,4,No,665893.9188924998
CLG0057,91,7.12,7.45,9,Yes,8,2,2,No,563711.5903945223
CLG0097,90,9.52,9.11,3,Yes,10,4,2,No,629781.1774018281
CLG0030,98,7.42,7.32,6,No,5,1,4,No,538162.0737000167
CLG0094,96,7.87,7.57,6,Yes,4,10,3,No,563607.0831960279
CLG0029,116,7.46,7.84,10,No,7,10,0,No,611345.0978268498
CLG0061,102,8.67,8.87,6,No,3,8,2,Yes,641665.5872287177
CLG0035,89,7.83,7.36,8,No,2,6,5,No,558703.5332952826
CLG0009,128,6.36,5.87,5,Yes,3,1,4,No,561956.9087418143
CLG0072,100,5.73,5.52,10,Yes,8,1,1,No,483214.62294618075
CLG0025,111,8.03,7.67,10,No,3,2,5,No,604923.8433030368
CLG0064,90,7.45,7.58,8,No,6,7,5,No,551607.2949129398
CLG0037,105,5.48,5.64,3,Yes,0,2,3,No,496347.07341134176
CLG0038,104,6.98,7.42,7,No,5,3,0,No,571262.9345558287
CLG0008,71,7.57,8.02,1,No,7,9,1,No,532888.4344240727
CLG0090,130,9.13,9.29,4,No,6,1,3,Yes,709184.9437082013
CLG0075,119,5.38,4.89,5,Yes,4,9,2,Yes,466632.0820443513
CLG0040,94,6.74,6.6,7,No,3,6,0,No,521509.3125925496
CLG0023,83,9.11,9.12,6,No,1,9,3,Yes,611665.3702470844
CLG0096,105,8.24,8.24,6,Yes,0,10,3,Yes,611579.1082009657
CLG0045,101,6.45,6.55,2,Yes,0,8,5,No,526923.4677250647
CLG0001,105,9.23,9.69,2,Yes,4,7,3,No,676748.2075737471
CLG0049,102,7.47,7.86,2,No,8,10,3,No,585321.1581693791
CLG0009,107,7.49,7.1,10,No,6,7,1,No,579346.0903386512
CLG0040,121,9.88,9.65,8,Yes,1,6,0,No,736654.808620042
CLG0028,108,9.74,10.07,7,Yes,5,8,2,Yes,724988.6245978763
CLG0097,84,6.79,7.11,1,Yes,9,9,0,No,527009.1952185609
CLG0096,120,5.7,5.48,9,Yes,6,8,5,Yes,506300.43677392585
CLG0008,124,6.63,6.86,8,Yes,7,9,1,No,583488.4340314367
CLG0037,147,5.15,5.32,9,Yes,10,5,0,No,543326.7149572929
CLG0082,83,5.1,5.07,4,Yes,8,3,1,No,418206.8235963574
CLG0071,103,6.98,6.68,5,No,2,4,1,No,542313.0822441176
CLG0018,68,9.71,10.1,5,No,1,4,1,No,636814.7114597015
CLG0076,108,9.36,9.54,9,Yes,6,9,1,No,687599.2358944335
CLG0068,91,7.56,7.23,8,Yes,7,9,3,No,532270.9535158112
CLG0077,128,7.83,8.03,10,No,8,1,0,No,653219.9234752918
CLG0075,88,5.03,5.27,6,Yes,9,5,4,No,431882.48798973864
CLG0080,74,6.08,6.47,10,Yes,4,2,1,No,486175.3199378475
CLG0044,92,5.12,4.84,10,Yes,8,5,1,No,429804.74347273074
CLG0078,70,8.77,9.26,1,No,0,5,0,No,602926.730380884
CLG0016,111,5.73,5.38,7,Yes,8,3,3,No,480132.0777934659
CLG0052,69,9.35,9.45,9,No,9,4,2,No,613779.6562736812
CLG0053,100,8.22,8.38,4,Yes,4,7,1,No,609801.2120431375
CLG0086,68,6.15,6.07,4,Yes,1,10,3,No,445128.0756142321
CLG0018,95,5.79,5.77,5,No,5,4,5,No,473027.6129766755
CLG0040,124,8.14,8.53,8,Yes,0,3,3,Yes,675104.4085295498
CLG0061,105,9.5,9.65,5,Yes,6,10,4,Yes,677397.892320205
CLG0025,87,8.59,8.59,4,No,6,4,1,No,610246.1274867095
CLG0035,99,6.74,6.37,8,Yes,9,2,3,No,512056.0053821192
CLG0071,100,7.94,7.45,5,No,7,1,4,No,584820.476847856
CLG0084,107,6.55,6.17,8,No,0,5,3,No,536139.4845420597
CLG0027,79,10.0,10.46,1,Yes,1,9,5,Yes,681097.4023001477
CLG0093,108,8.74,9.0,3,Yes,10,9,5,Yes,663515.3583081567
CLG0010,59,8.07,8.54,7,Yes,0,1,4,No,536648.0279391235
CLG0075,90,7.12,6.66,1,No,7,1,5,No,504933.5647427876
CLG0020,92,8.09,8.27,5,No,7,8,4,Yes,586811.7357770957
CLG0033,109,6.71,6.25,6,No,2,7,5,No,520563.24920176464
CLG0077,100,5.14,5.42,1,No,9,7,4,No,466337.65793275804
CLG0080,78,6.98,6.86,7,No,1,9,3,No,505015.47569735546
CLG0011,85,9.65,9.25,9,Yes,8,5,2,No,638548.3084748411
CLG0069,102,8.13,8.2,9,Yes,4,8,0,No,623978.3480528702
CLG0067,98,5.42,5.2,3,No,8,7,4,No,461265.6456183056
CLG0059,91,9.42,9.58,4,Yes,1,2,5,No,654354.7508975242
CLG0066,92,6.34,6.5,1,No,5,2,1,No,499374.42496100493
CLG0053,110,6.22,6.43,4,Yes,10,4,0,No,535200.9932564466
CLG0038,92,6.49,6.98,5,Yes,0,1,2,No,517953.0650176979
CLG0010,98,7.89,7.78,7,No,6,10,0,No,599240.4104848778
CLG0006,132,7.72,7.69,5,No,3,5,0,No,647182.0529517086
CLG0085,78,7.46,7.76,8,No,6,5,2,No,544779.9899402495
CLG0095,72,8.59,8.67,7,No,8,1,1,No,584135.7669621223
CLG0034,111,6.58,6.12,1,No,0,5,4,No,532643.6272184413
CLG0049,89,8.91,9.25,2,No,0,4,3,No,646572.4250042846
CLG0032,95,5.88,5.43,7,No,10,10,1,No,471779.4848392188
CLG0029,88,8.91,8.58,3,No,6,5,5,No,593552.6166249895
CLG0065,96,8.32,7.92,2,No,9,4,1,No,581280.4183789075
CLG0033,123,8.42,8.0,9,Yes,10,9,4,Yes,645729.4673585108
CLG0017,112,7.41,6.94,10,Yes,1,9,1,No,559265.6290403139
CLG0098,112,8.34,7.9,8,No,7,3,5,No,631564.9336198395
CLG0049,78,5.4,5.34,8,Yes,3,3,1,No,412647.34206981614
CLG0016,82,9.26,9.01,3,Yes,6,3,5,No,606693.67300407
CLG0007,57,5.28,4.91,10,No,9,7,0,No,355792.1841193906
CLG0100,87,5.74,5.9,9,No,1,1,0,No,477178.3646898887
CLG0013,114,7.88,7.61,8,Yes,7,4,2,No,605973.2775610094
CLG0084,107,8.7,8.22,2,Yes,5,9,5,Yes,609390.5365833435
CLG0004,96,5.38,5.3,7,No,0,8,2,No,471274.1727919227
CLG0063,99,9.6,9.41,8,No,8,3,2,No,679266.8568071526
CLG0069,89,9.87,9.69,7,Yes,10,8,3,Yes,673693.1751705115
CLG0080,103,8.03,7.98,9,No,1,6,4,No,611773.6609431062
CLG0073,111,7.41,7.58,7,No,3,10,3,Yes,595128.0352070524
CLG0076,75,8.71,8.83,7,No,8,3,3,No,603772.2892592846
CLG0078,104,6.64,7.08,1,No,7,9,2,No,559924.9603216249
CLG0015,113,7.47,7.49,2,No,7,10,4,Yes,580506.758883969
CLG0005,93,9.58,9.55,5,No,3,7,3,No,661211.4947475913
CLG0042,110,9.78,9.49,1,No,0,8,0,No,684133.368895868
CLG0018,142,9.64,9.9,10,No,9,10,3,Yes,777472.1040314883
CLG0072,98,6.31,5.95,7,Yes,3,2,0,No,501464.3480961717
CLG0008,105,6.16,6.15,5,No,2,3,3,No,536247.2366858112
CLG0089,88,6.49,6.41,5,No,10,7,5,No,511188.7582818279
CLG0068,102,7.21,7.37,8,No,2,2,5,No,578007.9049394989
CLG0026,106,6.57,6.99,9,No,0,6,4,No,570867.073266804
CLG0075,102,6.87,7.32,10,Yes,8,7,5,No,595525.3044487205
CLG0070,84,8.1,7.77,1,No,2,6,0,No,541620.8429212612
CLG0033,103,8.81,8.57,10,No,3,5,5,No,630197.481183963
CLG0022,121,8.68,8.99,4,No,0,9,0,Yes,713824.8576003416
CLG0093,106,9.07,9.09,2,No,2,3,2,No,692121.3499369201
CLG0069,114,5.16,5.11,9,Yes,0,5,0,No,468986.9530766858
CLG0001,96,5.24,5.45,9,No,3,5,5,No,467053.2012372037
CLG0086,111,8.95,9.05,1,Yes,9,8,3,Yes,676873.0826345878
CLG0035,104,7.67,8.14,3,No,6,8,3,Yes,617278.6942393949
CLG0056,85,7.89,7.97,10,No,9,1,2,No,556981.4851360105
CLG0095,104,5.26,5.23,8,Yes,10,6,1,No,477316.9763051051
CLG0067,85,6.28,6.32,2,No,7,6,0,No,496197.4948899634
CLG0003,90,8.19,8.5,2,Yes,7,10,0,No,589242.1800598663
CLG0071,102,9.3,9.41,2,No,0,2,0,No,679215.0336443604
CLG0001,104,9.58,9.73,5,Yes,10,5,3,No,675441.9921258892
CLG0042,82,7.5,7.97,9,No,5,6,4,No,578785.3247833734
CLG0058,115,7.73,7.85,7,Yes,7,3,4,No,620596.6174160518
CLG0088,108,9.17,9.05,7,No,9,1,4,No,660679.9401669394
CLG0094,89,7.69,7.88,2,No,9,9,2,No,581745.5261430738
CLG0096,76,7.58,7.74,2,Yes,7,2,2,No,543549.3864299891
CLG0096,97,9.53,9.04,5,No,8,4,3,No,652377.7374745399
CLG0085,93,8.95,8.92,7,No,7,9,4,Yes,619902.6895925167
CLG0064,101,9.55,9.79,7,No,4,9,1,No,692063.6450886066
CLG0080,94,6.09,6.09,9,Yes,0,8,5,No,497799.06990912015
CLG0004,69,7.62,7.9,3,No,8,4,0,No,529585.727124915
CLG0017,94,9.21,9.16,1,Yes,9,1,4,No,652774.0641666541
CLG0077,95,5.56,6.04,9,No,9,7,1,No,475903.7193699177
CLG0099,109,8.97,8.76,1,Yes,9,2,0,No,647911.7896736414
CLG0040,89,5.91,5.5,8,Yes,9,8,0,No,467437.7641469672
CLG0034,125,9.04,8.97,5,Yes,4,10,2,Yes,693715.5394201375
CLG0056,71,8.06,8.1,8,No,6,10,1,No,550302.0516048679
CLG0011,119,5.97,5.82,7,No,6,2,4,No,532886.3677998626
CLG0100,96,7.37,7.11,9,No,10,10,4,No,528684.1942336867
CLG0089,112,8.41,8.58,2,No,3,3,3,Yes,662694.3103424456
CLG0040,101,8.17,8.05,9,No,7,6,1,No,600948.7869121932
CLG0094,117,7.14,7.27,10,No,10,4,0,No,606182.1545447189
CLG0013,94,9.5,9.78,5,No,9,2,5,No,668661.5055999475
CLG0024,83,7.6,7.86,5,No,8,1,2,No,561019.3988398076
CLG0100,121,7.53,7.41,1,No,3,3,3,No,611709.2057651479
CLG0034,98,5.31,5.38,6,No,1,4,2,No,459538.88437894615
CLG0008,103,9.61,9.56,10,No,9,9,0,No,672254.276669305
CLG0082,118,5.89,6.26,10,No,3,9,0,No,541708.994297884
CLG0007,84,7.64,8.02,10,No,1,5,5,No,571525.8762209261
CLG0062,108,9.02,8.86,10,Yes,0,5,2,No,659153.0386741982
CLG0046,91,6.08,5.67,3,No,0,7,3,No,473802.891601659
CLG0086,98,7.64,7.31,10,Yes,10,8,0,No,553281.0113578899
CLG0071,101,6.2,6.07,3,No,3,3,4,No,500770.16207110306
CLG0013,77,8.8,8.86,3,No,8,5,4,No,566412.4572353961
CLG0002,88,7.82,7.98,4,No,8,7,4,No,565210.4259588709
CLG0002,120,9.28,9.11,9,No,6,2,5,Yes,707499.22438752
CLG0029,113,9.47,9.64,8,Yes,4,9,3,Yes,702265.4301616126
CLG0091,99,8.24,8.68,6,No,5,3,3,No,631715.6574812201
CLG0082,103,8.63,8.78,8,No,0,7,1,No,637375.8387782046
CLG0058,95,7.75,7.41,8,Yes,2,9,1,No,562463.1606366017
CLG0002,120,6.92,7.0,1,Yes,0,9,5,Yes,580053.2813985976
CLG0059,96,8.24,8.28,9,Yes,9,3,5,No,607903.9868274871
CLG0053,103,9.54,9.91,1,No,4,2,4,No,702797.4687831304
CLG0068,117,7.08,6.93,2,Yes,3,5,5,No,581168.1929601348
CLG0061,88,6.57,6.49,9,Yes,2,5,2,No,498545.37962439307
CLG0049,123,6.94,7.04,7,Yes,5,8,2,Yes,592048.1561619608
CLG0046,77,7.18,7.2,10,No,5,6,4,No,513368.98223820317
CLG0072,124,5.37,5.59,1,No,8,7,1,No,526901.2080153493
CLG0100,94,7.49,7.03,3,No,3,8,3,No,527171.0750649353
CLG0059,96,7.47,7.53,1,No,8,9,2,No,570450.2763083506
CLG0048,71,7.94,7.56,5,Yes,3,4,3,No,527913.570985589
CLG0009,93,6.81,6.63,4,No,7,5,4,No,512898.3927217429
CLG0018,84,8.07,8.23,8,Yes,7,4,3,No,579124.3157610896
CLG0050,90,9.39,9.05,9,Yes,1,9,2,Yes,626560.7720995536
CLG0086,97,9.78,9.59,4,Yes,9,2,5,No,680729.9082223251
CLG0075,114,7.92,8.12,3,Yes,7,8,1,Yes,646448.1871647149
CLG0027,103,5.21,5.36,4,Yes,1,7,2,No,471494.4495455573
CLG0032,104,9.85,9.44,3,No,10,7,0,No,676991.9021347314
CLG0066,83,8.53,8.61,6,Yes,7,8,3,Yes,598528.3073289235
CLG0066,86,6.68,6.33,1,No,5,1,3,No,494759.37135493616
CLG0094,126,5.74,5.49,2,No,2,1,3,No,534523.2476989032
CLG0022,88,5.72,5.68,8,No,10,7,4,No,466954.4896104923
CLG0086,124,5.84,5.45,3,No,6,2,4,No,519948.565537038
CLG0024,96,5.23,5.72,4,No,5,4,2,No,469670.75959257135
CLG0091,100,9.51,9.18,1,Yes,2,6,1,No,670774.7036377626
CLG0075,116,7.7,7.98,3,No,4,5,0,No,627096.086204257
CLG0013,119,8.5,8.83,1,Yes,3,5,1,No,673206.2779201667
CLG0091,98,9.14,9.63,10,No,5,6,5,No,680804.0794426015
CLG0015,94,8.96,8.89,5,Yes,0,10,1,No,636332.7983707568
CLG0049,99,9.41,9.78,1,Yes,0,7,0,No,686797.4485503813
CLG0017,105,9.84,10.3,9,No,7,2,4,No,708118.5821093612
CLG0039,113,7.2,6.87,7,Yes,7,4,3,No,580677.2162908214
CLG0073,100,9.75,9.73,8,No,8,7,4,No,683354.6442492916
CLG0087,109,8.62,8.18,9,No,7,5,3,No,622140.7586343908
CLG0004,124,5.35,5.47,10,No,1,10,3,Yes,515720.58524896327
CLG0057,105,8.41,8.49,8,No,10,9,4,Yes,635683.8643878658
CLG0015,104,8.43,8.13,3,Yes,4,6,1,No,617433.4551251103
CLG0043,77,9.53,9.83,7,No,7,4,3,No,643369.6681525673
CLG0031,60,6.86,6.4,7,No,8,10,4,No,439828.1951406276
CLG0006,105,7.92,8.23,7,No,5,4,1,No,612754.0186771973
CLG0090,98,5.06,4.59,8,No,3,3,0,No,438107.5741544081
CLG0059,92,6.66,6.82,4,No,8,6,3,No,530725.8645340656
CLG0065,103,5.31,4.89,6,No,3,8,1,No,439333.5608588237
CLG0086,99,7.61,7.36,2,No,5,1,3,No,569888.3425960112
CLG0030,116,9.09,9.31,7,No,4,2,5,Yes,699061.8976703201
CLG0058,101,6.03,5.81,9,No,0,4,1,No,484030.5747093065
CLG0086,88,7.64,7.65,5,Yes,3,7,0,No,554081.62582566
CLG0097,114,6.02,6.44,4,No,9,2,3,No,531554.2934618932
CLG0056,96,5.6,5.15,2,Yes,2,10,4,No,431861.1874449191
CLG0069,107,7.55,7.86,7,No,7,8,5,No,604622.3386830331
CLG0036,92,5.4,4.97,2,No,6,3,5,No,419097.5506227859
CLG0046,90,7.94,7.57,2,No,9,2,5,No,566116.632112644
CLG0074,101,5.16,4.78,9,No,0,7,1,No,437475.1083991953
CLG0001,100,5.53,6.02,2,No,10,10,0,No,517949.58312775264
CLG0012,107,7.75,7.43,10,Yes,7,9,3,No,571962.1940517835
CLG0067,95,7.96,8.36,3,Yes,6,4,0,No,616588.1054110681
CLG0010,72,5.14,5.63,3,No,1,2,0,No,414384.3028522489
CLG0001,93,7.87,7.75,2,Yes,9,9,3,No,583768.4744376199
CLG0019,111,9.19,9.32,10,No,3,10,3,Yes,690813.9549387478
CLG0082,95,8.61,8.89,3,Yes,1,5,1,No,624597.2825373356
CLG0095,96,5.66,5.55,9,No,8,10,5,No,458903.94470030343
CLG0055,114,7.96,7.62,3,Yes,7,7,4,No,618337.1551969014
CLG0049,89,8.36,8.29,5,Yes,0,10,5,Yes,591874.1047860595
CLG0055,76,5.19,5.46,7,Yes,0,5,5,No,432251.3015869428
CLG0086,97,9.28,9.56,1,Yes,7,5,0,No,668274.4339468831
CLG0068,92,9.53,9.26,1,Yes,4,6,5,No,656186.1670909945
CLG0041,85,9.25,8.92,10,No,0,5,3,No,600618.9595186566
CLG0055,97,9.12,9.54,2,Yes,10,8,0,No,675617.7427449677
CLG0074,107,8.72,8.26,1,Yes,3,4,5,No,621082.7254362637
CLG0074,99,8.17,8.4,1,No,1,3,1,No,617577.6417216528
CLG0079,104,8.39,7.94,10,No,8,3,1,No,609463.2995379438
CLG0069,127,9.03,9.37,4,No,9,2,1,No,722665.1522249258
CLG0043,94,8.31,8.72,10,No,5,8,4,Yes,629452.2664291859
CLG0081,104,6.64,6.44,3,No,10,7,2,No,530263.8646086608
CLG0082,92,6.88,6.45,1,No,8,6,2,No,506495.8815829676
CLG0057,87,9.49,9.47,3,Yes,0,2,5,No,645578.8638045293
CLG0048,91,5.09,4.89,1,No,0,2,2,No,423237.0551834929
CLG0050,92,8.49,8.41,3,No,10,10,4,Yes,620066.4054718778
CLG0069,105,9.77,9.93,4,No,3,1,4,No,725404.0989199542
CLG0008,135,8.53,8.24,8,Yes,1,10,0,Yes,689036.8307835741
CLG0056,89,9.97,9.83,3,Yes,0,2,0,No,655941.06512213
CLG0091,93,8.44,8.72,3,No,5,9,1,No,622613.5516817571
CLG0089,99,5.17,5.31,9,Yes,7,1,4,No,466870.6542184775
CLG0026,105,9.14,8.97,9,Yes,0,10,5,Yes,653846.0457542799
CLG0023,103,6.42,6.58,6,Yes,10,4,2,No,510362.75983779924
CLG0041,119,7.23,7.5,10,No,10,2,2,No,620286.1809833569
CLG0087,63,6.56,6.65,4,No,9,5,0,No,453505.47828506376
CLG0093,64,6.34,6.08,10,No,9,10,1,No,419909.5679564939
CLG0097,92,7.16,6.66,5,No,5,8,1,No,507554.69209441287
CLG0059,116,6.89,7.19,9,Yes,0,1,5,No,597753.9480294645
CLG0018,76,8.17,8.49,1,No,7,9,3,Yes,566167.2241194521
CLG0071,54,9.07,9.27,7,Yes,5,7,4,No,574282.124851414
CLG0096,108,6.49,6.07,7,No,0,5,2,No,493538.4298263079
CLG0071,103,6.07,6.16,10,No,8,5,5,No,515479.74926622066
CLG0008,83,8.33,8.65,1,Yes,0,9,2,Yes,593907.462958902
CLG0058,85,8.35,8.24,1,No,8,9,0,No,587541.4989764699
CLG0085,85,9.51,9.21,9,No,2,2,0,No,627036.8459492588
CLG0017,101,5.08,5.17,7,No,7,8,4,No,465487.41930010525
CLG0051,90,9.27,9.6,4,Yes,7,5,5,No,660074.564025657
CLG0033,107,7.61,7.16,9,Yes,6,2,5,No,578814.357051732
CLG0030,57,8.11,8.21,5,Yes,1,9,0,No,502002.9197896266
CLG0066,87,5.46,5.6,3,Yes,2,4,5,No,437602.77774244704
CLG0060,83,7.16,7.26,2,No,4,5,0,No,527318.8952601176
CLG0046,96,6.14,6.29,9,No,4,7,2,No,523612.9791289538
CLG0100,91,6.27,6.4,4,No,1,2,4,No,516986.758723731
CLG0022,111,7.52,7.15,7,Yes,0,5,2,No,590219.4625636875
CLG0032,72,9.06,8.79,1,Yes,4,8,2,Yes,580193.6722011091
CLG0025,100,8.72,8.84,9,No,4,1,0,No,643719.7588651855
CLG0008,108,7.95,7.47,9,No,2,8,2,No,604982.2794458111
CLG0097,127,7.7,7.83,10,Yes,7,2,4,No,653953.0944881118
CLG0063,92,7.14,7.31,6,No,5,4,0,No,553562.4062392656
CLG0029,104,9.86,9.6,6,Yes,1,3,4,No,686195.7300882774
CLG0081,72,7.8,7.9,6,No,1,2,1,No,546520.4178561118
CLG0040,64,6.27,6.3,5,Yes,3,10,4,No,457411.86018911033
CLG0045,112,6.15,5.91,1,No,5,10,4,Yes,521615.45392708085
CLG0002,99,8.06,8.02,4,No,8,2,3,No,613026.879734377
CLG0049,117,7.61,8.02,10,No,7,10,5,Yes,615570.7246403759
CLG0031,79,5.04,4.97,1,Yes,7,6,5,No,404713.6570058326
CLG0068,107,9.15,9.28,5,No,1,3,4,No,671344.2783276469
CLG0090,128,8.52,8.06,4,Yes,10,10,2,Yes,669212.9488314881
CLG0009,106,8.31,7.89,8,No,3,4,2,No,600053.9222149787
CLG0095,104,5.34,4.92,1,No,5,4,5,No,457647.46058478503
CLG0010,100,6.81,7.09,8,Yes,5,2,0,No,543659.4590929135
CLG0051,76,9.68,9.53,8,No,9,4,5,No,637803.7595487471
CLG0070,120,9.31,9.04,1,No,5,2,1,No,700217.9534162479
CLG0044,90,6.43,6.68,9,Yes,7,4,0,No,513495.8228089532
CLG0026,107,5.79,5.46,9,Yes,7,8,4,No,480076.9694338668
CLG0075,76,7.25,7.0,6,No,6,9,5,No,495460.5065583133
CLG0079,82,6.78,6.71,1,No,4,4,4,No,496918.60056018236
CLG0084,121,8.41,8.24,7,Yes,5,4,2,Yes,651560.5202583622
CLG0078,94,9.83,9.92,7,Yes,5,7,4,No,684798.5583083712
CLG0021,121,6.82,6.66,9,Yes,2,1,5,No,567582.3549696063
CLG0091,98,5.31,5.2,1,Yes,10,7,5,No,460541.4481829137
CLG0030,72,9.49,9.85,8,Yes,2,9,5,Yes,657729.6717589464
CLG0071,113,5.19,5.57,8,No,6,4,4,No,499215.27372763806
CLG0015,91,9.76,10.09,7,Yes,5,2,2,No,680766.4496235696
CLG0080,110,8.32,8.68,6,Yes,4,4,1,No,676466.6215904247
CLG0059,100,9.71,9.78,1,No,10,2,4,No,686513.0673578848
CLG0084,76,6.0,6.15,10,Yes,5,10,3,No,449196.9181210275
CLG0084,102,5.2,5.26,8,No,5,7,1,No,472313.2438529649
CLG0086,132,7.44,7.73,5,Yes,3,6,1,No,649132.4423149539
CLG0070,107,7.25,7.3,4,No,10,2,5,No,566018.9946540188
CLG0020,99,6.66,6.27,5,No,4,6,2,No,495245.2407651358
CLG0069,116,9.79,10.1,5,Yes,6,9,0,Yes,728278.6679996008
CLG0053,103,9.11,9.37,10,No,10,8,5,Yes,685694.5945159905
CLG0075,103,8.31,8.63,3,No,10,9,5,Yes,633503.4398711898
CLG0002,83,5.81,5.5,4,Yes,0,5,4,No,449437.5852798022
CLG0030,103,8.67,8.44,4,No,9,10,4,Yes,619487.8798407465
CLG0008,115,8.64,8.44,8,No,5,2,0,No,649639.997311775
CLG0040,87,7.13,7.14,5,No,4,5,4,No,524146.819322904
CLG0008,121,9.62,9.25,6,Yes,5,10,3,Yes,731954.1003342764
CLG0017,98,5.83,5.72,10,Yes,0,3,0,No,471751.12297734164
CLG0099,86,6.34,6.02,2,No,3,4,2,No,459869.4556822156
CLG0030,114,5.32,5.08,9,Yes,7,7,0,No,499289.1706776303
CLG0001,95,8.98,9.19,8,No,3,2,1,No,653411.409575184
CLG0069,111,8.11,8.46,8,No,9,6,2,Yes,640507.6457470055
CLG0064,95,6.57,6.09,10,No,7,1,1,No,502432.30962757993
CLG0080,99,5.82,5.89,5,No,10,10,2,No,487329.84920381533
CLG0036,107,5.2,4.74,5,No,7,3,0,No,439281.2083269599
CLG0079,104,5.83,5.42,3,No,1,7,1,No,452132.05445967836
CLG0049,70,7.27,7.48,2,No,5,5,2,No,520564.1532074233
CLG0081,83,6.24,6.48,9,Yes,6,8,4,No,492909.05579119094
CLG0077,113,6.29,6.6,6,No,6,7,1,No,545216.0129344441
CLG0024,98,9.38,9.35,8,Yes,0,7,3,No,661632.0035557415
CLG0004,92,7.58,7.94,4,Yes,3,1,2,No,586951.343998337
CLG0077,79,8.65,8.32,5,No,6,1,5,No,582912.5591972588
CLG0062,83,5.18,4.93,10,No,5,6,5,No,417557.43628352997
CLG0009,69,6.83,6.46,5,No,2,8,5,No,474956.58766856784
CLG0026,98,7.4,7.7,10,No,9,3,5,No,563541.3916163836
CLG0047,91,5.93,5.66,4,No,9,8,4,No,459586.68887931725
CLG0016,85,5.6,5.26,2,No,0,8,4,No,440513.5091001298
CLG0037,98,9.35,9.47,6,No,4,1,5,No,660362.5676679356
CLG0070,105,9.7,9.28,4,No,10,5,5,No,666909.0093306302
CLG0011,131,5.39,4.93,4,No,7,9,0,No,506900.09877078555
CLG0002,77,6.75,6.36,10,Yes,2,10,5,No,473208.572931606
CLG0094,117,9.79,9.29,3,No,4,10,5,Yes,716252.9198058945
CLG0083,114,5.42,5.62,8,No,8,3,0,No,508169.0374668726
CLG0023,88,8.22,8.28,6,No,7,9,5,Yes,580388.7192330494
CLG0047,103,9.86,9.57,9,No,10,9,5,Yes,676213.7166455371
CLG0062,93,9.89,9.62,5,No,8,1,1,No,660633.1729707139
CLG0076,102,7.36,7.67,6,No,4,2,1,No,583603.4209409732
CLG0039,122,5.81,5.81,9,No,2,3,3,No,542127.9960547853
CLG0006,109,6.01,6.21,4,No,10,4,4,No,515752.40296762064
CLG0036,107,9.45,9.4,10,No,8,5,2,No,700936.993186495
CLG0062,93,9.56,9.3,7,Yes,3,5,3,No,641001.0132298718
CLG0060,77,8.04,8.51,10,No,0,10,5,Yes,567335.306030991
CLG0079,96,8.83,8.9,10,Yes,10,5,3,No,618730.7522610711
CLG0036,118,8.7,8.33,6,No,1,3,3,Yes,653354.4374309147
CLG0077,77,8.31,8.22,6,No,7,6,5,No,565528.1918319679
CLG0072,84,9.14,8.97,6,Yes,1,4,2,No,616606.006506487
CLG0089,101,8.43,8.14,4,Yes,5,9,5,Yes,617779.3147718012
CLG0088,85,7.67,8.1,10,No,4,2,3,No,572325.4410213535
CLG0031,88,6.18,6.56,6,No,8,1,0,No,494650.1012393351
CLG0040,93,8.72,8.42,7,No,7,7,0,No,613239.796027154
CLG0060,79,7.37,7.22,2,No,0,9,0,No,515106.3047208911
CLG0013,85,6.47,6.73,9,No,2,10,3,No,506796.88433103554
CLG0093,110,9.01,8.72,7,No,4,9,3,Yes,643574.8357713098
CLG0096,80,8.48,8.57,3,Yes,7,3,4,No,589828.0631417307
CLG0037,76,9.69,9.89,10,Yes,6,1,1,No,624640.481235764
CLG0061,90,5.83,5.98,10,Yes,1,9,4,No,466568.3406910116
CLG0018,110,8.25,8.46,7,Yes,6,7,5,No,658157.4797501542
CLG0090,97,6.22,6.43,10,No,4,8,0,No,507970.3094764282
CLG0018,93,9.52,9.98,10,No,5,6,1,No,696988.9390822895
CLG0034,100,5.5,5.35,5,No,7,10,4,No,455766.78464786854
CLG0054,73,8.28,8.66,9,No,4,6,2,No,564156.2828948344
CLG0031,107,8.96,8.48,6,No,8,4,2,No,632774.986952371
CLG0079,105,6.77,6.56,7,Yes,0,2,2,No,539546.1755533062
CLG0037,93,9.77,9.32,4,No,4,1,0,No,661647.8245696011
CLG0084,115,9.25,9.4,2,No,0,6,1,No,710906.519797779
CLG0092,83,6.47,6.07,4,Yes,0,9,0,No,466183.2664009922
CLG0068,116,5.04,5.39,9,No,0,10,2,Yes,493543.0566394546
CLG0072,102,6.48,6.63,3,No,4,10,3,No,541121.3238118257
CLG0058,94,6.41,5.94,7,Yes,8,2,0,No,498459.5020779269
CLG0082,99,9.45,9.66,4,No,1,1,1,No,686284.8862819384
CLG0096,98,9.84,10.2,3,Yes,5,1,0,No,715574.5123650052
CLG0053,118,5.35,5.51,5,No,4,7,1,No,508272.55010366533
CLG0087,83,7.36,6.89,2,No,6,1,5,No,502748.31803167384
CLG0062,88,7.74,8.1,10,No,6,9,3,Yes,582132.5370310296
CLG0079,115,5.46,5.69,4,Yes,2,9,4,Yes,514781.7281843163
CLG0007,91,6.89,6.77,7,No,5,3,1,No,525584.7682400619
CLG0031,113,6.59,6.42,2,No,2,2,1,No,551306.2294672183
CLG0096,125,7.68,7.66,10,Yes,1,9,2,Yes,619929.1956180823
CLG0040,93,8.31,8.68,6,Yes,4,3,2,No,612195.2345861119
CLG0078,110,8.52,8.27,5,Yes,3,2,3,No,622301.1618519158
CLG0083,82,5.68,5.28,3,No,3,4,5,No,420460.26229129743
CLG0050,111,9.06,9.42,5,Yes,3,7,5,Yes,695176.8551796676
CLG0080,102,8.39,7.92,10,No,7,4,0,No,603168.9008735863
CLG0009,107,9.45,9.86,7,No,0,8,4,Yes,706794.9457390051
CLG0065,90,7.25,7.06,3,No,2,5,4,No,525757.736086315
CLG0025,75,9.47,9.48,8,No,8,2,3,No,621340.5613512079
CLG0008,107,9.33,8.96,7,No,2,10,4,Yes,669322.8907547015
CLG0039,69,7.19,7.59,4,Yes,0,4,0,No,515930.92370759795
CLG0032,95,6.91,7.16,5,No,4,7,2,No,559840.4824519248
CLG0008,114,9.66,10.08,10,Yes,3,1,5,Yes,739136.7631226851
CLG0013,102,8.58,8.76,4,No,9,7,3,No,639161.9516751549
CLG0067,129,9.64,9.32,2,No,7,3,4,Yes,722862.9533281963
CLG0066,115,8.98,8.79,9,Yes,10,7,5,Yes,675459.0170733648
CLG0028,90,8.05,8.04,1,No,10,3,3,No,577246.3339603236
CLG0004,100,5.58,5.69,8,Yes,8,8,3,No,473811.781074292
CLG0023,99,6.46,6.89,4,No,9,4,1,No,547068.4775731763
CLG0034,76,9.84,9.72,9,No,4,1,1,No,648048.7575110898
CLG0055,85,6.6,6.8,3,Yes,0,1,3,No,500539.6782814047
CLG0071,91,5.47,5.93,7,No,3,4,5,No,482897.7376844555
CLG0094,69,8.54,8.19,3,No,2,9,1,No,535938.4497499092
CLG0058,100,8.67,9.03,10,Yes,5,5,4,No,639194.9359649085
CLG0073,96,6.43,6.35,7,Yes,1,5,3,No,514043.8651181495
CLG0019,74,6.49,6.72,2,Yes,4,3,1,No,471757.7914747599
CLG0009,106,7.34,7.13,3,Yes,7,5,4,No,568027.7373331172
CLG0023,110,5.11,4.94,8,No,10,7,2,No,474649.32246800524
CLG0075,103,8.95,8.48,7,No,4,3,2,No,645439.9073891476
CLG0013,95,6.59,7.06,3,Yes,4,5,5,No,536490.4930812174
CLG0093,108,9.27,9.58,8,Yes,7,3,3,No,691374.923256419
CLG0031,110,9.01,8.6,9,No,10,1,0,No,643623.6738303684
CLG0072,104,8.31,8.81,2,No,4,6,4,No,657422.9376925167
CLG0019,87,6.62,6.73,2,Yes,3,3,5,No,530978.5446662209
CLG0005,104,7.58,7.93,7,Yes,9,2,5,No,594474.5214724799
CLG0091,117,7.22,6.79,8,No,8,3,5,No,570117.9927752884
CLG0039,91,6.69,6.58,5,No,1,5,3,No,511378.77174035506
CLG0014,131,9.24,9.41,2,Yes,0,5,1,No,722396.5642404805
CLG0022,92,7.42,7.03,10,No,3,9,2,No,516194.33215355355
CLG0022,100,9.16,9.15,5,No,9,9,1,No,657933.9136453209
CLG0005,89,5.53,5.47,3,No,2,2,4,No,465978.23155461013
CLG0062,103,5.71,5.43,9,No,8,6,3,No,483720.4367294017
CLG0052,73,9.89,9.69,2,Yes,2,9,5,Yes,656535.369850085
CLG0080,91,7.94,8.41,9,No,2,9,2,Yes,607943.6543978581
CLG0039,83,7.55,7.34,2,No,9,6,4,No,546946.8320422795
CLG0026,102,7.62,7.33,1,Yes,6,1,2,No,583872.4874117974
CLG0080,114,6.08,6.12,10,No,1,1,5,No,548349.7537659941
CLG0056,109,8.59,8.76,6,Yes,10,9,2,Yes,657567.4379520946
CLG0012,64,5.42,5.65,6,No,7,3,3,No,408518.4527984447
CLG0080,130,7.87,8.12,4,Yes,5,5,3,Yes,647896.9296948198
CLG0049,104,7.85,7.39,2,No,10,6,0,No,574290.8189483266
CLG0012,88,9.57,9.46,10,No,8,1,0,No,647423.6510483605
CLG0096,102,7.63,7.9,3,No,7,1,0,No,592446.2007948635
CLG0005,102,5.69,6.09,6,No,3,4,0,No,524141.1260931886
CLG0100,89,7.86,7.96,4,Yes,7,6,5,No,586409.5172141364
CLG0092,102,5.46,5.01,5,No,3,8,1,No,441178.93464044755
CLG0051,90,6.02,5.92,9,No,10,7,0,No,474478.8110475911
CLG0004,93,5.16,4.73,5,Yes,4,2,1,No,416474.21188595064
CLG0093,89,7.57,7.82,10,No,10,4,2,No,569483.4310083262
CLG0083,78,5.42,4.98,8,Yes,9,5,1,No,389181.762614665
CLG0025,102,7.35,7.04,2,No,10,8,2,No,565339.7638221853
CLG0099,108,9.66,9.58,6,Yes,6,7,0,No,698262.6599426189
CLG0024,107,8.6,8.56,6,Yes,5,4,1,No,641818.415309597
CLG0056,112,5.39,5.3,5,No,4,8,2,Yes,489438.66150074254
CLG0019,104,6.12,6.08,6,No,1,8,0,No,516204.790348349
CLG0023,92,8.37,8.58,5,No,4,4,5,No,611704.122130139
CLG0095,112,9.47,9.34,2,Yes,9,2,2,Yes,690827.0112984355
CLG0083,79,5.16,5.21,5,Yes,6,3,3,No,423294.37532349286
CLG0096,86,9.06,8.86,1,No,10,5,2,No,601540.6160557759
CLG0077,85,7.81,7.66,3,No,5,1,0,No,555828.9738779833
CLG0046,116,7.73,7.84,7,Yes,5,5,5,No,639117.2571979776
CLG0018,114,9.79,9.78,4,No,4,4,4,Yes,720749.4544832936
CLG0061,107,8.74,8.96,8,Yes,8,5,3,No,669064.7901595848
CLG0071,116,9.25,9.31,3,No,0,1,1,No,706193.602378845
CLG0045,86,6.77,7.07,7,No,3,10,3,No,520399.44949090615
CLG0088,105,7.77,7.71,2,Yes,6,7,0,No,589036.8740691701
CLG0046,98,8.08,8.07,8,Yes,0,10,2,Yes,573192.0866999762
CLG0017,112,6.61,6.78,3,Yes,10,9,4,Yes,546710.3033372439
CLG0015,98,7.85,7.57,6,Yes,3,5,0,No,572428.5449578624
CLG0073,94,6.18,6.07,2,No,5,3,5,No,518461.24224781326
CLG0034,108,5.72,5.84,7,No,9,9,2,No,508417.32154306787
CLG0099,113,6.87,6.4,4,No,7,6,5,No,561036.3836021712
CLG0008,89,8.7,8.64,6,No,6,6,5,No,605239.2327114792
CLG0050,99,9.58,9.68,2,Yes,8,10,0,No,687471.1980650992
CLG0011,84,7.29,7.76,3,Yes,6,10,5,No,551442.3629293174
CLG0088,62,8.21,8.59,3,Yes,2,3,4,No,545611.0885609041
CLG0042,103,5.52,5.3,4,No,9,1,2,No,465327.5290924222
CLG0094,109,9.52,9.53,1,No,3,4,4,No,689509.7433322307
CLG0085,103,7.84,7.4,6,No,2,4,2,No,559131.0250631871
CLG0043,70,8.9,8.64,6,No,8,3,3,No,563301.5050670377
CLG0035,94,8.97,9.24,4,Yes,10,5,0,No,638514.6650401453
CLG0059,66,6.28,5.9,8,No,10,9,1,No,439044.9404310163
CLG0012,120,7.65,7.41,5,No,7,9,1,No,602080.5229469077
CLG0073,83,9.8,10.24,10,No,9,8,0,No,679661.3612424186
CLG0012,118,5.45,5.77,4,No,8,10,5,Yes,520809.437111973
CLG0028,114,8.42,8.7,7,Yes,9,6,5,Yes,661637.0740790842
CLG0093,86,9.81,10.17,10,No,9,4,1,No,690062.0930604163
CLG0046,83,6.5,6.75,10,No,1,2,4,No,513382.3293409808
CLG0040,105,9.31,8.93,8,No,4,10,1,No,648468.1116503363
CLG0099,87,9.67,9.69,2,Yes,4,3,0,No,640888.8966775057
CLG0029,101,8.74,8.68,1,Yes,6,9,5,Yes,636853.3116403697
CLG0070,92,6.16,5.97,6,Yes,3,1,3,No,480834.3514695447
CLG0016,73,6.67,7.0,2,No,3,7,5,No,500207.5840800022
CLG0046,66,5.18,5.14,8,Yes,7,10,0,No,382910.58717225114
CLG0092,103,9.16,8.72,5,Yes,0,6,0,No,660830.272780083
CLG0065,91,9.25,9.02,2,No,5,2,2,No,624965.3182783428
CLG0029,91,8.16,7.89,5,No,8,5,1,No,557806.8917373045
CLG0052,110,6.76,7.15,2,Yes,1,2,1,No,595215.063773136
CLG0040,117,5.38,5.53,6,Yes,4,9,2,Yes,514019.9009850892
CLG0006,95,8.77,8.83,8,Yes,9,5,4,No,635817.1292358052
CLG0027,94,8.63,8.64,2,No,9,6,4,No,616910.3041010264
CLG0037,107,9.56,9.71,6,No,8,4,5,No,708651.2646396557
CLG0022,79,8.65,8.9,6,Yes,10,1,2,No,609905.4597668888
CLG0007,103,9.14,9.19,1,Yes,3,3,1,No,661797.5657288185
CLG0001,108,8.73,9.17,9,Yes,8,5,4,No,664464.3192571717
CLG0077,110,8.15,8.63,8,Yes,7,3,4,No,652459.0983140416
CLG0048,70,7.13,7.63,4,No,8,8,3,No,516048.7377821579
CLG0051,88,9.51,9.68,7,No,1,2,4,No,664989.257355538
CLG0014,86,8.25,8.68,4,Yes,9,2,1,No,614691.8589002863
CLG0079,101,6.99,6.89,8,No,4,1,3,No,555438.3586337236
CLG0012,107,5.42,5.78,10,No,9,1,3,No,492418.9079167781
CLG0049,122,6.45,6.86,2,No,8,4,5,No,581079.9086124607
CLG0041,92,7.72,8.12,2,No,4,8,1,No,606014.8742740453
CLG0068,92,6.38,6.71,3,Yes,3,8,2,No,521517.1288445958
CLG0085,117,6.11,6.02,4,Yes,7,8,0,No,538979.2907228793
CLG0002,104,7.64,7.3,6,Yes,5,1,4,No,595011.1887294187
CLG0085,119,5.85,5.68,5,Yes,1,1,5,No,528616.6183602689
CLG0062,104,9.0,9.27,10,Yes,7,7,2,No,677623.1520876177
CLG0057,82,7.42,7.15,10,No,4,7,0,No,532018.8499226739
CLG0014,80,7.87,7.85,7,No,6,10,1,No,541366.1235399441
CLG0044,76,5.74,5.81,6,No,3,5,4,No,438499.6633811137
CLG0066,109,6.62,6.72,4,No,8,8,2,No,551864.6783685997
CLG0075,117,7.05,7.49,10,No,1,6,0,No,621659.0728079403
CLG0037,127,9.04,9.2,9,No,9,1,5,Yes,726795.1090485258
CLG0078,112,8.85,9.14,7,Yes,8,7,1,No,690290.1581118597
CLG0047,117,6.11,6.19,1,No,3,8,5,Yes,571227.7155575604
CLG0061,91,8.08,8.41,8,Yes,5,8,3,Yes,618061.3113528853
CLG0084,82,6.22,5.98,4,No,4,10,3,No,470387.03427930456
CLG0099,112,9.94,9.65,7,No,2,9,3,Yes,726065.3390676146
CLG0027,106,9.76,10.19,2,Yes,6,3,1,No,741007.6850697194
CLG0049,101,7.82,8.01,3,Yes,3,2,0,No,579293.9321312396
CLG0060,105,8.49,8.66,1,No,0,8,1,No,642993.4333419104
CLG0070,104,9.01,8.98,2,No,7,4,3,No,673610.6825619774
CLG0071,119,8.6,8.48,5,No,2,2,1,No,683486.7632913309
CLG0045,119,8.5,8.56,2,Yes,5,2,4,Yes,650131.8335795532
CLG0001,108,9.79,9.41,6,No,1,2,0,No,684135.4912375496
CLG0013,112,7.98,7.93,6,Yes,8,5,5,No,629709.8679610479
CLG0038,107,8.18,8.14,6,No,3,8,4,Yes,611133.1400536831
CLG0017,93,9.25,9.29,3,No,6,9,5,Yes,656880.9852573567
CLG0100,111,8.35,8.48,3,Yes,8,6,3,Yes,662773.5599336526
CLG0038,79,8.66,9.12,10,Yes,10,8,0,No,613787.1621702957
CLG0001,115,6.17,6.32,7,Yes,2,6,4,No,546847.3138580166
CLG0001,82,6.86,7.24,4,No,2,1,1,No,521183.4792260164
CLG0083,104,5.74,5.8,6,No,2,9,2,No,499925.02634963475
CLG0030,87,7.53,7.66,8,Yes,4,10,5,No,564473.6199305968
CLG0077,108,7.28,6.85,3,Yes,9,7,1,No,562064.3708409701
CLG0007,99,9.99,9.62,9,Yes,5,2,3,No,684449.752095541
CLG0020,76,8.06,8.14,9,Yes,2,3,2,No,558803.2168196547
CLG0044,106,8.93,8.83,3,No,9,2,5,No,646341.8895330689
CLG0073,91,6.67,6.97,6,No,8,9,0,No,531181.9068656686
CLG0013,113,9.16,9.2,5,No,0,8,5,Yes,674356.0437521649
CLG0039,100,8.08,8.46,4,Yes,6,5,2,No,629747.765173421
CLG0020,105,8.48,8.95,8,No,10,4,5,No,672027.061059626
CLG0089,85,6.47,6.12,10,Yes,8,7,5,No,492746.9998904593
CLG0005,91,7.74,7.63,9,No,4,9,0,No,579649.6093648582
CLG0052,93,8.17,8.33,9,No,2,8,4,Yes,611990.9390774996
CLG0025,112,7.95,7.76,5,Yes,9,8,5,Yes,602306.2620596791
CLG0012,125,9.58,9.35,5,Yes,3,2,4,Yes,723923.8024930414
CLG0090,87,9.49,9.8,3,No,7,10,5,Yes,659841.0605061653
CLG0056,116,9.85,10.33,9,No,2,9,5,Yes,744845.3538423574
CLG0086,67,8.34,8.61,1,No,4,2,4,No,549992.3842555628
CLG0001,82,9.86,9.88,3,Yes,2,8,4,Yes,674070.6996899359
CLG0072,85,9.16,9.1,7,Yes,5,5,5,No,632265.5712254153
CLG0100,79,6.35,6.39,7,Yes,0,6,4,No,470484.6671419235
CLG0049,76,7.14,7.1,5,Yes,6,10,2,No,493449.15464666777
CLG0067,106,6.19,6.19,6,No,10,9,0,No,537640.369948283
CLG0022,96,5.02,4.72,4,No,5,8,4,No,429389.363334799
CLG0085,105,5.94,6.34,8,No,5,5,4,No,523998.85163663945
CLG0085,110,5.02,5.27,4,Yes,2,6,0,No,494701.31886963954
CLG0031,103,8.6,8.78,10,Yes,0,5,2,No,628475.2575042268
CLG0001,109,7.13,7.58,6,No,10,9,5,No,592586.0920985398
CLG0027,98,6.56,6.34,5,No,0,5,4,No,491041.126780417
CLG0002,82,8.81,8.39,10,No,6,6,5,No,576535.5485212271
CLG0093,115,9.16,9.49,6,No,3,1,5,Yes,697887.0830260721
CLG0001,91,9.88,10.38,3,No,5,8,2,Yes,706182.3582431697
CLG0042,85,8.21,8.29,3,No,3,8,4,Yes,575915.4199107017
CLG0008,97,7.31,6.87,10,No,7,8,2,No,546324.6719558862
CLG0035,86,6.53,6.81,7,Yes,8,7,5,No,527087.0609431335
CLG0035,93,6.11,5.68,1,No,1,7,3,No,464295.71872139734
CLG0007,105,6.06,6.1,1,No,0,6,4,No,519174.45856900525
CLG0023,105,7.05,6.83,1,No,0,7,4,No,548216.2390258524
CLG0023,86,9.96,10.38,6,No,6,9,5,Yes,709348.9740196218
CLG0046,92,5.0,4.95,4,Yes,1,5,5,No,436552.2758089187
CLG0019,116,5.99,6.39,6,No,2,9,5,Yes,540326.0604389716
CLG0079,107,5.94,5.74,1,No,3,9,1,No,495948.7801662599
CLG0072,131,8.59,8.48,4,No,8,4,1,No,693430.1012178869
CLG0097,117,6.76,7.21,4,Yes,9,9,5,Yes,604416.535386144
CLG0099,117,7.29,6.99,2,No,1,8,5,Yes,590304.4149970029
CLG0013,79,5.74,5.82,1,No,9,5,5,No,454302.92675597087
CLG0050,111,7.02,6.91,8,No,1,10,2,Yes,554263.7785924022
CLG0031,99,5.52,5.79,6,Yes,0,3,1,No,509985.75546912407
CLG0071,91,7.67,7.3,4,No,7,9,2,No,543743.3595168812
CLG0084,102,5.49,5.43,2,No,7,3,4,No,478314.38515008014
CLG0038,114,8.95,9.15,5,No,4,3,4,Yes,705556.1324382602
CLG0057,107,7.83,7.74,9,Yes,2,3,5,No,614514.2587491203
CLG0008,86,8.62,8.18,7,Yes,0,1,3,No,577160.7237186703
CLG0100,111,7.09,7.3,4,No,1,6,3,No,600554.1320429551
CLG0014,90,6.91,6.91,5,Yes,8,3,1,No,536425.0929027306
CLG0094,103,5.49,5.0,8,No,7,10,5,No,443485.0599806189
CLG0051,95,7.62,7.73,5,Yes,9,3,5,No,568783.1353444258
CLG0009,96,7.57,7.99,6,No,10,9,4,No,596617.2812371973
CLG0013,111,7.34,6.95,10,No,3,7,2,No,571608.5323740336
CLG0076,84,8.7,8.79,6,Yes,2,8,1,No,596140.6869273218
CLG0066,129,9.16,9.39,8,Yes,4,1,3,Yes,723624.2171289581
CLG0038,72,8.75,8.32,5,No,7,8,0,No,553934.2911419483
CLG0021,91,5.72,5.24,1,No,9,8,2,No,449316.5016272946
CLG0029,105,8.11,8.07,4,Yes,5,8,5,Yes,616229.3664692598
CLG0084,108,5.4,5.69,3,No,9,6,0,No,510830.2026598171
CLG0050,98,8.47,8.13,2,No,10,10,1,No,594018.5253732562
CLG0064,99,6.91,7.25,7,Yes,3,5,1,No,561836.7479872657
CLG0009,106,5.66,5.82,7,Yes,7,4,0,No,493829.4849770954
CLG0015,96,9.31,9.14,8,No,3,9,1,No,649649.7487094847
CLG0053,120,8.07,8.09,10,No,4,7,1,No,637669.1138482786
CLG0097,112,6.77,7.24,5,Yes,1,1,4,No,604007.1858775656
CLG0053,113,5.15,4.87,1,No,9,1,5,No,456479.395622243
CLG0071,85,7.69,7.69,6,Yes,3,1,2,No,553037.3886326785
CLG0003,98,9.62,9.74,6,No,9,4,3,No,671495.2161194099
CLG0087,95,7.98,7.62,8,No,9,9,5,No,558089.6477063446
CLG0022,84,9.86,9.4,10,No,2,3,4,No,658478.410775447
CLG0039,105,5.68,5.19,2,No,7,10,1,No,451229.4546239234
CLG0077,91,7.84,7.66,9,No,7,1,3,No,560272.6961597089
CLG0009,109,8.99,8.56,6,No,6,1,1,No,647091.3425268459
CLG0034,83,7.63,7.93,1,Yes,5,3,5,No,549289.5738135865
CLG0012,125,5.46,5.96,9,No,8,7,2,No,548556.9587941791
CLG0034,86,7.91,7.47,8,Yes,3,8,1,No,533554.8659593498
CLG0045,103,8.06,7.99,10,No,3,4,0,No,598701.8196462344
CLG0097,111,8.64,8.17,1,No,5,2,0,No,627558.4323858015
CLG0050,91,8.81,8.44,8,No,0,7,0,No,601843.1249884823
CLG0099,112,8.85,8.67,7,Yes,1,9,0,Yes,650674.1837493555
CLG0028,81,8.32,8.21,5,Yes,1,10,3,Yes,571931.5414034725
CLG0039,121,6.08,6.52,6,No,9,6,5,No,575298.6252455678
CLG0003,100,7.02,6.92,4,Yes,3,2,0,No,557073.3009112759
CLG0047,91,8.88,8.88,9,Yes,4,9,1,No,620169.4424480872
CLG0012,95,9.77,9.52,9,No,1,7,4,No,671191.6680210239
CLG0043,112,5.39,4.89,10,Yes,7,9,1,No,475978.92225137836
CLG0077,91,7.68,8.08,1,Yes,4,2,1,No,576398.5046753604
CLG0067,88,6.56,6.14,9,No,7,10,1,No,472828.8914007707
CLG0018,96,6.13,6.59,3,Yes,8,4,1,No,519387.5848365993
CLG0090,82,7.53,7.16,2,No,10,6,4,No,538819.1029218032
CLG0010,127,8.03,8.13,4,No,8,10,0,Yes,653443.48809474
CLG0004,91,5.05,5.55,4,No,3,7,2,No,452027.8495142027
CLG0012,112,8.9,8.54,9,No,9,3,3,Yes,650878.7369830692
CLG0053,103,9.1,9.02,4,No,1,10,4,Yes,655447.1568078703
CLG0051,85,9.83,10.11,5,Yes,10,5,4,No,665920.6068020145
CLG0016,99,5.9,5.43,6,Yes,1,4,4,No,468482.3788118467
CLG0017,111,7.97,8.16,4,No,4,5,3,Yes,634265.0186260596
CLG0095,97,7.13,6.71,1,No,9,6,1,No,530424.6552187102
CLG0026,117,6.67,6.41,2,No,3,6,5,No,539757.1178141248
CLG0002,115,7.83,7.49,3,No,5,7,3,No,615372.8320039405
CLG0029,113,8.91,9.32,4,No,8,6,4,Yes,683790.203914245
CLG0094,93,5.12,4.8,5,No,6,6,1,No,425497.4021289085
CLG0047,83,9.85,9.39,10,No,10,4,4,No,636415.6573068376
CLG0011,90,9.05,9.14,10,No,3,2,2,No,619347.1429080785
CLG0034,102,8.76,8.61,3,No,6,10,0,No,635966.712738689
CLG0071,108,8.8,8.71,1,No,1,7,0,No,638975.927669415
CLG0029,67,6.95,6.57,8,No,4,7,4,No,463461.3525865516
CLG0097,99,8.76,9.01,8,No,10,3,1,No,662162.9011010217
CLG0049,102,6.93,7.03,4,No,8,5,2,No,574059.7930003356
CLG0091,95,9.49,9.35,7,No,10,6,2,No,652478.3620008895
CLG0016,119,5.89,5.56,4,No,8,10,5,Yes,512035.8318073817
CLG0081,106,6.46,6.55,3,No,3,9,1,No,554417.5880002442
CLG0075,119,7.76,8.04,7,No,7,3,1,No,645039.5183593933
CLG0014,96,6.6,6.41,6,Yes,4,3,2,No,519832.39150996757
CLG0013,114,7.12,6.65,1,No,2,5,0,No,551389.680169046
CLG0035,124,7.46,7.17,9,Yes,5,2,0,No,578384.2318909606
CLG0090,119,9.28,9.46,2,No,3,3,2,Yes,726315.7121639726
CLG0052,83,7.62,8.11,3,No,2,6,3,No,570760.1249021965
CLG0025,96,6.81,6.32,5,No,3,3,2,No,490603.5993407612
CLG0059,94,6.24,6.05,3,No,0,1,4,No,488858.6809983847
CLG0076,107,7.04,6.6,3,No,9,7,5,No,538359.4475193468
CLG0068,110,7.58,7.4,8,No,7,7,3,No,601569.7034044366
CLG0042,87,8.73,8.64,4,No,8,2,1,No,605954.2146755361
CLG0048,101,5.61,6.03,10,No,5,5,2,No,513216.1782068972
CLG0091,69,6.11,5.69,2,No,4,9,2,No,413052.60354586696
CLG0045,121,6.9,7.18,5,Yes,8,3,3,No,586834.7327420902
CLG0072,92,6.8,6.7,2,No,3,8,2,No,521921.63445194234
CLG0072,100,6.96,7.27,10,Yes,0,4,4,No,563868.8089196772
CLG0029,95,8.97,8.98,8,No,10,3,0,No,632377.9214638803
CLG0003,117,6.62,6.16,3,Yes,6,2,2,No,521471.7948517441
CLG0021,57,7.51,7.96,2,No,0,9,0,No,520368.4480229172
CLG0031,99,8.12,7.7,3,No,8,5,1,No,576186.746436772
CLG0013,98,6.16,6.26,3,Yes,3,9,1,No,519219.98073321633
CLG0095,93,8.59,8.97,1,No,2,8,2,Yes,652790.4376186777
CLG0081,125,7.74,7.32,3,No,3,3,1,No,621472.3040339955
CLG0048,86,7.23,7.28,3,Yes,0,4,2,No,524438.6893841666
CLG0096,111,9.05,9.37,4,No,5,6,0,No,695366.851256069
CLG0024,105,6.22,6.71,8,No,6,10,3,No,549948.8139197646
CLG0002,118,9.42,9.64,9,No,6,5,2,Yes,714150.8114522176
CLG0003,89,7.81,7.59,1,No,4,10,5,No,543123.5474662127
CLG0026,89,8.05,8.25,1,Yes,9,10,3,Yes,590680.1790646018
CLG0002,116,9.38,9.59,6,No,9,3,0,No,710764.1902490966
CLG0033,106,9.09,9.29,1,No,4,5,0,No,683210.2755926374
CLG0034,76,8.01,8.36,5,No,5,5,3,No,567823.7764700996
CLG0090,91,8.77,8.36,1,No,9,9,5,Yes,584983.0001208414
CLG0098,105,7.17,6.78,8,No,7,4,2,No,534204.8848483018
CLG0038,112,7.74,7.88,5,No,8,8,3,Yes,616800.2979490877
CLG0078,89,5.31,5.76,6,Yes,5,4,2,No,469211.8351147242
CLG0095,56,5.45,5.42,4,Yes,2,10,5,No,393373.57576772565
CLG0020,107,9.15,9.61,8,No,5,2,2,No,695116.2169061962
CLG0010,81,5.3,5.74,9,No,3,3,3,No,451011.48036406847
CLG0084,69,5.85,6.25,9,Yes,3,4,0,No,450768.01082224987
CLG0033,57,8.98,9.39,1,No,10,8,4,Yes,587148.860529526
CLG0045,112,5.01,5.41,7,No,10,9,1,No,488863.70135669986
CLG0060,101,6.41,6.73,4,Yes,6,6,4,No,554023.9854458747
CLG0066,96,7.92,8.11,10,No,5,8,0,No,591452.1098967092
CLG0061,120,7.98,7.5,8,No,7,10,1,No,616114.4854439426
CLG0051,109,8.89,8.52,7,No,10,5,5,No,627355.7253144244
CLG0012,124,7.53,7.16,1,Yes,7,5,5,No,612193.9040035626
CLG0080,79,7.55,7.07,1,Yes,2,8,3,No,534107.0172019282
CLG0009,99,8.63,8.25,1,No,10,4,4,No,603598.8596232727
CLG0011,75,7.49,7.91,2,No,3,3,2,No,546383.9321779781
CLG0021,96,8.04,8.2,10,Yes,1,10,0,No,604138.5529149108
CLG0076,96,9.49,9.3,2,No,0,2,0,No,652187.5977318456
CLG0068,109,7.01,7.3,9,No,6,8,5,No,590344.9119678686
CLG0026,100,6.93,6.92,5,No,7,5,0,No,524085.2390655684
CLG0063,109,5.02,4.66,1,No,7,6,5,No,465231.48193771776
CLG0019,110,8.07,8.45,7,Yes,5,9,4,Yes,633413.8388249505
CLG0017,132,5.15,4.99,10,No,6,3,2,No,526844.2652637366
CLG0044,95,7.52,7.72,2,No,7,4,4,No,565156.796765158
CLG0061,85,9.02,8.81,3,Yes,3,2,2,No,606216.5404891194
CLG0001,103,7.75,7.75,4,No,7,6,1,No,607694.3739794894
CLG0072,87,6.35,6.67,3,Yes,5,9,3,No,502225.22710227425
CLG0058,122,8.93,8.59,3,No,6,2,5,Yes,673827.6852858018
CLG0094,95,6.35,6.83,9,No,9,5,0,No,525998.1330682276
CLG0041,91,8.67,8.24,4,No,6,10,2,Yes,607216.2908023392
CLG0024,92,8.05,8.08,8,Yes,7,1,4,No,595629.0829768265
CLG0043,110,5.85,6.27,1,No,10,4,5,No,533491.2186913511
CLG0081,97,9.53,9.98,6,No,4,8,5,Yes,687449.8504202821
CLG0094,90,6.0,5.73,1,No,1,3,5,No,457068.3377013712
CLG0009,124,9.95,9.59,5,Yes,7,4,4,Yes,724702.7789163528
CLG0066,87,5.04,5.26,7,Yes,0,2,0,No,427310.03886874847
CLG0090,100,6.32,5.86,1,Yes,1,9,0,No,495227.378609193
CLG0032,109,6.0,5.99,9,Yes,4,5,0,No,512111.9557014481
CLG0091,75,5.07,5.37,9,Yes,3,3,1,No,407767.0775699482
CLG0041,107,8.66,8.72,6,No,10,10,3,Yes,639121.2026855125
CLG0011,84,8.47,8.16,2,Yes,1,7,5,No,562931.9877317424
CLG0065,112,8.96,8.95,2,No,3,1,2,Yes,682265.2190403446
CLG0018,85,6.28,6.7,9,Yes,6,9,0,No,499643.04827714385
CLG0008,110,7.22,7.34,4,No,4,7,2,No,588948.1735298807
CLG0027,116,8.3,8.52,6,No,3,1,4,Yes,661165.1803048914
CLG0082,112,7.2,7.04,10,Yes,1,4,3,No,582346.1975151072
CLG0009,103,8.49,8.18,2,Yes,1,7,3,No,610808.2671636723
CLG0002,96,8.17,7.93,4,Yes,0,4,2,No,581595.5563621806
CLG0081,91,5.57,5.6,2,No,9,7,4,No,466125.17982452555
CLG0075,122,8.91,8.69,3,No,5,3,4,Yes,662481.5815418686
CLG0046,89,8.6,8.64,2,No,5,4,1,No,594564.3062074649
CLG0070,84,8.28,8.49,8,Yes,3,3,5,No,600269.8507246008
CLG0005,109,5.78,6.01,5,No,8,4,0,No,516936.05617476505
CLG0012,88,6.34,6.0,5,No,3,10,4,No,459579.66685631376
CLG0044,85,6.97,7.22,8,Yes,2,3,0,No,527668.3101842852
CLG0042,78,6.4,6.57,8,Yes,10,10,0,No,493667.0560462645
CLG0099,92,6.14,5.65,7,Yes,9,10,2,No,490121.1845639025
CLG0088,98,9.03,8.59,5,No,8,5,5,No,613087.2738951405
CLG0030,103,8.19,8.34,7,No,0,4,0,No,623616.439326183
CLG0052,114,7.83,7.71,1,Yes,1,3,2,No,608046.2179895578
CLG0081,107,6.13,5.78,3,No,0,5,3,No,507432.5632152229
CLG0047,97,9.59,9.13,3,Yes,6,10,4,Yes,655446.2348767391
CLG0036,97,5.96,5.62,2,Yes,0,9,2,No,490692.24353064795
CLG0070,107,8.97,9.43,6,No,10,1,1,No,679427.1309568605
CLG0032,119,9.83,10.06,3,Yes,10,4,2,Yes,746491.6959250715
CLG0098,101,8.64,8.67,4,Yes,0,7,0,No,639691.3664671135
CLG0044,92,9.96,10.4,3,No,5,4,1,No,696227.9976416314
CLG0016,85,8.26,8.38,7,Yes,5,8,5,Yes,589420.6018436025
CLG0071,78,6.09,6.32,4,Yes,10,7,0,No,464743.41673211445
CLG0096,109,6.02,5.8,5,No,4,5,1,No,494581.2812102691
CLG0017,108,6.62,6.71,7,No,3,10,2,No,520557.356534224
CLG0032,108,5.04,4.68,4,No,7,4,0,No,454612.3081447836
CLG0014,98,8.41,8.31,6,No,2,8,2,Yes,603490.5223785422
CLG0026,121,6.34,5.87,9,Yes,0,1,4,No,528120.3132016092
CLG0073,92,9.08,8.8,6,Yes,0,2,5,No,614887.073860692
CLG0013,114,6.8,6.37,5,No,4,5,1,No,543764.5243317909
CLG0089,99,7.4,7.29,1,Yes,2,10,3,No,560769.610740621
CLG0012,90,9.83,10.17,8,No,2,7,5,No,705481.2851970285
CLG0045,108,6.21,6.09,5,Yes,10,9,3,No,526172.1455695786
CLG0016,106,8.61,8.94,5,No,1,3,2,No,640598.7329993161
CLG0094,105,8.78,8.94,3,No,8,5,1,No,662214.4645188447
CLG0052,101,6.1,6.11,10,No,10,2,1,No,503243.9237272632
CLG0021,99,7.5,7.24,2,No,5,6,2,No,542719.4827724521
CLG0024,135,6.75,7.17,1,No,6,6,3,No,640691.7839119957
CLG0043,117,8.86,8.41,9,No,1,4,5,Yes,663992.6210938036
CLG0005,110,8.11,8.3,5,No,10,2,4,No,623336.8392285921
CLG0033,101,7.38,7.5,10,No,0,8,5,No,578518.681146782
CLG0031,115,8.9,8.84,4,No,7,8,3,Yes,684994.9433442473
CLG0009,107,6.18,5.92,7,Yes,9,1,0,No,518245.5055040616
CLG0035,100,8.77,8.7,4,Yes,3,2,3,No,626769.58472405
CLG0008,95,9.33,9.7,2,Yes,8,4,0,No,665396.2111390337
CLG0075,98,9.39,9.73,9,No,8,1,0,No,679303.7676364135
CLG0017,52,8.92,9.36,8,No,10,6,4,No,589208.7206184339
CLG0080,103,7.04,6.85,4,No,3,2,4,No,551625.0049538652
CLG0020,92,9.91,9.8,8,No,9,3,5,No,671365.2432071231
CLG0091,123,6.9,6.42,9,No,2,9,3,Yes,560727.8405000701
CLG0078,100,8.19,8.63,2,Yes,4,7,5,No,645383.1660313467
CLG0022,82,5.81,5.64,4,No,5,4,2,No,439859.865777579
CLG0054,99,9.9,9.8,6,No,9,10,3,Yes,686156.4007683087
CLG0071,84,8.52,8.93,7,No,3,1,4,No,599270.0860249047
CLG0075,107,8.77,8.8,5,Yes,0,4,5,No,652832.3239662074
CLG0081,104,5.33,5.4,10,No,6,10,0,No,473245.81031842926
CLG0077,114,8.82,8.5,10,No,4,6,0,No,663753.2288731817
CLG0081,88,8.87,8.87,7,No,1,8,2,Yes,611108.4766142108
CLG0075,100,8.36,8.78,4,No,10,9,3,Yes,649589.3816177534
CLG0068,79,6.46,6.52,8,Yes,8,4,2,No,482980.4908015106
CLG0080,110,7.45,7.21,3,Yes,7,6,2,No,564097.356440557
CLG0031,107,5.55,5.08,3,No,9,2,3,No,474758.6991779437
CLG0085,107,7.36,7.2,5,Yes,6,2,1,No,571751.267041184
CLG0097,100,6.22,6.29,6,Yes,8,6,3,No,489623.50659057876
CLG0013,106,6.75,6.29,3,No,9,9,2,No,518205.78935779084
CLG0029,124,5.81,5.92,10,No,1,3,5,No,550778.0130489396
CLG0079,95,6.15,6.17,2,No,2,4,1,No,505846.99476288236
CLG0010,102,5.38,5.66,5,No,8,9,5,No,484923.1667526206
CLG0033,83,9.6,9.13,10,No,5,9,2,Yes,621790.84134261
CLG0015,86,7.65,7.93,6,Yes,1,5,2,No,559951.5813132955
CLG0077,101,6.98,7.0,3,No,5,9,2,No,553389.0139963096
CLG0035,116,7.68,7.55,7,No,4,5,5,No,619059.5164711052
CLG0054,96,8.14,8.61,3,No,9,5,0,No,631044.1377405262
CLG0021,96,9.61,9.27,2,Yes,4,7,3,No,643972.7636468775
CLG0030,93,5.89,5.93,10,No,4,6,4,No,480912.2590328929
CLG0046,91,6.48,6.3,4,No,1,10,0,No,497473.59830880864
CLG0042,104,9.88,9.91,3,No,5,7,3,No,703719.0519142359
CLG0071,77,6.86,6.91,7,No,6,10,0,No,524687.6119955349
CLG0049,119,5.11,4.7,8,No,8,2,3,No,478154.41433433705
CLG0024,90,5.74,5.9,3,No,4,9,1,No,461848.76973196643
CLG0080,110,5.13,5.26,6,Yes,10,6,5,No,480593.88148629374
CLG0069,80,9.95,10.22,1,Yes,10,9,4,Yes,681983.5875879757
CLG0006,110,6.39,5.98,5,No,4,1,1,No,521780.5598929844
CLG0002,110,9.62,9.42,2,Yes,8,2,1,No,675632.4758235556
CLG0003,105,9.98,10.13,1,No,5,7,3,No,726842.7995619075
CLG0053,85,8.0,7.64,7,No,6,2,2,No,537091.2867081449
CLG0010,103,5.17,5.35,10,Yes,3,6,5,No,488272.582831434
CLG0024,82,5.41,4.97,4,Yes,3,2,2,No,431897.54883090546
CLG0033,96,7.41,7.24,5,No,0,10,2,No,537402.7043051473
CLG0084,115,7.03,7.38,2,Yes,10,5,2,No,598095.4114890919
CLG0022,111,8.03,8.3,8,Yes,4,6,5,Yes,627926.4088052827
CLG0061,100,7.19,7.33,10,No,1,7,4,No,565191.4952288747
CLG0096,85,9.67,10.04,3,No,4,1,1,No,692795.6098437755
CLG0094,109,7.67,7.88,7,No,4,2,0,No,630587.6685928075
CLG0067,100,8.47,8.49,1,No,3,2,4,No,614622.3487240169
CLG0004,65,9.48,9.96,10,Yes,9,1,5,No,609181.6650724935
CLG0051,111,5.73,5.92,1,Yes,8,3,3,No,490418.8405138204
CLG0004,99,6.15,6.25,7,Yes,4,6,4,No,525625.0485272907
CLG0039,118,5.54,5.45,1,No,5,9,4,Yes,513242.1562013882
CLG0031,83,5.7,6.1,9,No,0,3,5,No,487255.5368337059
CLG0057,52,7.56,7.36,9,No,4,3,3,No,470259.99687929975
CLG0073,104,6.61,6.12,8,Yes,8,2,0,No,526142.7186026282
CLG0030,104,7.12,6.82,8,Yes,10,2,1,No,552737.5676358003
CLG0093,74,9.91,9.52,4,Yes,5,7,4,No,623051.3584721966
CLG0089,85,5.78,5.6,4,No,8,4,3,No,467503.3507781599
CLG0039,141,7.7,8.03,5,No,3,6,3,Yes,705982.7871926043
CLG0099,95,5.49,5.64,9,No,1,8,0,No,469617.2336299813
CLG0025,110,6.59,6.26,3,No,8,5,4,No,541057.8579257018
CLG0058,90,7.64,7.93,4,No,3,3,3,No,572452.5809510167
CLG0036,68,9.73,9.73,10,No,10,2,5,No,623972.9199734757
CLG0011,97,6.96,6.97,5,Yes,1,6,5,No,527710.7809377386
CLG0090,96,5.32,5.18,7,Yes,0,8,0,No,436486.0444617954
CLG0046,94,6.94,7.3,5,No,1,10,0,No,574667.8374344641
CLG0089,98,5.73,5.55,9,No,4,4,3,No,469395.36057362845
CLG0021,103,6.15,5.74,6,Yes,2,2,3,No,483117.26091493637
CLG0002,97,8.09,7.89,3,Yes,5,3,4,No,582426.3459554974
CLG0074,81,5.34,5.56,6,Yes,3,3,4,No,441387.0704296901
CLG0039,107,7.32,7.48,6,Yes,1,9,1,No,557670.0127438657
CLG0099,70,8.05,7.74,10,No,6,10,3,No,529328.2605924786
CLG0033,69,7.11,6.72,1,No,10,4,2,No,469082.1854800854
CLG0031,111,5.1,5.26,7,No,5,6,5,No,498081.2954302267
CLG0004,107,9.93,10.11,3,Yes,7,9,2,Yes,726501.7832128188
CLG0067,99,6.84,6.71,1,No,9,10,5,No,538525.0600510326
CLG0069,79,8.89,9.23,1,No,4,8,1,No,617813.9548648312
CLG0081,89,6.63,7.11,5,No,2,9,3,No,545933.3329575666
CLG0013,96,7.38,7.09,10,Yes,3,6,0,No,553250.8542292751
CLG0065,76,6.94,7.02,10,No,4,2,5,No,516936.3265357626
CLG0045,88,6.71,6.22,2,No,4,5,2,No,471241.31143132027
CLG0039,109,5.11,5.32,2,No,5,10,4,No,465844.2031262385
CLG0087,121,6.8,6.71,4,No,8,3,2,No,565909.3451274638
CLG0089,93,9.45,9.14,10,Yes,3,3,3,No,628297.2763961015
CLG0053,111,8.45,8.7,7,Yes,6,10,5,Yes,649420.2798230214
CLG0031,71,5.73,6.04,8,Yes,6,1,2,No,442824.0975083763
CLG0013,109,7.96,7.57,10,Yes,5,4,1,No,600134.1456226567
CLG0001,87,9.46,9.0,7,Yes,0,7,4,No,619320.4760035648
CLG0098,104,8.5,8.33,9,Yes,8,3,1,No,622051.3946326498
CLG0029,96,5.74,5.87,7,No,5,7,0,No,476141.75415095314
CLG0061,119,9.34,9.63,4,No,2,6,0,No,720487.822911972
CLG0095,86,6.51,6.56,9,No,10,1,0,No,498562.95823701774
CLG0072,109,7.27,7.35,9,Yes,1,5,0,No,590773.3952957408
CLG0002,95,7.63,7.93,3,Yes,2,6,3,No,590401.4196172927
CLG0012,97,9.25,9.28,10,Yes,10,9,3,Yes,668965.4849582597
CLG0056,97,9.66,9.77,8,No,0,10,3,Yes,703902.2130821893
CLG0097,87,9.65,9.67,1,Yes,2,6,1,No,648199.8369524868
CLG0094,99,5.04,5.42,2,Yes,4,8,1,No,453411.02165989263
CLG0041,99,9.61,9.35,8,Yes,3,2,2,No,651876.0397859103
CLG0027,103,5.27,5.03,8,No,9,1,4,No,451127.3982337328
CLG0089,101,6.33,5.96,6,No,0,1,1,No,504625.4484162947
CLG0038,111,7.57,7.89,8,Yes,4,7,2,No,619378.3486251872
CLG0097,113,7.4,7.31,8,No,2,8,0,No,598796.1070324497
CLG0052,84,8.02,7.87,2,No,9,8,0,No,554900.8105174934
CLG0080,113,7.4,7.88,3,Yes,10,3,1,No,623986.5852381737
CLG0032,82,9.67,10.1,7,No,6,5,3,No,659291.9330131465
CLG0088,108,6.2,6.67,3,Yes,9,7,2,No,534790.5133145886
CLG0002,109,6.37,6.01,2,No,10,9,5,No,512526.8343360144
CLG0066,71,9.6,9.99,6,No,7,5,4,No,639490.6368366632
CLG0020,101,5.38,5.21,2,No,4,4,2,No,462749.74411019485
CLG0057,92,8.05,7.56,2,Yes,9,4,3,No,582141.3081781787
CLG0062,88,8.41,8.3,2,No,7,6,5,No,582129.7355395551
CLG0091,120,7.53,7.54,4,No,5,9,3,Yes,628517.4351140715
CLG0086,90,8.47,8.08,7,No,5,1,1,No,594451.7915706687
CLG0048,87,5.86,5.9,6,No,4,1,3,No,478278.70927135524
CLG0083,101,9.26,9.58,5,Yes,10,1,3,No,685871.8162934252
CLG0007,110,5.7,5.58,4,Yes,9,4,4,No,494498.1452533987
CLG0067,97,7.0,6.85,2,No,5,4,3,No,532978.5723754325
CLG0050,117,5.38,5.22,8,Yes,0,8,5,Yes,518087.1406172356
CLG0034,107,7.73,8.15,2,Yes,7,5,0,No,618494.9574296004
CLG0087,67,8.35,7.9,8,No,4,10,3,No,530937.6338527845
CLG0069,92,9.71,9.66,10,Yes,7,4,0,No,667108.8449708392
CLG0067,91,8.7,8.46,4,No,2,8,4,Yes,606318.470069559
CLG0088,107,7.71,8.1,5,No,9,7,5,No,626015.63058085
CLG0091,60,9.66,9.26,1,No,5,6,1,No,592429.3767816481
CLG0034,138,7.39,7.3,2,No,0,2,0,No,640273.3834687168
CLG0043,107,7.81,7.72,8,No,0,5,1,No,600361.1103789243
CLG0021,102,7.98,8.37,1,No,3,2,5,No,621601.9673743786
CLG0012,117,7.05,6.77,3,Yes,9,6,5,No,557274.9141840874
CLG0032,135,9.19,9.33,2,No,5,9,5,Yes,737185.9199586477
CLG0047,113,5.93,5.56,10,No,2,9,5,Yes,487958.32261747686
CLG0086,114,7.77,8.22,5,No,10,6,1,No,648947.8900376502
CLG0098,101,8.61,8.7,4,Yes,10,4,0,No,642947.0987469641
CLG0087,97,9.52,9.65,4,Yes,4,10,2,Yes,688669.0885174967
CLG0055,92,9.42,9.35,4,No,9,9,3,Yes,647092.2133322832
CLG0065,87,7.54,7.38,4,No,10,5,4,No,541996.6477279564
CLG0068,89,8.22,7.93,4,No,3,8,5,No,584770.9508641636
CLG0017,79,6.97,7.07,6,No,9,9,1,No,515037.7752752728
CLG0026,98,7.34,7.79,2,Yes,2,5,2,No,579460.6198443732
CLG0095,74,9.53,9.39,4,Yes,8,6,1,No,602330.3072807287
CLG0033,102,9.65,10.03,7,No,3,4,2,No,696771.4380611874
CLG0064,99,9.48,9.13,7,Yes,9,1,4,No,632953.3276021013
CLG0092,102,5.69,6.13,1,Yes,6,1,2,No,512771.5332852144
CLG0010,92,9.25,9.1,10,No,4,5,4,No,635096.014206138
CLG0100,146,9.74,9.62,9,No,6,3,3,Yes,776533.3162685047
CLG0046,120,6.81,6.77,7,Yes,4,7,5,No,581857.5813299211
CLG0073,81,7.59,7.81,6,No,2,4,5,No,550916.1598435639
CLG0090,103,8.9,9.12,2,No,5,4,5,No,664176.0085233982
CLG0051,90,7.81,7.79,6,No,8,4,2,No,579331.0563329358
CLG0034,84,9.97,9.99,5,No,5,6,5,No,654596.449503666
CLG0014,79,7.28,6.81,9,No,3,9,1,No,484625.46178846445
CLG0041,106,8.57,8.37,1,No,0,9,3,Yes,631453.3311890205
CLG0090,89,8.96,8.81,5,Yes,2,5,1,No,624997.3506793038
CLG0095,114,7.47,7.53,3,No,2,8,1,No,605296.1925354389
CLG0038,114,9.28,9.34,9,Yes,1,4,3,Yes,702260.2733348617
CLG0048,120,7.73,7.94,1,Yes,9,8,3,Yes,659717.6199832298
CLG0043,87,7.06,7.28,6,Yes,1,10,4,No,554633.7529421939
CLG0028,107,5.54,5.28,3,Yes,7,9,2,No,475662.83503932453
CLG0041,109,6.97,7.24,1,No,7,8,4,No,571800.5332289449
CLG0056,92,8.67,8.19,3,Yes,2,8,0,No,583296.4557208525
CLG0081,88,9.61,9.83,2,Yes,3,9,0,No,654395.722089511
CLG0076,124,6.26,5.86,10,Yes,4,10,4,Yes,554809.3289150952
CLG0091,103,6.78,7.01,8,Yes,10,8,4,No,571519.2786608923
CLG0065,109,5.77,5.8,3,Yes,8,4,2,No,507767.0295273708
CLG0060,87,8.45,8.39,7,Yes,4,5,3,No,583224.1061882526
CLG0097,81,9.8,9.99,10,No,10,10,0,No,674379.317315264
CLG0013,91,8.2,7.74,6,Yes,5,6,3,No,594147.2837427513
CLG0069,98,8.09,7.81,7,No,6,5,1,No,592984.1563598445
CLG0052,84,7.77,7.89,7,No,10,9,1,No,568744.122166536
CLG0043,99,5.44,5.79,10,Yes,1,2,3,No,478998.55151895725
CLG0092,74,8.65,8.53,1,Yes,3,6,1,No,577341.3996416008
CLG0088,83,8.01,7.77,4,No,5,10,0,No,554035.9231565176
CLG0084,110,8.31,8.33,4,No,3,2,0,No,641884.0774368988
CLG0040,109,9.49,9.61,5,No,4,8,1,No,698670.9530122712
CLG0042,94,8.92,8.84,10,Yes,2,8,0,No,629822.8862467144
CLG0037,84,8.9,9.28,5,Yes,1,5,1,No,628114.4211548562
CLG0084,84,9.64,9.66,8,Yes,0,10,2,Yes,666367.8649108114
CLG0023,94,9.95,9.49,4,No,2,8,2,Yes,661200.0025392552
CLG0067,109,7.91,7.63,1,No,9,5,3,No,599387.5032093126
CLG0069,113,5.54,5.49,5,No,8,4,1,No,491440.21528881846
CLG0079,92,7.3,7.5,1,No,0,9,2,No,572342.7253463129
CLG0069,82,8.94,8.66,3,No,7,8,2,Yes,596566.774273224
CLG0098,104,5.14,5.62,8,Yes,4,4,0,No,488484.5269650396
CLG0058,87,5.28,5.1,10,Yes,3,2,3,No,438450.8841478035
CLG0046,92,5.34,5.37,5,No,4,2,3,No,464116.88399513037
CLG0087,119,8.66,8.18,7,No,10,2,2,Yes,655923.3576669004
CLG0047,112,7.51,7.89,1,No,6,10,2,Yes,606594.1636603535
CLG0017,102,6.84,7.13,6,Yes,7,8,3,No,544089.7749571454
CLG0009,80,5.53,5.23,8,No,1,6,5,No,432679.70814233436
CLG0068,103,8.66,9.09,6,No,5,1,0,No,653278.9512076955
CLG0094,115,6.61,6.43,4,No,3,10,4,Yes,560719.4312103875
CLG0078,94,6.33,6.52,8,No,7,4,0,No,521161.582340235
CLG0030,120,8.26,8.58,8,Yes,3,3,4,Yes,668891.1755519501
CLG0095,119,7.8,8.04,6,No,2,10,3,Yes,635834.4803008572
CLG0061,124,6.81,7.23,8,No,4,7,3,No,606298.1070694688
CLG0065,104,8.21,8.57,6,No,3,10,3,Yes,649105.8840352005
CLG0058,108,6.36,6.85,4,Yes,4,5,1,No,559952.3510934848
CLG0027,121,8.97,8.65,6,No,8,1,1,No,684604.4444695101
CLG0066,106,6.15,5.95,9,No,10,6,1,No,513410.9332991962
CLG0045,92,5.79,5.93,8,Yes,2,4,3,No,474296.4036790794
CLG0040,93,8.91,9.14,7,Yes,1,10,2,Yes,651467.9642366441
CLG0061,103,8.54,8.57,5,No,1,6,3,No,619874.6428734517
CLG0041,80,5.91,5.48,7,No,8,7,4,No,435443.1927429888
CLG0074,97,5.58,5.92,1,No,6,9,0,No,477352.8382924545
CLG0088,116,9.19,9.65,8,Yes,9,1,5,Yes,723897.1461146866
CLG0084,67,8.88,8.79,5,Yes,3,6,4,No,583474.095034869
CLG0042,123,6.64,6.36,7,No,5,8,0,No,556270.5969165841
CLG0062,116,8.29,7.81,7,Yes,9,4,4,No,618052.3008427361
CLG0080,93,5.62,5.36,8,Yes,5,10,0,No,459817.3962294588
CLG0038,108,7.54,7.74,7,Yes,2,9,5,No,613566.4806887455
CLG0060,100,5.09,5.5,6,Yes,8,4,2,No,491676.37186747865
CLG0049,118,6.96,6.55,6,No,3,4,0,No,564564.844617161
CLG0018,114,5.37,5.42,5,No,0,9,3,Yes,501346.6833002055
CLG0099,78,7.38,7.58,5,No,1,4,4,No,538089.790831682
CLG0094,108,7.11,6.89,4,No,4,9,1,No,527174.3156630043
CLG0005,96,7.22,7.29,7,No,7,1,2,No,556567.4936449373
CLG0011,101,5.23,5.45,3,Yes,6,8,5,No,482653.3302048682
CLG0004,89,6.81,7.15,5,No,8,2,4,No,526070.3339033779
CLG0061,126,8.78,8.73,3,No,0,8,2,Yes,699091.512462943
CLG0075,115,6.84,7.09,8,Yes,1,5,1,No,589749.1649562416
CLG0012,88,8.58,8.38,5,Yes,9,1,1,No,603528.6981880534
CLG0049,79,6.85,6.56,10,No,3,1,1,No,491634.6967938803
CLG0028,94,7.12,6.81,6,Yes,6,6,1,No,518677.84940143005
CLG0090,106,7.82,7.68,1,No,0,1,1,No,598797.6229887329
CLG0034,103,9.75,9.29,4,No,4,2,3,No,680048.0334000075
CLG0056,118,5.54,5.32,9,No,1,3,0,No,497601.13984455453
CLG0065,111,5.16,5.31,5,No,1,2,1,No,481699.49741843704
CLG0006,114,8.04,8.19,1,No,1,9,4,Yes,635340.814078922
CLG0033,104,9.75,9.32,4,Yes,8,10,4,Yes,691171.6387126215
CLG0047,79,9.95,9.74,6,Yes,10,6,1,No,639893.7215931925
CLG0024,97,7.42,7.49,7,No,9,9,2,No,571582.4040093645
CLG0034,115,7.34,7.16,7,No,4,5,1,No,592588.8024951394
CLG0072,99,8.22,8.14,8,No,7,4,5,No,608748.2109656994
CLG0016,107,7.78,7.99,5,Yes,9,2,3,No,623872.3630048584
CLG0080,95,8.17,7.68,6,No,5,4,5,No,574891.5369621281
CLG0016,84,9.37,9.15,2,No,10,8,0,No,629479.8089978654
CLG0098,98,8.73,8.37,10,No,0,2,4,No,612210.9761098325
CLG0084,104,7.48,7.11,2,No,9,8,1,No,576004.352439373
CLG0014,90,7.31,7.77,3,Yes,8,2,0,No,559081.2716575722
CLG0059,96,8.2,8.08,4,No,6,1,0,No,598072.6083270627
CLG0062,85,7.28,7.31,6,No,10,4,1,No,518913.6430610856
CLG0090,116,7.29,7.52,6,Yes,1,7,0,No,604914.2853222721
CLG0066,95,5.08,4.63,3,Yes,7,2,4,No,430768.7567896219
CLG0019,121,5.87,5.61,1,Yes,1,3,1,No,548217.0888477844
CLG0061,122,7.44,7.77,3,Yes,1,6,2,No,625125.0287186335
CLG0066,98,9.11,9.47,4,Yes,3,2,1,No,657359.7131975633
CLG0026,84,6.39,6.26,9,Yes,7,9,4,No,481873.0792270313
CLG0089,68,7.61,7.48,10,No,6,6,1,No,527453.8087964676
CLG0049,77,6.72,6.98,8,Yes,1,6,1,No,527843.5080234119
CLG0019,79,5.52,5.32,4,No,9,8,1,No,438831.14813275414
CLG0049,120,9.79,9.41,7,No,5,1,3,Yes,700006.5685702887
CLG0081,101,9.27,9.03,9,Yes,10,10,3,Yes,665994.8556364783
CLG0030,105,5.39,5.28,2,No,10,3,4,No,474627.57735046995
CLG0076,66,8.6,8.15,3,No,3,2,0,No,531086.9682988821
CLG0057,82,6.74,6.72,1,Yes,9,1,1,No,500209.77777180786
CLG0085,113,9.97,10.21,8,No,0,6,1,No,733747.2777366432
CLG0036,104,6.51,6.52,2,No,7,4,5,No,521304.19105264306
CLG0040,97,6.19,5.76,7,No,7,6,3,No,490315.0282926261
CLG0028,108,7.84,7.78,7,No,5,8,2,No,603528.0724603041
CLG0097,124,9.18,9.39,3,No,9,7,5,Yes,715068.2389679959
CLG0046,96,5.96,5.52,2,Yes,6,3,3,No,458893.4527511305
CLG0073,101,8.55,8.11,3,Yes,2,3,0,No,620662.2820091828
CLG0082,102,5.31,5.18,8,No,8,6,5,No,464033.2587615075
CLG0088,135,9.59,9.28,9,Yes,3,1,1,No,712116.3007237619
CLG0032,68,5.41,5.84,8,No,10,3,1,No,445528.421585947
CLG0087,110,9.57,9.65,2,No,1,8,4,Yes,699224.5995201068
CLG0058,98,7.45,7.24,9,Yes,3,3,2,No,561482.8347238617
CLG0076,108,7.24,7.44,6,Yes,1,1,4,No,581464.2188755273
CLG0098,90,9.87,9.74,2,Yes,3,10,2,Yes,637140.4687265783
CLG0026,99,9.95,9.58,9,No,1,9,5,Yes,675620.6478439091
CLG0070,110,8.25,7.99,5,No,10,2,5,No,616681.1111320938
CLG0069,146,5.64,5.78,6,No,7,7,2,No,585448.1682458231
CLG0087,112,7.53,7.08,1,Yes,5,8,5,Yes,595054.8757207133
CLG0050,87,7.65,7.42,2,No,7,3,2,No,548583.6887885334
CLG0079,93,7.57,7.28,1,No,10,7,2,No,536539.5728579392
CLG0032,93,7.85,7.55,4,No,0,10,4,No,583391.7097025107
CLG0058,73,5.09,5.27,2,Yes,8,4,1,No,406498.9476341497
CLG0064,95,8.56,8.89,1,No,10,2,1,No,640826.365551609
CLG0077,110,8.56,8.78,3,No,1,4,5,No,635186.9578773591
CLG0028,80,5.58,5.73,4,Yes,7,8,4,No,454689.3918470233
CLG0097,115,7.85,8.27,4,No,3,2,5,Yes,651031.7571994211
CLG0072,107,7.84,7.4,3,No,1,6,3,No,593896.757609192
CLG0080,88,8.41,8.08,2,Yes,0,10,5,Yes,571778.9236707784
CLG0039,97,5.43,5.34,8,No,3,3,0,No,455686.12828786013
CLG0096,123,8.13,8.0,10,Yes,9,3,2,No,653666.1908270966
CLG0080,111,6.4,6.32,2,No,0,6,4,No,533148.1700819574
CLG0045,100,7.54,7.25,5,Yes,7,3,2,No,576425.0019515501
CLG0013,96,8.87,8.52,7,No,1,2,2,No,628089.6848548132
CLG0020,101,8.53,8.54,9,Yes,7,2,2,No,616656.612687055
CLG0058,92,5.59,6.02,3,Yes,9,3,4,No,500454.6948810243
CLG0019,68,7.96,7.85,1,Yes,0,2,1,No,508972.6829788402
CLG0075,130,9.85,9.39,9,No,6,6,3,Yes,729868.7128001481
CLG0091,102,5.78,5.99,1,Yes,6,4,3,No,509419.40309002
CLG0080,105,9.26,9.05,8,Yes,4,1,5,No,665056.4712952647
CLG0009,99,8.51,8.26,2,Yes,2,3,4,No,601962.6378274363
CLG0077,88,8.87,8.69,7,No,5,10,0,No,606983.7020077023
CLG0019,97,6.41,6.63,3,No,10,3,3,No,540722.1957724734
CLG0094,76,6.44,6.76,6,Yes,4,4,3,No,479274.09337175946
CLG0055,134,9.53,9.62,6,No,8,6,2,Yes,751637.1562331705
CLG0039,81,6.8,6.62,4,No,3,1,4,No,485928.6410791775
CLG0017,84,5.32,5.13,8,No,8,2,5,No,433087.64467085
CLG0062,93,8.0,7.62,5,Yes,9,10,5,No,582377.1287930155
CLG0094,119,5.62,6.05,7,Yes,5,3,1,No,541866.751300439
CLG0093,100,8.98,9.12,5,No,8,5,4,No,658312.5926248936
CLG0060,81,8.21,7.74,4,Yes,2,7,4,No,547611.4836242063
CLG0042,118,9.37,9.53,6,Yes,0,1,3,Yes,720730.2793068297
CLG0002,110,8.92,8.87,3,No,5,2,2,No,663033.618433962
CLG0050,108,5.56,6.03,6,Yes,3,4,4,No,505861.36097601196
CLG0067,110,6.91,7.23,6,Yes,10,10,1,No,558355.5963033913
CLG0020,135,8.87,8.54,6,No,9,1,2,Yes,702039.3133294657
CLG0001,132,7.09,7.31,3,Yes,3,1,2,No,628160.0422234712
CLG0005,89,9.86,9.85,8,No,3,9,1,No,670603.8991023144
CLG0097,124,8.68,8.37,4,No,0,6,1,No,668903.6852988146
CLG0039,105,5.08,5.28,2,No,4,2,5,No,462314.71032431634
CLG0087,107,9.4,9.45,7,No,8,10,1,No,680216.8293190472
CLG0018,74,5.5,5.03,8,No,2,7,4,No,405382.70630169415
CLG0068,97,5.7,5.85,4,No,1,10,5,No,491164.1499069116
CLG0097,87,8.67,8.8,6,Yes,1,6,2,No,612586.2173628197
CLG0090,112,9.32,8.96,8,No,9,6,5,Yes,664416.1261126045
CLG0022,116,7.68,7.53,5,No,6,8,2,Yes,620959.7669908972
CLG0030,68,6.45,6.54,9,No,5,10,0,No,477749.0217747158
CLG0090,99,6.76,6.4,6,Yes,1,3,0,No,521446.8666931014
CLG0001,116,6.71,7.06,6,No,0,10,0,No,591114.1802929997
CLG0070,97,6.63,6.16,2,Yes,6,2,5,No,494717.16022342636
CLG0081,110,6.21,5.81,7,No,10,9,4,No,525259.2556416863
CLG0095,105,8.04,7.66,9,No,5,5,5,No,595955.9286969592
CLG0051,105,9.5,9.53,5,No,4,6,4,No,672737.606541814
CLG0068,95,6.54,6.66,5,No,4,7,1,No,526094.8035880183
CLG0074,81,5.93,5.83,5,No,9,2,4,No,450126.6913556167
CLG0061,83,9.19,8.98,1,No,2,6,2,No,600363.3828927722
CLG0048,110,8.71,9.02,5,No,10,1,2,No,679400.367355546
CLG0053,100,9.65,9.22,10,Yes,4,9,5,Yes,664741.2535092109
CLG0034,97,5.83,5.61,8,Yes,5,6,3,No,491516.1025929194
CLG0086,93,5.72,5.26,3,No,10,7,3,No,455681.80898178683
CLG0086,95,7.71,7.22,9,No,6,5,4,No,551539.9894823096
CLG0007,115,8.07,7.92,9,No,6,2,5,No,630943.919257459
CLG0039,94,7.4,7.09,6,No,9,4,5,No,563195.7861734102
CLG0037,79,7.99,7.76,4,No,9,5,3,No,547733.3809752939
CLG0063,111,5.9,6.22,4,No,7,10,4,Yes,538279.3912122302
CLG0055,96,7.4,7.06,1,No,4,2,1,No,550393.812260026
CLG0015,100,8.29,8.57,10,No,3,9,1,No,618666.9070107733
CLG0083,124,7.16,7.34,5,Yes,6,2,3,No,611353.7983748785
CLG0074,99,8.4,8.23,5,No,1,2,4,No,600221.0307434257
CLG0062,104,7.26,7.31,5,Yes,7,2,3,No,581703.5388775715
CLG0068,82,6.67,6.61,1,No,3,2,2,No,511254.3354585348
CLG0050,96,6.52,6.15,1,Yes,9,5,4,No,489226.1446917533
CLG0041,109,7.05,7.46,10,Yes,0,7,0,No,580188.2808472469
CLG0061,76,5.12,5.19,2,Yes,1,1,2,No,413924.7406948816
CLG0025,103,8.34,8.72,1,No,0,9,4,Yes,645245.9427476741
CLG0028,101,9.23,9.55,8,Yes,4,6,3,No,694042.0986524818
CLG0082,100,6.77,6.35,4,No,0,1,5,No,531020.0713689203
CLG0035,115,5.23,4.94,6,Yes,10,1,3,No,473854.3938808706
CLG0083,105,9.93,9.58,8,No,8,9,3,Yes,696132.5103183801
CLG0053,122,6.32,6.65,5,Yes,10,9,4,Yes,578436.8469155652
CLG0084,85,5.63,5.99,6,Yes,10,1,3,No,482012.92762964603
CLG0039,102,6.85,6.88,4,Yes,3,1,4,No,541682.6065523926
CLG0097,101,8.69,8.29,6,No,9,5,4,No,622072.7859552011
CLG0059,83,6.47,6.11,6,Yes,2,5,3,No,456707.64026782615
CLG0065,114,7.87,8.18,3,Yes,8,7,1,No,624405.5879994354
CLG0001,134,7.08,7.51,4,Yes,3,4,1,No,634294.493108247
CLG0045,99,5.59,5.29,6,Yes,0,10,2,No,464899.3750217978
CLG0019,107,6.65,6.16,8,No,1,1,4,No,519723.2534545956
CLG0048,101,8.62,8.45,7,Yes,3,6,3,No,614620.8471693347
CLG0049,89,8.06,7.59,4,No,10,10,5,No,565315.374736505
CLG0073,72,5.6,5.93,3,No,0,3,3,No,422971.2274761089
CLG0014,89,5.82,5.81,8,No,5,7,3,No,463938.9220373635
CLG0067,79,8.2,8.34,6,Yes,6,1,1,No,589355.3561404541
CLG0030,125,9.07,8.98,8,No,0,4,0,No,683569.1754515684
CLG0065,98,6.75,6.6,9,No,5,10,5,No,534233.0898814213
CLG0069,94,7.98,7.7,9,No,2,9,4,No,580165.5246759448
CLG0087,113,5.85,6.12,10,No,6,10,2,Yes,528581.010630522
CLG0006,83,6.56,6.76,9,Yes,10,6,2,No,516563.92409283173
CLG0084,88,5.1,4.96,10,Yes,1,2,2,No,434225.72228281334
CLG0046,101,8.84,8.66,1,No,1,6,4,No,622713.6175271425
CLG0042,115,7.01,6.51,3,No,10,9,4,Yes,561705.8599654066
CLG0072,107,9.08,8.64,9,Yes,3,1,2,No,642815.1685553881
CLG0061,103,8.54,8.66,4,Yes,10,5,2,No,629801.672030277
CLG0031,101,9.14,9.15,10,Yes,7,8,3,Yes,680522.9621838338
CLG0079,106,6.43,6.36,2,No,2,7,5,No,538663.9101819276
CLG0026,103,5.93,6.26,1,No,7,10,0,No,513622.64439561684
CLG0058,84,9.86,9.86,5,No,6,2,1,No,655613.2838044136
CLG0033,100,8.59,8.47,4,No,4,8,4,Yes,622920.8776087569
CLG0052,83,9.17,8.83,5,No,3,9,0,No,606237.3663456565
CLG0032,101,5.07,5.39,5,Yes,9,10,2,No,469802.85168337944
CLG0054,92,6.77,6.85,8,No,9,8,5,No,518714.8199869257
CLG0001,138,8.71,8.3,6,Yes,1,6,2,Yes,675343.9355504276
CLG0005,99,5.39,5.54,3,No,8,9,2,No,473068.31351717835
CLG0022,78,7.84,7.77,9,Yes,3,8,2,No,550677.3746708288
CLG0095,97,7.15,7.46,8,No,4,4,3,No,563839.2570390025
CLG0005,107,5.09,5.51,9,No,1,6,4,No,480149.03933031886
CLG0008,125,6.18,6.28,4,No,1,5,2,No,556006.2645254219
CLG0070,91,6.42,6.65,8,No,1,10,2,No,513209.78789739095
CLG0063,76,5.56,5.12,3,Yes,9,9,4,No,396260.5221444887
CLG0010,112,8.16,8.22,5,No,1,4,1,No,639642.7593485668
CLG0062,79,6.21,6.47,7,No,8,1,3,No,479290.45570419275
CLG0040,93,6.39,6.39,1,No,4,9,3,No,492832.660584469
CLG0047,96,9.49,9.58,1,No,10,9,0,No,694901.7532359556
CLG0080,98,7.34,7.74,3,Yes,5,7,3,No,573035.3129257606
CLG0056,110,6.96,6.66,4,No,3,5,0,No,548468.206910942
CLG0028,89,8.62,8.22,1,No,1,7,1,No,596737.0369961681
CLG0056,95,9.55,9.74,8,No,2,9,4,Yes,685339.377728244
CLG0001,99,5.13,5.45,2,No,2,3,2,No,473390.3928927838
CLG0052,102,7.24,7.59,5,Yes,10,5,5,No,580756.5539947357
CLG0082,101,8.05,8.19,6,No,10,3,0,No,621021.8401679685
CLG0062,106,6.59,6.92,6,No,9,8,5,No,547648.4780530893
CLG0042,112,8.86,9.06,6,No,7,1,5,Yes,689929.7453277274
CLG0047,105,9.86,9.45,1,No,7,4,3,No,681010.8171393384
CLG0037,106,9.72,9.98,3,Yes,5,7,5,No,716528.6720196111
CLG0011,76,6.33,6.01,3,No,10,9,2,No,483316.23155179265
CLG0067,100,6.13,5.87,8,No,9,10,1,No,493252.9745803955
CLG0029,107,9.79,9.68,6,No,10,2,4,No,716129.399865959
CLG0004,110,7.29,7.1,2,No,7,9,0,No,565357.0559538698
CLG0095,89,6.04,5.86,1,No,2,6,3,No,464811.84180406504
CLG0011,90,8.53,8.2,4,No,6,7,5,No,576653.921223297
CLG0030,91,6.42,6.21,1,Yes,4,4,5,No,498155.2836833495
CLG0079,108,6.34,5.86,5,No,8,5,2,No,520780.018267679
CLG0079,115,9.4,9.37,8,Yes,8,1,2,Yes,689612.2730491993
CLG0058,93,5.81,6.08,10,Yes,4,4,2,No,485071.22490977455
CLG0032,113,5.32,5.68,2,No,5,8,4,Yes,499733.487922577
CLG0029,101,6.35,6.67,8,No,0,6,0,No,537932.2516101152
CLG0043,98,8.03,7.95,8,Yes,3,7,4,No,588138.8748724773
CLG0092,96,5.62,5.85,6,Yes,0,1,5,No,475411.7026330883
CLG0085,111,7.36,7.15,8,No,3,7,3,No,584276.1347734047
CLG0039,104,8.14,7.7,2,No,0,6,0,No,594885.504424475
CLG0011,134,9.24,9.42,7,No,9,4,1,No,728264.8003150363
CLG0096,87,6.15,6.3,8,No,3,2,1,No,475017.04677319026
CLG0027,107,9.09,9.39,4,No,5,2,5,No,657219.4676202291
CLG0024,92,6.17,6.29,9,Yes,8,7,4,No,485932.58798401296
CLG0037,86,8.38,8.04,6,Yes,1,3,4,No,574240.9668596102
CLG0065,99,7.15,7.5,3,No,1,2,5,No,563061.2122108011
CLG0032,102,5.57,5.7,4,No,5,10,4,No,503324.3300373605
CLG0053,143,8.57,8.88,4,Yes,10,3,1,No,732346.7165774793
CLG0001,97,6.09,6.36,1,No,9,10,1,No,506896.72417005274
CLG0056,83,5.88,5.68,10,Yes,5,2,0,No,440678.3062493424
CLG0034,104,6.79,6.36,1,No,2,3,5,No,516942.69290912116
CLG0082,68,8.27,7.95,1,Yes,1,5,0,No,541664.583310292
CLG0029,98,6.17,5.76,4,No,2,10,4,No,487239.13019006775
CLG0006,100,5.92,5.66,1,No,3,10,5,No,493509.79010984354
CLG0057,111,5.05,5.01,6,No,3,10,2,Yes,464391.9056762672
CLG0095,114,7.36,7.77,2,No,6,5,0,No,604695.9088478261
CLG0014,92,7.14,7.51,1,Yes,3,7,1,No,559494.8133297277
CLG0075,97,6.17,6.39,7,No,9,10,3,No,513816.28021166404
CLG0069,88,5.27,4.79,6,Yes,5,3,2,No,398690.0852006419
CLG0062,83,7.15,6.99,1,No,5,3,5,No,536620.1708930511
CLG0086,104,8.94,9.12,10,Yes,9,7,1,No,668696.9330870191
CLG0051,80,8.58,8.21,9,Yes,2,6,2,No,587230.89225289
CLG0013,93,9.3,9.6,6,No,8,6,3,No,648999.2227667551
CLG0076,85,5.05,5.46,2,No,9,4,5,No,449561.5540653351
CLG0004,108,9.83,9.68,7,No,4,4,4,No,704492.7647347322
CLG0038,127,6.71,6.92,3,No,9,2,2,No,617882.2231898161
CLG0004,80,9.95,9.6,7,No,8,6,3,No,626558.1831433779
CLG0030,72,6.26,6.45,9,No,9,10,3,No,450816.85492518713
CLG0054,98,7.36,6.88,5,Yes,5,3,2,No,549757.0480369442
CLG0065,100,6.77,6.42,1,No,5,6,5,No,538826.6240625449
CLG0061,103,6.78,6.99,5,No,8,3,2,No,553690.0943184908
CLG0049,93,9.21,9.42,8,Yes,9,3,2,No,667220.924057292
CLG0031,96,8.73,8.87,8,No,4,1,2,No,628332.4914654338
CLG0042,105,9.96,9.94,3,No,2,5,4,No,701947.6829516133
CLG0050,115,8.07,8.24,4,No,2,2,1,No,646704.7403467265
CLG0023,70,7.32,7.59,8,No,1,10,0,No,529955.5202393823
CLG0078,94,5.45,5.92,8,No,1,2,4,No,468319.95961870335
CLG0099,103,9.98,10.37,7,Yes,5,9,2,Yes,722673.930897869
CLG0081,86,7.76,8.05,6,Yes,7,2,3,No,568321.1636944629
CLG0060,125,8.5,8.69,4,No,10,2,5,Yes,675761.2268017858
CLG0032,90,7.03,7.1,10,No,7,6,4,No,529688.1642513217
CLG0056,99,7.74,7.36,9,No,7,10,0,No,560870.0968807734
CLG0056,108,9.71,9.38,2,Yes,9,1,5,No,699282.2212855188
CLG0100,91,5.83,6.15,2,No,6,8,0,No,490728.29689896695
CLG0087,72,6.46,6.76,1,No,1,1,4,No,488914.9062923112
CLG0034,93,5.76,5.87,3,No,9,9,3,No,486116.4956091039
CLG0041,115,8.96,8.9,3,Yes,10,4,3,Yes,673946.8070441469
CLG0039,94,5.31,4.84,4,No,1,3,5,No,428628.63421748526
CLG0086,87,5.41,5.24,3,No,9,7,3,No,437706.8881018611
CLG0042,113,6.49,6.41,10,Yes,6,8,1,No,539943.7816714203
CLG0066,95,7.57,7.56,6,No,3,5,3,No,566779.852012842
CLG0020,92,7.03,7.46,9,Yes,5,3,0,No,564138.5990396651
CLG0014,102,5.22,4.83,8,No,8,4,5,No,457253.7678012474
CLG0038,111,9.79,9.81,6,No,4,10,2,Yes,724687.1768112731
CLG0037,135,9.76,9.63,8,No,9,6,2,Yes,760346.4512743119
CLG0037,112,6.4,6.89,8,Yes,3,5,0,No,570735.9065060578
CLG0012,117,8.66,9.02,10,Yes,2,4,3,Yes,681352.0797967723
CLG0092,92,7.89,7.83,6,No,6,3,2,No,571855.0697795742
CLG0056,84,6.19,6.69,2,Yes,6,6,5,No,488862.6502727731
CLG0008,100,6.31,6.32,5,No,6,7,0,No,528780.2975878197
CLG0093,101,7.46,7.13,4,Yes,4,2,3,No,564039.2816481816
CLG0021,83,7.1,7.16,6,No,9,6,1,No,519748.19121638034
CLG0039,97,6.46,6.19,2,Yes,7,3,2,No,509530.3792698656
CLG0048,105,9.04,9.18,4,No,10,10,5,Yes,675508.573303124
CLG0018,105,7.41,7.85,8,No,1,8,3,No,589302.9378566892
CLG0063,107,8.27,8.56,1,Yes,3,2,5,No,625791.921824739
CLG0083,104,5.95,5.72,3,Yes,0,5,3,No,492365.1020445422
CLG0074,92,7.67,7.47,4,No,5,8,5,No,557433.9895692433
CLG0009,92,6.59,6.16,2,No,5,9,2,No,497191.86969237647
CLG0087,82,7.63,7.42,2,Yes,2,7,3,No,517781.55099081364
CLG0030,126,8.9,8.49,6,No,0,9,5,Yes,676177.9872866642
CLG0086,100,8.84,8.84,6,No,4,9,4,Yes,634015.6267358107
CLG0059,96,6.77,6.98,3,Yes,0,8,4,No,547192.9288657057
CLG0055,86,8.47,8.72,8,Yes,2,7,1,No,601077.9208351371
CLG0093,144,9.71,9.27,3,Yes,7,6,0,No,759484.6079143905
CLG0070,83,8.13,7.97,2,No,9,3,4,No,572838.8487345781
CLG0050,93,5.74,5.53,5,No,8,8,4,No,454212.09041827946
CLG0061,106,8.4,8.0,7,Yes,2,3,1,No,633774.766190304
CLG0035,109,5.52,5.38,1,No,8,9,4,No,488399.2267800351
CLG0014,114,9.36,9.16,2,No,6,9,4,Yes,701276.1524974686
CLG0069,127,7.58,7.71,2,Yes,7,10,5,Yes,644919.8308828585
CLG0046,107,6.93,7.31,8,No,5,10,2,No,573807.2095921412
CLG0082,84,5.29,5.24,10,No,4,9,1,No,424934.9718156651
CLG0035,96,6.9,7.15,6,Yes,9,4,3,No,557700.3780081284
CLG0094,104,9.52,9.17,4,No,7,9,3,Yes,665789.0887456806
CLG0071,131,5.1,5.49,4,No,1,2,0,No,534627.8296611514
CLG0098,79,7.37,7.02,5,Yes,6,1,0,No,507701.8506322387
CLG0042,118,9.66,9.35,3,Yes,0,8,4,Yes,693949.7042653132
CLG0053,102,6.97,6.58,4,No,6,6,4,No,556023.3232296006
CLG0019,112,7.14,6.95,4,No,5,10,3,Yes,576826.1521767112
CLG0045,98,7.89,7.94,7,No,3,9,1,No,594930.9057359726
CLG0054,87,7.31,7.8,7,Yes,2,9,2,No,568585.8443712954
CLG0064,111,5.84,6.13,1,Yes,8,3,5,No,538637.2560032719
CLG0075,109,5.09,4.97,3,No,5,2,0,No,461877.8417903625
CLG0041,114,8.05,8.13,9,Yes,5,7,4,Yes,654099.2797963266
CLG0017,99,9.6,9.72,6,Yes,0,5,0,No,675587.1457512915
CLG0011,91,5.53,5.85,6,No,4,10,3,No,466454.0817543711
CLG0092,76,6.05,6.29,4,No,6,6,1,No,454534.684535118
CLG0003,112,6.85,6.92,10,Yes,3,5,3,No,573677.1358992615
CLG0010,106,9.04,9.21,9,No,1,4,2,No,676073.5887686504
CLG0024,85,6.35,6.6,3,Yes,8,1,1,No,509422.24955102114
CLG0097,91,9.41,9.04,8,No,5,4,2,No,628919.7748764387
CLG0056,92,5.27,4.97,6,No,8,10,2,No,443566.64804444124
CLG0026,77,9.7,9.89,2,Yes,7,3,1,No,646024.9171982092
CLG0069,87,7.8,8.15,3,No,0,3,2,No,577655.4806143995
CLG0024,82,8.29,8.2,1,No,1,5,0,No,578428.4644610754
CLG0044,93,6.84,7.32,3,No,1,1,4,No,542708.0629868223
CLG0026,88,8.91,8.63,4,No,1,6,1,No,612621.7117655444
CLG0071,75,5.83,5.75,6,Yes,3,2,3,No,453675.09417398914
CLG0076,130,5.24,5.12,10,Yes,6,1,3,No,524030.4732928365
CLG0057,118,6.98,7.41,7,No,6,8,4,Yes,609190.4916922214
CLG0036,88,9.27,9.06,3,No,0,10,3,Yes,635053.7829963433
CLG0017,104,8.77,8.74,7,No,7,3,4,No,640455.8209671845
CLG0080,106,7.59,7.28,4,No,3,6,0,No,562628.709220619
CLG0095,117,7.86,7.88,1,No,7,2,3,No,626211.3622154278
CLG0018,87,5.65,6.01,1,Yes,9,5,3,No,484632.8227521377
CLG0096,116,9.2,9.0,8,No,8,9,0,Yes,668222.8009997173
CLG0066,91,8.93,9.24,10,Yes,6,7,3,No,651089.8775284655
CLG0010,79,8.28,8.69,7,No,2,4,3,No,587962.9243605707
CLG0061,110,7.33,6.9,4,No,2,3,0,No,558582.2122878644
CLG0039,119,9.82,10.08,1,No,4,9,5,Yes,745393.666814774
CLG0014,138,9.4,9.16,6,No,6,4,0,No,739451.8256026228
CLG0047,82,8.22,7.9,10,Yes,6,5,5,No,561215.9730303371
CLG0010,110,6.86,6.96,7,Yes,8,6,0,No,570575.8310984666
CLG0055,93,8.09,8.3,6,No,0,10,5,Yes,632606.9790716501
CLG0092,111,7.88,7.77,6,No,2,5,3,No,610606.4166795566
CLG0024,77,6.97,6.51,8,Yes,0,9,4,No,501230.4232547423
CLG0040,81,6.53,6.94,6,No,5,1,5,No,509703.2703778525
CLG0063,88,7.04,7.27,2,No,9,6,4,No,543573.6725699137
CLG0034,101,7.87,7.64,7,No,6,4,1,No,583497.7018360137
CLG0049,90,7.14,7.14,10,No,1,4,1,No,553558.135068004
CLG0063,109,6.32,5.85,4,No,8,3,3,No,525333.3044915482
CLG0009,115,8.8,8.64,3,No,4,5,3,Yes,675492.334049526
CLG0047,108,7.66,7.68,8,No,2,8,4,No,598812.470907067
CLG0093,124,5.34,5.36,10,No,6,4,2,No,508788.04851360776
CLG0045,106,6.84,6.55,5,Yes,6,7,1,No,565303.8813382819
CLG0036,81,9.42,9.7,4,No,0,8,4,Yes,661904.3546323569
CLG0009,120,8.78,8.58,4,No,5,5,3,Yes,666945.6823422716
CLG0011,90,6.62,6.7,5,No,2,10,1,No,522009.3349208343
CLG0085,113,9.69,9.46,4,Yes,6,1,1,No,685750.9298450736
CLG0077,123,5.38,5.31,3,No,4,8,5,Yes,513061.3531814386
CLG0024,106,9.81,9.52,4,Yes,3,10,1,No,674822.7491060257
CLG0001,77,6.23,6.36,10,No,9,3,3,No,458327.56415732676
CLG0099,86,5.05,4.98,5,Yes,6,4,4,No,417140.96504156303
CLG0099,119,7.17,6.69,2,No,6,10,2,Yes,565423.480530645
CLG0061,97,6.79,6.32,7,Yes,7,7,3,No,495948.00126513507
CLG0085,101,7.7,7.67,5,No,4,9,1,No,585973.7360326691
CLG0069,111,8.98,8.66,9,No,3,4,5,Yes,648371.5396644588
CLG0021,110,9.21,9.3,6,No,0,4,5,No,680639.424619823
CLG0004,104,7.01,6.92,1,Yes,3,6,0,No,554899.1077860611
CLG0097,96,7.15,7.3,9,No,10,9,4,No,562099.4404767829
CLG0100,95,5.74,6.19,5,Yes,9,4,3,No,494781.75122168823
CLG0058,112,5.24,5.27,9,No,0,10,1,No,499114.69839922234
CLG0072,108,8.21,8.5,1,No,6,8,2,Yes,626424.2921736283
CLG0093,96,5.32,5.57,2,Yes,5,3,5,No,489842.7143214484
CLG0007,116,8.67,9.09,3,No,6,2,1,No,692680.5445620514
CLG0001,98,7.7,7.41,5,No,7,4,1,No,548464.1436964244
CLG0069,87,5.99,6.32,6,No,5,4,3,No,481585.4194078453
CLG0077,88,7.7,8.11,5,Yes,1,7,5,No,592434.2344735644
CLG0064,85,5.91,5.8,1,No,1,7,2,No,470555.64048166305
CLG0090,95,7.19,7.0,4,No,8,9,5,No,534910.3306734181
CLG0076,118,9.0,9.45,6,Yes,5,10,0,Yes,709665.626591169
CLG0008,87,7.31,7.44,4,No,5,2,5,No,543664.4658716342
CLG0060,102,5.74,5.62,4,Yes,0,4,5,No,470886.7034160284
CLG0034,90,8.62,8.91,5,Yes,7,3,3,No,644610.7283471467
CLG0086,96,5.93,5.73,8,Yes,10,3,5,No,475672.20689613116
CLG0009,77,8.69,8.37,5,No,7,7,4,No,583853.6286960364
CLG0073,96,7.4,7.44,7,Yes,3,10,2,No,553650.0661290702
CLG0045,97,7.27,7.34,8,No,6,6,0,No,578916.062121919
CLG0082,108,9.26,9.59,6,Yes,8,3,0,No,697394.5631412688
CLG0017,103,8.54,8.5,6,Yes,10,8,2,Yes,648677.1283733743
CLG0007,82,5.16,5.47,2,Yes,0,8,4,No,406101.74067551113
CLG0051,116,6.48,6.29,10,No,4,7,1,No,541130.030583825
CLG0098,103,9.35,9.43,5,Yes,7,9,3,Yes,664971.6490093794
CLG0016,102,5.09,4.8,1,Yes,6,3,4,No,447002.3734015234
CLG0057,99,7.73,7.62,9,Yes,9,5,5,No,582228.8129013052
CLG0092,92,8.64,9.0,7,Yes,3,6,0,No,630247.0613927703
CLG0025,103,8.11,7.83,2,No,2,9,5,No,603886.1860145828
CLG0022,107,8.8,9.11,6,No,0,4,4,No,662883.9390608456
CLG0055,73,8.63,8.41,10,Yes,2,5,1,No,589679.6107910047
CLG0034,91,8.46,7.99,9,Yes,1,9,5,No,587857.6331050708
CLG0015,96,9.11,8.72,5,No,4,4,4,No,621456.6857305905
CLG0016,103,8.23,8.48,3,Yes,0,2,4,No,611226.5554163243
CLG0016,117,7.01,6.77,10,No,3,9,5,Yes,574333.9957447288
CLG0038,88,7.36,7.51,4,Yes,7,3,0,No,547948.5804269315
CLG0086,92,8.58,8.78,3,No,8,6,4,No,621855.764339202
CLG0093,92,9.38,9.23,1,Yes,0,9,5,Yes,633569.543880633
CLG0032,87,6.36,6.33,10,No,2,3,3,No,489647.50747497426
CLG0043,94,6.71,6.61,7,Yes,5,8,2,No,510674.56803592783
CLG0088,111,9.65,10.1,8,Yes,4,9,5,Yes,738795.5517358846
CLG0050,84,7.89,7.71,2,No,0,3,0,No,543349.2447193505
CLG0087,106,5.89,5.57,8,Yes,1,3,2,No,492866.41934391856
CLG0057,74,8.32,8.19,9,Yes,1,4,4,No,558214.4754595378
CLG0038,91,9.95,10.12,7,Yes,6,1,1,No,685961.1814192693
CLG0023,95,9.12,9.32,1,No,5,2,5,No,658022.3869966674
CLG0089,125,8.73,9.15,4,Yes,5,1,5,Yes,708827.045875671
CLG0090,95,6.04,6.42,7,Yes,0,3,0,No,507896.719707101
CLG0036,66,9.38,9.17,6,No,0,6,4,No,591314.458333245
CLG0050,70,7.63,7.59,8,No,3,8,4,No,506944.401651237
CLG0098,100,9.45,9.7,6,No,9,5,1,No,700509.5880257206
CLG0013,109,6.65,7.07,10,No,5,8,4,No,570233.4140221928
CLG0097,105,5.31,5.15,6,No,10,6,3,No,458985.9638044149
CLG0004,102,7.38,7.32,10,Yes,5,1,1,No,570473.4102965145
CLG0036,117,6.35,6.75,6,No,4,3,0,No,561923.7478471203
CLG0063,91,8.58,8.44,7,Yes,3,2,0,No,601024.5369645262
CLG0084,113,9.79,9.77,5,Yes,1,6,2,Yes,723179.0491243008
CLG0093,75,8.45,8.85,9,Yes,6,8,3,Yes,610715.4075990319
CLG0079,86,9.43,9.73,7,No,5,6,5,No,635548.839747178
CLG0054,72,7.27,7.01,1,No,6,4,3,No,500447.0562411171
CLG0079,95,8.86,8.68,9,No,2,4,0,No,629452.0235150022
CLG0077,99,9.22,9.07,6,No,0,9,4,Yes,638118.4508548101
CLG0060,101,8.55,8.96,8,No,0,1,5,No,657557.906700319
CLG0014,100,7.54,8.04,9,No,3,2,3,No,604336.1753357726
CLG0060,86,8.13,8.4,2,No,3,4,3,No,610532.7081348168
CLG0060,97,8.5,8.48,2,No,6,3,4,No,615516.284483067
CLG0022,77,6.27,5.78,5,Yes,6,9,1,No,447165.282988658
CLG0065,120,9.05,9.25,5,No,3,5,4,Yes,693171.4539001839
CLG0065,95,9.75,9.64,10,Yes,6,8,2,Yes,681658.2460705013
CLG0031,92,7.33,7.46,10,No,7,4,2,No,554169.8621332871
CLG0097,123,8.51,8.62,2,No,8,4,5,Yes,688294.9547744943
CLG0065,81,8.69,8.67,10,Yes,5,10,0,No,572959.6665908614
CLG0088,83,8.31,8.75,4,Yes,3,3,1,No,599378.8316184771
CLG0022,83,7.74,7.26,9,No,9,9,3,No,536695.334976532
CLG0087,98,9.41,9.62,4,No,1,10,5,Yes,680908.3031143764
CLG0066,106,7.24,7.15,1,Yes,8,2,0,No,564660.2395810251
CLG0086,111,5.31,5.52,5,Yes,6,3,0,No,486109.53441894724
CLG0073,138,9.22,9.4,2,Yes,5,3,5,Yes,747536.6449042588
CLG0004,66,8.37,7.88,6,No,3,3,5,No,529426.6232215944
CLG0089,109,9.25,9.04,1,No,3,4,3,No,675651.9160498845
CLG0079,91,5.69,5.38,7,Yes,1,5,3,No,462391.7403282934
CLG0088,91,5.15,4.82,7,No,0,6,4,No,437907.8157252769
CLG0007,90,9.67,9.9,4,No,4,5,2,No,701623.0273530211
CLG0072,86,5.74,5.48,9,Yes,5,9,3,No,482320.29039468896
CLG0027,125,9.05,9.02,3,Yes,9,7,4,Yes,706188.1571450589
CLG0091,112,9.12,8.87,5,No,8,7,2,Yes,649242.9813672107
CLG0045,100,8.54,8.62,5,No,0,7,1,No,628428.4039622307
CLG0099,120,5.66,5.88,8,Yes,4,7,1,No,516605.73344644206
CLG0061,77,8.34,8.17,10,No,10,2,1,No,566305.3247326621
CLG0094,80,9.45,9.55,10,No,4,8,3,Yes,631468.5778041591
CLG0039,67,7.13,7.45,4,Yes,8,10,2,No,504731.0884905576
CLG0093,89,7.07,6.66,1,Yes,10,1,5,No,515486.5617828507
CLG0005,102,7.21,7.42,5,Yes,10,6,2,No,578812.6948588958
CLG0082,101,5.41,5.23,1,No,3,3,1,No,477219.2497901157
CLG0079,102,9.46,9.08,3,Yes,2,6,0,No,668448.396013426
CLG0090,78,9.35,9.4,6,Yes,2,6,2,No,619740.7318774925
CLG0055,112,9.99,9.72,1,Yes,5,8,2,Yes,716540.0541569168
CLG0002,103,7.93,8.25,10,No,10,4,4,No,615316.3606660007
CLG0095,110,8.76,8.3,3,Yes,0,3,1,No,650704.2034326489
CLG0025,71,6.01,5.61,7,No,0,2,0,No,422451.2825426709
CLG0089,104,8.34,8.36,2,Yes,0,6,4,No,608107.3835854039
CLG0032,82,8.25,8.34,6,No,6,3,0,No,573949.3325220252
CLG0058,94,9.51,9.74,7,No,4,4,5,No,679808.6782609889
CLG0022,108,9.15,8.91,2,Yes,10,9,0,No,643774.50852475
CLG0052,101,9.69,10.03,5,Yes,8,7,5,No,700450.4142973189
CLG0074,87,9.34,9.79,10,Yes,10,1,0,No,665889.405048902
CLG0061,100,9.34,9.34,10,Yes,2,4,3,No,677281.0136988085
CLG0100,77,5.32,5.58,1,No,5,8,2,No,431061.0451525339
CLG0076,117,9.23,9.25,3,Yes,6,10,2,Yes,671932.9675996769
CLG0021,96,8.04,7.61,1,No,2,4,4,No,573759.734935125
CLG0062,116,6.9,6.73,3,Yes,8,1,5,No,568870.836042295
CLG0015,92,5.28,4.87,4,Yes,1,10,0,No,425337.4429457507
CLG0011,92,8.39,8.88,5,Yes,6,2,0,No,634133.9804703653
CLG0046,88,6.64,6.37,4,Yes,9,5,2,No,506976.5143726469
CLG0071,113,7.34,7.48,4,Yes,3,6,5,No,607834.6688494397
CLG0088,89,8.41,8.19,9,No,8,1,0,No,588790.9205745346
CLG0030,109,9.56,9.71,9,Yes,6,5,0,No,706732.6952188336
CLG0014,94,9.13,8.84,9,No,7,8,0,No,619372.2121103329
CLG0040,70,7.25,7.54,5,No,10,8,1,No,515680.3486755165
CLG0070,91,6.94,6.55,5,No,9,2,1,No,514402.02060860407
CLG0050,82,6.2,6.6,2,No,2,9,1,No,484677.022615039
CLG0046,100,6.86,7.2,6,No,5,2,5,No,558536.6181945982
CLG0072,82,5.56,5.74,2,Yes,3,4,5,No,466102.68127407896
CLG0036,113,9.86,9.43,10,Yes,3,10,4,Yes,712535.0615004709
CLG0056,98,7.87,7.58,5,No,1,4,0,No,576124.9792731929
CLG0012,97,5.64,6.0,5,Yes,10,4,1,No,493879.5841570254
CLG0069,109,6.76,6.38,4,No,9,7,1,No,535526.7920483635
CLG0077,114,7.74,7.4,5,Yes,8,8,3,Yes,590919.4585722008
CLG0019,99,7.66,7.7,7,No,10,8,4,No,566529.8922559443
CLG0022,88,5.18,4.95,10,No,0,4,1,No,426718.8202718562
CLG0012,73,9.75,9.47,2,No,0,4,1,No,610794.5423683993
CLG0032,89,6.38,6.46,1,No,6,6,1,No,508779.65751360334
CLG0038,90,5.08,4.95,4,Yes,9,9,3,No,431285.7736592067
CLG0061,101,5.38,5.02,7,Yes,6,5,3,No,445470.97079608426
CLG0038,94,7.9,7.93,1,No,3,2,4,No,597507.0140730041
CLG0081,110,5.69,5.58,4,No,7,9,0,No,505405.3071683962
CLG0090,90,5.21,5.44,6,No,4,9,0,No,462383.9999335913
CLG0080,99,6.9,6.5,6,No,5,1,5,No,526447.4329165558
CLG0012,117,8.11,8.23,1,Yes,3,9,4,Yes,636578.0601985364
CLG0046,105,5.56,5.5,7,No,2,7,5,No,487154.8838598243
CLG0080,99,6.57,6.48,5,No,1,1,0,No,518634.717185913
CLG0069,90,7.09,6.82,6,Yes,7,2,2,No,525035.6759186708
CLG0072,90,5.8,5.33,1,No,10,2,5,No,456811.99771046155
CLG0071,87,7.53,7.88,7,Yes,4,8,0,No,583941.4672417453
CLG0091,91,5.43,5.26,4,No,9,1,3,No,424167.0700945311
CLG0026,111,5.23,5.41,3,No,5,3,3,No,505489.42305193376
CLG0077,96,7.6,8.05,4,No,5,1,1,No,584162.4795786167
CLG0099,79,6.24,6.3,9,Yes,3,5,3,No,468446.7947435593
CLG0046,126,5.48,5.38,5,Yes,8,4,2,No,532620.6706220763
CLG0017,104,7.12,6.89,5,No,6,3,2,No,552689.2485348271
CLG0007,78,9.58,10.01,8,No,9,8,2,Yes,645501.9923410532
CLG0073,93,8.62,8.8,7,Yes,7,7,1,No,627764.306690746
CLG0074,101,9.08,9.25,3,Yes,6,4,0,No,661722.5037809403
CLG0064,125,9.36,9.29,1,No,3,1,1,No,709431.988167089
CLG0042,83,9.86,10.21,2,Yes,8,7,3,No,674131.4110338495
CLG0053,114,8.82,9.03,3,Yes,1,3,2,Yes,691136.0889176539
CLG0014,120,8.04,7.82,1,No,4,5,1,No,637803.37095226
CLG0037,90,6.83,6.93,1,No,1,8,5,No,525172.7531048253
CLG0013,95,5.91,5.84,8,Yes,7,9,1,No,490534.23710442276
CLG0072,84,8.43,7.94,8,No,8,10,2,No,554780.8053379188
CLG0052,96,9.97,10.28,2,Yes,2,10,4,Yes,704482.3248419516
CLG0074,99,7.34,6.96,8,Yes,4,7,2,No,539023.173233636
CLG0033,109,8.62,8.63,2,No,8,6,4,No,647371.9656815777
CLG0020,116,7.48,7.32,5,No,5,5,2,No,608105.8742867975
CLG0068,88,7.16,7.0,1,No,2,5,0,No,516894.4475721841
CLG0001,70,7.05,7.03,9,Yes,5,4,4,No,486874.7658997171
CLG0083,99,7.52,8.02,4,Yes,8,7,4,No,583356.9817246795
CLG0088,104,6.83,6.74,10,Yes,10,1,5,No,540359.6141886606
CLG0061,103,8.74,8.42,2,Yes,10,3,1,No,624452.3049896004
CLG0054,95,9.37,9.48,1,No,9,6,4,No,660635.1227039149
CLG0075,101,9.41,9.15,6,No,6,10,3,Yes,679415.1671005161
CLG0086,122,6.14,5.75,8,No,3,1,1,No,517651.27786651
CLG0037,105,9.48,9.03,4,No,3,7,1,No,672324.895209511
CLG0067,94,6.71,6.23,1,No,0,2,5,No,493815.95046196855
CLG0081,92,6.55,6.48,1,Yes,2,7,0,No,501395.932685213
CLG0040,97,8.63,8.56,6,Yes,8,4,1,No,613535.298749146
CLG0020,124,6.52,6.21,2,No,0,9,1,No,561104.4461732043
CLG0035,97,5.26,5.54,5,No,1,5,3,No,457679.12214209617
CLG0040,99,6.87,6.5,2,No,1,1,1,No,533812.8556654104
CLG0079,92,8.61,9.03,9,No,7,4,4,No,623798.8718900927
CLG0075,116,6.63,6.72,2,Yes,5,4,5,No,563809.2585222824
CLG0013,129,8.15,7.68,5,Yes,6,4,5,No,618555.750459318
CLG0090,106,8.3,8.76,4,No,10,3,0,No,655436.151537519
CLG0023,101,8.67,8.48,1,No,3,3,5,No,631397.0997417034
CLG0013,100,9.49,9.44,10,No,10,10,5,Yes,666631.4504926594
CLG0048,64,7.16,6.94,9,No,3,5,3,No,481821.5869012792
CLG0050,111,5.83,6.06,3,Yes,3,5,5,No,535999.9776716168
CLG0080,102,6.59,6.58,10,Yes,5,2,2,No,537415.8486137642
CLG0078,106,7.16,6.79,8,No,3,10,2,No,552114.9231244661
CLG0052,89,8.57,8.17,4,No,0,10,2,Yes,586689.3729153243
CLG0098,94,5.07,5.3,9,Yes,0,9,3,No,463001.3632233702
CLG0093,93,6.58,6.32,5,Yes,7,3,2,No,494072.30536254676
CLG0092,115,8.9,8.54,2,Yes,1,4,4,Yes,664551.1341044718
CLG0027,94,8.35,8.35,8,No,8,2,2,No,611944.8147957333
CLG0038,131,8.66,8.96,4,No,9,8,2,Yes,689609.7051652055
CLG0077,106,9.06,8.84,2,No,7,7,0,No,653282.0457743055
CLG0067,80,8.92,8.7,6,Yes,0,3,2,No,608283.0424460561
CLG0069,98,8.41,8.74,1,No,9,5,2,No,617733.5466465459
CLG0059,90,7.2,6.85,8,Yes,10,1,1,No,514727.65151701524
CLG0080,67,9.92,10.04,9,Yes,7,6,4,No,643892.0053224745
CLG0031,123,7.85,8.31,7,No,8,10,3,Yes,660174.9394107627
CLG0086,110,6.01,6.35,9,Yes,3,6,0,No,531775.8954700388
CLG0003,107,6.46,6.02,2,Yes,6,5,3,No,525443.9029973005
CLG0069,102,8.47,8.29,1,No,3,9,2,Yes,621072.5633073907
CLG0067,79,9.62,9.26,7,Yes,2,4,1,No,622893.4605413602
CLG0079,92,5.89,6.34,4,No,10,2,2,No,521394.30968307424
CLG0098,112,5.41,5.9,10,Yes,0,7,2,No,530041.2512958586
CLG0015,84,9.41,9.14,8,No,1,5,5,No,624804.0160607055
CLG0027,62,9.58,9.75,3,No,6,7,5,No,610450.581932732
CLG0077,96,6.38,6.72,7,Yes,5,7,0,No,525505.0905453218
CLG0098,97,6.89,6.62,7,No,7,7,0,No,533379.9816841122
CLG0018,102,8.3,7.99,10,Yes,10,3,3,No,595820.4661599596
CLG0010,110,6.65,6.16,9,No,2,5,2,No,528308.2250339254
CLG0032,109,9.39,9.3,4,No,5,1,5,No,667451.1659040031
CLG0068,103,5.54,5.94,10,No,5,6,3,No,489685.8809739055
CLG0066,117,5.19,5.59,1,Yes,1,4,2,No,518790.8717948813
CLG0030,77,6.04,5.67,7,Yes,0,2,0,No,419948.198352748
CLG0052,107,6.43,6.13,10,Yes,1,3,1,No,503111.11311430106
CLG0095,109,5.56,5.47,6,No,8,3,5,No,497027.6491392786
CLG0057,81,5.33,5.61,1,No,5,1,5,No,456217.66405464435
CLG0046,77,8.78,8.89,9,Yes,2,7,3,No,582041.750339728
CLG0003,88,5.82,5.83,10,Yes,9,10,3,No,445959.26994280226
CLG0063,90,9.57,9.66,8,Yes,6,3,4,No,663957.8697041475
CLG0044,111,6.84,6.44,10,Yes,0,7,5,No,556263.8234716691
CLG0069,90,8.35,8.33,4,No,7,10,4,Yes,586924.650735896
CLG0098,87,6.13,6.62,5,Yes,9,10,1,No,486237.809670259
CLG0078,90,6.2,5.79,8,No,6,9,5,No,465880.6785427635
CLG0055,116,7.87,7.89,2,Yes,2,6,4,No,635573.7673524609
CLG0058,100,7.8,7.6,6,No,3,8,1,No,594286.9188617875
CLG0062,97,8.84,8.88,10,Yes,10,1,2,No,639856.7243969014
CLG0007,98,8.79,8.86,2,No,6,8,4,Yes,642332.444340018
CLG0079,119,8.35,8.43,8,No,3,8,4,Yes,665389.5205743299
CLG0019,88,7.25,7.6,5,No,4,3,3,No,568681.2706957094
CLG0019,119,9.45,9.34,10,No,0,6,1,No,701080.4959312298
CLG0081,103,8.11,8.13,3,Yes,4,6,3,No,609269.414830333
CLG0048,97,9.95,9.46,2,Yes,9,7,4,No,656194.2062674918
CLG0077,137,9.1,9.39,4,No,9,3,5,Yes,747696.8961722276
CLG0057,84,5.22,4.98,8,No,3,10,2,No,416367.44121680787
CLG0021,94,6.6,6.92,1,Yes,2,1,0,No,544775.2702225678
CLG0001,81,7.86,7.63,10,No,8,9,1,No,547706.0033413206
CLG0082,114,8.61,8.12,3,No,0,6,1,No,616891.8982186046
CLG0024,125,7.75,7.4,1,Yes,9,5,2,No,619548.6474724005
CLG0030,125,8.93,9.42,2,Yes,4,2,2,Yes,729907.6019082861
CLG0062,118,6.41,6.23,10,Yes,9,4,1,No,554261.8017431567
CLG0071,97,5.92,5.53,7,Yes,1,5,1,No,477854.12451637705
CLG0027,94,5.27,4.89,1,No,4,10,2,No,431162.91316060553
CLG0052,74,7.87,7.68,9,Yes,4,4,5,No,536940.4884691396
CLG0027,130,8.44,7.98,8,No,9,10,2,Yes,665443.5437348114
CLG0067,107,6.63,6.64,1,No,10,4,2,No,549429.6884391835
CLG0080,92,8.07,7.78,10,No,0,6,4,No,573160.8090259108
CLG0004,119,5.26,5.28,1,No,3,4,5,No,503421.65463930956
CLG0045,85,5.5,5.14,2,No,6,9,1,No,426392.49191272014
CLG0057,106,8.51,8.44,2,No,0,2,1,No,634790.259705495
CLG0001,97,6.84,6.94,6,Yes,9,5,2,No,567518.880296226
CLG0097,109,8.36,7.92,1,Yes,1,3,3,No,589247.0901022219
CLG0044,99,9.16,9.06,4,No,3,8,0,No,661318.0007566487
CLG0090,78,9.26,9.06,7,Yes,9,3,1,No,594204.8848342552
CLG0067,101,5.86,5.6,9,Yes,1,8,4,No,478658.47759218846
CLG0004,115,7.43,7.53,10,No,1,8,0,No,626121.5056027868
CLG0033,99,8.67,8.76,3,Yes,0,2,3,No,629417.5835623909
CLG0050,111,8.87,9.0,4,No,1,10,5,Yes,684439.8438877465
CLG0005,84,8.92,8.58,5,Yes,2,7,4,No,601338.2305997498
CLG0093,99,6.14,5.93,5,No,3,6,2,No,499695.56209341524
CLG0052,90,5.96,5.67,2,No,0,1,3,No,460603.92228937405
CLG0011,111,7.95,7.99,5,No,0,2,2,No,637268.7905919204
CLG0003,100,8.71,8.67,10,No,6,4,4,No,634347.188808602
CLG0018,110,6.6,6.43,1,Yes,4,2,4,No,542724.3528952122
CLG0030,116,5.52,5.81,7,Yes,6,5,2,No,514287.2792633194
CLG0081,110,8.58,8.17,5,Yes,9,3,0,No,622977.9983339292
CLG0046,104,6.5,6.97,6,No,8,6,1,No,554567.0201032294
CLG0094,85,5.83,5.45,9,No,0,9,1,No,427278.9663547482
CLG0094,99,5.74,6.01,3,No,7,10,5,No,496779.11408997345
CLG0097,92,6.57,6.44,1,No,9,7,4,No,518300.44200972805
CLG0017,94,7.96,8.33,8,Yes,3,5,3,No,596351.6073937108
CLG0039,94,6.79,6.36,2,Yes,8,1,2,No,494770.38618089835
CLG0080,85,5.1,4.97,2,No,1,1,3,No,411526.4879398668
CLG0033,70,5.48,5.32,10,No,8,1,2,No,416234.26841425453
CLG0066,89,6.45,6.94,4,Yes,7,3,3,No,516273.7677631482
CLG0066,102,8.3,8.79,5,Yes,5,7,5,No,643212.9190630133
CLG0088,79,5.49,5.18,1,No,4,9,2,No,408054.60488476406
CLG0005,100,7.8,7.93,3,No,2,6,4,No,599565.5193444832
CLG0036,128,5.6,5.64,8,No,0,7,0,No,541481.969054517
CLG0003,115,6.06,5.71,6,No,5,3,1,No,520806.7801274965
CLG0032,124,5.86,5.53,3,Yes,9,8,3,Yes,527560.8104307046
CLG0014,105,5.34,5.83,7,No,4,10,5,No,499251.3994122107
CLG0038,117,8.36,8.31,6,Yes,7,6,1,No,641163.1048145742
CLG0005,89,7.32,6.95,5,No,0,3,3,No,517569.5469050497
CLG0046,90,9.16,8.87,8,No,9,2,4,No,616584.8840850907
CLG0090,58,5.49,5.26,8,No,0,9,5,No,382608.8285803089
CLG0056,117,5.72,5.73,3,Yes,6,7,4,No,515804.64120242547
CLG0081,123,6.53,6.37,8,No,7,10,3,Yes,547074.5984175988
CLG0060,91,8.83,8.79,10,Yes,9,10,3,Yes,620621.8052649678
CLG0083,96,6.53,6.2,9,Yes,0,9,3,No,500455.0675616646
CLG0075,88,7.04,6.87,10,Yes,8,4,5,No,501217.80193041684
CLG0007,105,6.51,6.08,3,No,6,4,4,No,510368.3270859466
CLG0013,116,5.4,5.79,8,Yes,6,6,0,No,527949.9185554442
CLG0025,73,9.7,9.4,8,Yes,7,2,0,No,610916.6242595162
CLG0012,106,7.74,8.0,7,Yes,7,10,3,No,614470.0638821659
CLG0031,95,8.94,8.79,8,Yes,0,1,2,No,629150.3469798538
CLG0092,101,8.29,8.26,1,No,3,10,0,No,631302.8435513548
CLG0015,106,7.57,7.36,3,No,10,3,4,No,581546.0137486781
CLG0097,97,5.45,5.65,6,No,8,5,4,No,467664.7442812705
CLG0011,98,8.21,8.55,7,No,2,2,5,No,621107.6221489662
CLG0032,96,5.78,5.57,7,No,5,9,4,No,467057.10295223567
CLG0080,114,7.07,6.81,6,No,3,1,1,No,550970.798916673
CLG0009,106,8.15,8.33,4,No,0,3,1,No,624073.141913742
CLG0052,103,8.91,8.61,5,Yes,2,5,4,No,634207.1674855573
CLG0041,80,8.43,8.57,9,No,2,1,0,No,602795.4148408519
CLG0012,94,8.36,7.95,1,Yes,2,4,1,No,584257.0333730398
CLG0083,113,5.75,5.87,2,No,10,10,2,Yes,513567.46577941714
CLG0078,100,6.73,6.74,5,No,5,1,3,No,523654.5431272079
CLG0012,109,5.21,4.82,5,Yes,8,7,1,No,461035.4822737017
CLG0064,126,8.6,8.75,7,Yes,6,1,1,No,681988.5435208464
CLG0088,115,9.76,9.71,8,No,6,3,0,No,730501.1223709531
CLG0073,101,6.32,6.04,10,No,0,4,0,No,493151.01965578203
CLG0085,92,5.44,5.29,6,No,8,4,2,No,452733.85498143913
CLG0012,61,7.38,7.37,6,Yes,3,7,5,No,463467.6333623334
CLG0037,97,9.28,8.87,5,Yes,7,5,2,No,629938.7004250146
CLG0005,95,7.76,8.22,5,No,0,8,5,Yes,584123.0071772685
CLG0009,105,5.23,5.4,8,No,7,3,2,No,494515.4087379461
CLG0057,97,9.87,9.47,5,No,8,8,2,Yes,644111.2634603716
CLG0020,95,9.14,9.46,6,No,4,9,1,No,664537.0553625923
CLG0070,73,5.66,5.48,3,No,6,9,2,No,422687.5778752476
CLG0013,85,9.61,9.71,5,Yes,10,9,5,Yes,658391.7116933226
CLG0080,107,7.25,7.03,9,Yes,9,1,2,No,580395.4154723429
CLG0084,125,6.86,7.09,3,No,1,9,4,Yes,594355.6067843501
CLG0005,98,7.31,7.53,8,No,0,8,1,No,579981.3164241142
CLG0043,104,9.17,9.22,7,Yes,10,2,1,No,660044.3781988404
CLG0081,114,8.3,8.04,4,Yes,5,3,1,No,626153.3671945919
CLG0054,87,5.3,5.05,5,No,8,7,3,No,416958.28219864005
CLG0062,105,9.79,9.67,8,Yes,0,3,2,No,687817.775659228
CLG0010,88,5.74,5.39,10,No,9,2,5,No,449932.9797102739
CLG0030,112,8.73,8.57,7,No,0,4,2,Yes,645868.9584506315
CLG0007,102,8.18,8.36,10,No,3,9,2,Yes,620876.2324792353
CLG0057,104,5.94,6.27,10,No,9,2,0,No,547536.928440644
CLG0011,88,5.85,5.68,2,No,5,1,0,No,466904.3777266668
CLG0072,110,9.35,9.08,8,Yes,8,10,0,No,656383.9362049566
CLG0051,131,7.1,7.43,8,No,1,7,3,No,629440.880577302
CLG0064,84,8.27,8.66,9,No,4,1,2,No,607340.5694970483
CLG0031,94,7.52,7.43,2,No,6,6,1,No,575817.0760473233
CLG0001,103,8.64,8.17,4,No,3,5,1,No,602240.4112801059
CLG0089,111,7.4,7.59,2,No,5,8,4,Yes,599539.4682063074
CLG0058,91,6.44,6.72,4,Yes,5,3,5,No,516522.6692062342
CLG0092,57,6.82,6.34,3,No,3,3,0,No,425585.7988115915
CLG0087,120,9.3,9.4,7,No,3,1,3,Yes,710563.0703711883
CLG0051,111,7.34,7.43,5,No,8,4,4,No,588653.7804353028
CLG0093,73,6.07,5.95,7,Yes,10,10,3,No,441380.5054723639
CLG0022,90,9.67,9.92,2,No,0,10,1,No,678108.721960381
CLG0074,123,8.98,8.91,4,No,4,6,5,Yes,699661.6175470988
CLG0046,121,5.28,5.46,6,Yes,10,5,2,No,501066.2892816486
CLG0017,114,9.99,10.01,5,Yes,8,7,1,No,729288.1108043991
CLG0013,97,8.47,8.22,2,No,8,10,1,No,607698.7742597666
CLG0080,101,5.8,5.91,7,No,8,1,0,No,498695.30633645994
CLG0076,98,6.19,6.43,2,No,1,3,1,No,512675.71891383576
CLG0079,116,8.46,8.93,9,Yes,6,4,3,Yes,684285.0114924896
CLG0039,86,8.9,8.78,7,No,9,6,2,No,606123.0145182031
CLG0019,87,6.2,5.76,3,No,7,4,0,No,456549.18796824856
CLG0085,115,6.28,6.77,6,Yes,0,7,4,No,557321.8396374054
CLG0061,99,6.54,6.66,5,No,1,10,1,No,536357.3670698238
CLG0096,120,7.99,8.44,9,No,0,10,0,Yes,664424.0666180714
CLG0005,89,5.86,5.46,3,No,8,3,0,No,443421.7809761424
CLG0057,99,5.52,5.36,2,No,9,8,0,No,466303.44707610743
CLG0047,86,8.39,8.02,2,Yes,10,7,3,No,579143.6791476746
CLG0079,100,8.9,9.24,4,Yes,4,3,4,No,680059.1178553954
CLG0032,77,7.5,7.88,1,Yes,3,9,0,No,540269.5853559126
CLG0001,92,6.82,6.82,9,Yes,7,10,3,No,514105.36280336825
CLG0079,78,7.16,6.85,3,No,2,5,4,No,510126.10506469075
CLG0035,110,6.94,6.57,5,Yes,7,2,2,No,568749.6709403041
CLG0084,110,9.8,9.89,2,No,2,9,3,Yes,705282.7006338354
CLG0031,74,8.84,8.85,8,No,5,8,0,No,594458.4580029813
CLG0020,120,6.04,6.23,3,No,3,8,1,No,567856.1803776375
CLG0047,137,6.92,6.73,5,No,7,1,3,No,598495.9959636743
CLG0024,100,7.72,7.62,7,No,6,4,2,No,590391.701841499
CLG0040,90,8.06,7.58,2,Yes,4,7,4,No,560567.2860802443
CLG0074,142,7.34,7.45,3,No,2,6,2,No,645678.5328048851
CLG0078,80,9.05,8.97,8,No,4,9,4,Yes,609135.9799328677
CLG0099,100,8.84,9.26,10,No,3,8,3,Yes,665925.1068608213
CLG0064,102,7.53,7.67,8,Yes,7,9,4,No,603228.4126396448
CLG0093,120,9.27,9.17,3,No,10,4,0,No,695891.3975545875
CLG0073,105,8.76,8.52,10,No,4,8,5,Yes,630768.467378145
CLG0010,92,8.89,9.3,7,No,9,6,3,No,650942.674755013
CLG0061,85,9.78,9.3,2,Yes,9,9,1,No,633525.5409949124
CLG0002,94,6.33,6.16,9,No,4,10,2,No,481015.87146379997
CLG0023,84,6.34,6.78,8,No,1,1,2,No,516310.6294628464
CLG0082,100,9.44,9.59,9,No,8,6,3,No,683484.7229868448
CLG0065,91,8.86,8.89,9,No,5,10,1,No,620511.7064041594
CLG0058,77,9.63,9.33,7,No,10,10,3,Yes,617522.9863613545
CLG0011,118,5.32,5.65,4,No,0,2,0,No,524564.484220472
CLG0036,92,8.14,7.84,5,No,2,3,5,No,586775.4706326814
CLG0097,80,5.72,5.47,7,No,3,9,5,No,435070.74592356675
CLG0063,97,7.52,7.21,5,No,9,5,0,No,551749.5916446637
CLG0036,101,5.78,5.44,10,Yes,9,5,1,No,465955.11430876894
CLG0057,73,5.64,6.09,8,No,1,1,3,No,432567.62161269435
CLG0088,104,5.06,5.16,5,No,10,10,1,No,472104.833013428
CLG0089,84,8.15,8.29,5,Yes,9,2,1,No,590978.3289269343
CLG0023,125,6.8,7.25,5,No,3,9,0,No,602187.5676130089
CLG0054,107,5.53,5.26,4,Yes,1,7,0,No,496021.64523055527
CLG0063,94,6.61,6.12,7,Yes,5,4,1,No,487688.23300066026
CLG0086,88,5.84,5.94,2,No,9,7,1,No,489387.3915698374
CLG0033,98,9.71,9.72,10,No,8,10,4,Yes,700963.068375848
CLG0047,109,6.6,6.58,4,Yes,0,2,0,No,557421.9466895006
CLG0019,99,6.67,6.23,3,Yes,4,5,1,No,496975.0432003047
CLG0034,96,9.2,9.15,10,Yes,8,9,4,Yes,654247.4046029707
CLG0023,100,8.24,8.03,8,Yes,10,2,5,No,586475.9587014138
CLG0090,90,8.55,8.32,7,Yes,6,3,5,No,592204.8611211259
CLG0086,94,8.18,7.9,3,No,10,5,5,No,592992.0113813356
CLG0067,68,9.73,9.56,4,Yes,5,5,1,No,593819.9810731236
CLG0004,114,6.04,5.89,4,Yes,6,8,4,Yes,522012.08945559704
CLG0097,104,9.95,9.76,10,No,8,7,1,No,695790.5127916218
CLG0075,88,9.15,9.63,7,No,2,3,5,No,670059.3034730117
CLG0084,128,7.94,8.37,8,Yes,7,5,5,Yes,676500.2050034731
CLG0096,101,8.31,8.38,4,Yes,0,8,5,Yes,638669.3746143865
CLG0053,84,8.24,8.72,8,Yes,9,5,3,No,632945.8269158555
CLG0015,112,5.29,5.78,1,No,5,2,0,No,523977.6948613576
CLG0089,105,6.09,5.95,9,Yes,8,10,5,No,499804.8832984623
CLG0017,105,9.81,9.76,7,No,0,2,1,No,691126.8983126763
CLG0022,93,7.67,8.13,4,Yes,4,1,2,No,594160.5785468484
CLG0034,106,6.89,7.0,8,No,7,6,5,No,564008.8960962923
CLG0033,96,8.81,8.52,10,No,9,1,2,No,592909.2153850093
CLG0025,108,7.62,7.81,2,No,10,8,4,No,603315.8130426055
CLG0014,71,5.07,4.78,8,Yes,5,1,0,No,378655.5942661466
CLG0050,93,8.68,8.52,10,Yes,5,8,4,Yes,622052.3630320786
CLG0030,125,8.66,8.39,6,No,2,6,0,No,670493.3580775436
CLG0086,88,5.83,5.57,7,No,7,9,2,No,468284.94527751673
CLG0022,90,9.78,9.28,7,No,0,3,5,No,650956.7883561266
CLG0083,93,6.12,6.5,2,No,3,7,2,No,512812.39005669183
CLG0004,81,7.29,7.09,2,Yes,7,2,5,No,513901.5088480573
CLG0072,66,5.57,5.16,4,No,5,5,4,No,405836.91640165576
CLG0045,96,8.02,7.61,6,Yes,10,1,5,No,578165.9007092474
CLG0074,102,6.88,6.94,4,No,8,5,5,No,552616.8725687449
CLG0028,99,6.77,7.26,6,No,0,8,3,No,574683.4432573247
CLG0054,97,9.13,8.78,5,Yes,1,10,2,Yes,632368.3486461657
CLG0058,100,5.05,4.65,6,No,0,3,0,No,425160.4953857616
CLG0085,115,8.99,8.93,9,No,10,6,1,No,693998.8952122661
CLG0065,97,7.86,7.92,6,No,3,4,1,No,587669.7365170238
CLG0037,91,9.93,9.72,6,No,8,8,1,No,650656.526524111
CLG0054,95,7.95,7.75,8,No,3,2,2,No,578653.4511505719
CLG0098,108,5.28,5.2,5,No,8,5,3,No,478218.0454411836
CLG0011,121,5.25,5.06,5,No,5,6,2,No,514593.51425662625
CLG0016,90,9.42,9.84,10,No,4,8,0,No,664103.8891044519
CLG0078,101,9.21,8.75,1,Yes,9,2,5,No,644156.1068330489
CLG0065,105,6.73,6.46,6,Yes,3,9,2,No,541310.0196969843
CLG0095,85,8.09,8.4,1,No,9,7,2,No,584241.4218276439
CLG0044,100,7.45,7.78,8,No,1,10,2,No,591402.5300090179
CLG0043,78,9.84,9.45,10,Yes,7,4,2,No,617433.7577166713
CLG0076,73,9.75,10.22,9,No,2,10,0,No,654301.177645606
CLG0027,105,9.92,10.11,6,Yes,0,2,2,No,729518.5419853152
CLG0081,94,9.33,9.1,9,No,10,8,3,Yes,662120.7092664855
CLG0080,103,9.55,9.51,2,No,9,2,4,No,674608.0333414649
CLG0001,99,6.09,5.89,9,Yes,6,2,0,No,502736.4680475884
CLG0030,85,9.16,8.81,4,Yes,7,9,3,Yes,607128.0942480618
CLG0064,99,8.54,8.33,3,No,6,4,1,No,621671.6620833062
CLG0037,81,9.81,9.89,1,No,3,7,1,No,655893.6009343788
CLG0023,120,7.86,8.19,1,No,7,10,0,Yes,661056.0751680966
CLG0027,79,5.43,5.29,8,No,9,4,4,No,417014.6157437197
CLG0080,97,7.99,7.84,2,No,3,5,2,No,589228.6232141146
CLG0088,84,8.43,8.4,1,Yes,4,1,0,No,583290.036892704
CLG0028,108,6.1,6.24,2,No,7,10,2,No,518460.71171972266
CLG0030,95,6.97,7.22,3,No,1,1,2,No,570912.3193882119
CLG0090,92,7.99,7.82,4,Yes,9,10,1,No,568142.3653791964
CLG0088,112,6.87,6.96,9,Yes,7,10,4,Yes,574598.464062761
CLG0095,100,6.87,6.76,7,No,4,3,2,No,536548.5690118474
CLG0089,107,5.67,5.89,5,No,4,6,0,No,510096.38136933476
CLG0051,85,9.7,9.36,5,Yes,6,1,1,No,625899.5000568843
CLG0002,78,8.75,8.51,6,No,3,4,2,No,584675.7787921024
CLG0071,101,5.01,4.94,1,No,2,9,5,No,456024.493383838
CLG0087,95,8.83,9.22,6,Yes,5,2,5,No,644705.2270355382
CLG0093,109,8.7,8.77,6,Yes,5,2,5,No,642472.6738865464
CLG0035,98,5.05,5.52,5,No,9,2,1,No,467173.4485666026
CLG0094,103,6.85,6.45,10,No,5,10,1,No,529915.2120729849
CLG0029,75,8.03,7.99,9,Yes,6,10,0,No,574576.4855618229
CLG0031,128,7.26,7.18,10,Yes,3,7,0,No,615909.3301940508
CLG0042,97,8.89,8.99,10,Yes,2,7,3,No,643889.0067248879
CLG0066,110,7.13,7.44,5,Yes,2,6,2,No,580560.2731683122
CLG0051,87,5.77,6.11,9,Yes,2,2,5,No,476140.5255315849
CLG0079,104,9.88,10.05,10,No,1,5,1,No,710961.4303975645
CLG0016,80,6.21,6.35,7,No,5,6,3,No,486310.4179387839
CLG0008,106,8.59,9.04,3,No,0,6,0,No,658065.6688759724
CLG0061,94,5.72,5.6,9,Yes,5,10,4,No,462232.9315945376
CLG0092,100,6.65,6.98,10,No,7,6,1,No,553900.848857328
CLG0040,110,7.21,7.63,7,Yes,5,6,4,No,606404.4569850672
CLG0081,81,5.96,5.95,4,Yes,1,1,4,No,437280.8746244069
CLG0057,89,7.25,7.48,9,No,6,4,5,No,540748.9342865566
CLG0078,106,5.79,5.67,6,Yes,2,1,1,No,498537.4244877424
CLG0085,131,7.8,7.46,9,Yes,8,3,3,No,628551.3014365565
CLG0050,97,8.32,8.41,4,No,10,2,3,No,604157.9959416547
CLG0027,108,5.31,5.01,10,No,7,2,1,No,456169.4451145349
CLG0085,98,9.36,9.32,2,Yes,5,6,5,No,661096.1960666209
CLG0032,129,5.93,6.3,9,Yes,0,1,2,No,583618.2357108914
CLG0080,73,6.13,5.72,10,No,1,4,4,No,436523.6635911402
CLG0028,101,8.31,7.84,4,No,7,9,3,No,592631.6267315834
CLG0029,75,7.34,7.45,2,No,5,3,1,No,520459.1361114759
CLG0049,62,7.5,7.33,7,No,0,8,0,No,504508.33885539795
CLG0036,104,5.64,5.56,7,Yes,8,9,0,No,496518.5599937635
CLG0024,102,9.03,8.94,5,Yes,7,2,1,No,658005.0754830978
CLG0085,95,8.09,7.68,5,Yes,1,5,2,No,578573.9956790062
CLG0039,98,5.68,5.18,8,Yes,9,6,0,No,475425.5438680036
CLG0050,146,6.87,7.27,6,Yes,4,5,2,No,628713.3973518166
CLG0008,96,9.05,8.77,1,No,2,6,1,No,654853.1496679316
CLG0092,107,7.84,7.77,4,Yes,0,5,1,No,603193.9243913841
CLG0082,90,5.54,6.01,1,Yes,6,7,4,No,479511.17656133126
CLG0083,104,6.86,7.19,5,No,8,5,1,No,577995.8427400993
CLG0019,96,6.21,5.82,5,Yes,10,5,2,No,468960.21447802405
CLG0038,93,7.59,7.6,4,Yes,6,7,3,No,560968.4782626106
CLG0044,127,9.22,9.45,9,No,2,3,0,No,718286.9525590922
CLG0026,117,7.18,7.38,8,Yes,5,10,0,No,589259.2918917221
CLG0070,102,7.17,7.43,10,No,2,7,4,No,588635.299358853
CLG0049,65,9.53,9.49,3,No,3,8,3,Yes,619879.3985329571
CLG0026,94,7.88,7.56,5,No,0,5,2,No,568717.6463643801
CLG0092,140,7.83,7.79,6,No,1,4,2,No,679585.5657524943
CLG0032,96,6.31,6.46,5,Yes,0,2,4,No,515758.4765517224
CLG0034,116,8.04,8.15,8,No,9,5,1,No,627023.4866694844
CLG0045,121,7.88,7.45,5,Yes,1,6,3,No,619678.0191260768
CLG0037,103,6.98,6.54,8,No,3,9,0,No,540906.3606608743
CLG0089,87,9.95,10.42,10,No,5,6,3,No,675787.3983258012
CLG0086,63,9.41,9.06,10,No,10,6,4,No,575540.6360263975
CLG0095,110,8.75,8.54,3,No,7,6,1,No,645541.606513789
CLG0006,87,7.69,7.96,5,No,9,8,5,No,573732.637393172
CLG0031,102,7.31,7.22,4,Yes,8,6,3,No,562994.0297147544
CLG0065,81,5.92,5.6,6,No,9,1,1,No,440771.0949716928
CLG0009,96,6.53,6.5,3,No,6,1,3,No,534351.6536070317
CLG0076,100,8.87,8.94,10,No,3,10,0,No,653904.9573884147
CLG0021,104,7.27,7.22,4,No,6,2,2,No,573545.4150363137
CLG0067,83,9.41,9.83,4,No,0,1,3,No,646881.8963470992
CLG0042,117,5.74,5.52,5,No,10,3,2,No,489926.6491707755
CLG0046,91,7.54,7.7,6,No,9,3,2,No,568108.8619742258
CLG0005,74,8.23,7.84,2,Yes,10,4,2,No,524041.24827566784
CLG0037,98,7.58,7.47,10,No,10,6,4,No,584605.934050828
CLG0077,100,9.45,9.69,8,Yes,5,10,0,No,691728.8604509127
CLG0029,102,9.95,9.67,4,No,0,7,2,No,692782.5523710772
CLG0092,120,5.58,5.67,7,No,7,9,0,No,512634.4613156528
CLG0049,96,5.65,5.3,7,Yes,3,8,3,No,442890.4248021078
CLG0025,98,5.65,5.25,10,No,7,6,5,No,432400.708588304
CLG0010,83,8.41,8.43,2,Yes,7,9,0,No,578646.5169557605
CLG0098,112,6.86,7.04,7,Yes,1,4,1,No,581230.0328522484
CLG0015,102,8.67,8.28,1,No,5,6,2,No,611429.5243285111
CLG0030,93,7.03,7.45,2,No,9,7,3,No,546593.1129688505
CLG0077,71,8.14,7.87,5,No,3,2,2,No,537563.332890143
CLG0059,121,8.85,8.47,8,Yes,2,1,2,Yes,659202.7469674451
CLG0055,81,7.74,7.44,7,No,8,10,3,No,534391.9835911818
CLG0055,91,7.7,7.37,3,Yes,9,8,3,No,559206.253457069
CLG0069,105,5.44,5.03,10,Yes,8,8,4,No,451820.4367586937
CLG0014,82,7.05,7.35,9,No,1,7,4,No,522330.38086289586
CLG0074,77,7.73,7.73,5,Yes,4,9,4,No,520406.265316944
CLG0098,68,7.31,7.2,3,Yes,9,9,0,No,500497.83060923073
CLG0095,110,9.5,9.95,7,No,9,3,1,No,719286.722704665
CLG0056,91,9.53,9.4,4,No,6,1,1,No,641893.864265836
CLG0061,143,9.11,8.78,1,No,8,9,0,Yes,705243.4956469599
CLG0005,85,6.88,6.65,5,No,7,1,4,No,499928.6255198736
CLG0006,86,8.59,8.33,8,Yes,9,1,1,No,607396.8300468022
CLG0013,91,6.98,6.98,4,No,3,5,4,No,555512.5739165369
CLG0040,103,6.16,5.95,7,No,2,2,3,No,508158.06928231707
CLG0059,92,6.71,6.73,8,No,0,2,0,No,530002.9845698056
CLG0013,109,5.35,5.52,9,No,0,5,4,No,498529.72406545194
CLG0046,85,6.66,6.94,9,No,8,7,0,No,518085.666234701
CLG0097,79,7.3,7.51,5,No,3,6,2,No,529428.3948263391
CLG0023,73,9.78,9.49,6,No,7,5,0,No,608295.0479458297
CLG0021,66,6.57,6.19,7,No,3,3,0,No,443846.67127903114
CLG0072,92,9.51,9.55,10,No,5,9,4,Yes,647011.1682805456
CLG0034,95,6.14,5.84,2,Yes,3,8,0,No,478640.53204370657
CLG0053,90,5.95,5.53,9,Yes,1,3,5,No,445107.1475403279
CLG0095,118,7.59,7.62,1,Yes,0,7,5,No,628001.362684818
CLG0031,118,8.36,8.19,6,No,7,3,2,Yes,661358.4600155175
CLG0084,94,5.22,5.48,6,No,5,6,3,No,464682.79267844174
CLG0099,73,6.11,5.92,7,No,0,3,5,No,431965.8522960064
CLG0066,91,7.28,7.76,2,Yes,4,8,1,No,584701.0673497849
CLG0088,91,6.66,6.92,6,Yes,2,3,3,No,523864.9148242521
CLG0075,90,8.56,8.12,6,Yes,1,5,0,No,600674.0797671622
CLG0068,89,7.56,7.57,9,Yes,2,3,5,No,541692.7384217444
CLG0026,90,5.8,5.86,8,Yes,1,8,2,No,488153.24985336995
CLG0014,94,9.47,9.67,5,No,9,10,2,Yes,667065.8697831393
CLG0084,90,6.46,6.46,7,No,1,9,3,No,495799.464333378
CLG0100,103,8.66,8.64,7,Yes,0,6,4,No,630024.5400614897
CLG0025,105,8.9,8.77,5,Yes,2,10,1,No,658971.1273986403
CLG0074,86,9.82,9.59,7,No,2,4,0,No,634170.1964329975
CLG0099,119,7.49,7.94,3,Yes,3,10,0,No,643509.0096375457
CLG0064,85,8.08,7.9,7,No,2,4,3,No,563824.0644435064
CLG0069,75,6.67,6.23,6,Yes,7,5,2,No,466236.90333160345
CLG0068,105,8.39,8.06,6,No,3,3,2,No,612420.05191389
CLG0020,87,7.32,7.68,2,No,9,4,4,No,555745.9540142899
CLG0087,104,7.19,7.28,2,No,0,4,1,No,589876.758617984
CLG0043,63,9.28,9.56,7,No,1,1,0,No,605419.2306966519
CLG0005,120,5.25,5.56,1,Yes,6,1,3,No,519069.19466500747
CLG0093,110,9.41,9.73,9,No,5,9,4,Yes,694928.6674362216
CLG0093,77,9.26,9.31,3,Yes,8,3,1,No,614091.0025741517
CLG0032,77,7.53,7.21,6,No,5,5,0,No,498922.47024909547
CLG0086,125,7.45,7.1,3,Yes,1,2,1,No,593255.1429214143
CLG0045,88,6.81,6.88,9,No,7,1,0,No,525330.7005812448
CLG0043,87,9.97,9.84,10,Yes,8,7,5,No,658885.0901456602
CLG0071,66,5.56,5.62,7,Yes,4,10,1,No,403285.89531587705
CLG0097,94,7.95,7.95,1,No,5,9,1,No,606954.8864889214
CLG0022,96,8.41,8.51,4,No,3,4,5,No,615842.0698896034
CLG0041,110,9.67,9.2,5,Yes,10,4,3,No,680415.1860937705
CLG0058,79,8.9,8.43,7,Yes,1,3,4,No,563714.7102337425
CLG0059,77,8.22,8.44,7,Yes,4,3,2,No,577986.3520878227
CLG0028,106,5.58,5.27,5,Yes,4,2,1,No,472270.1864747805
CLG0085,115,6.87,7.02,1,Yes,0,3,3,No,591701.939782939
CLG0055,76,5.69,5.74,5,No,4,5,5,No,436182.08069900365
CLG0051,116,9.41,9.89,5,Yes,0,8,2,Yes,724265.9427223062
CLG0036,100,8.75,9.09,4,Yes,2,8,4,Yes,678298.2884922967
CLG0068,116,8.79,8.7,6,No,10,5,4,Yes,679616.3216559187
CLG0043,98,8.26,8.38,8,No,8,1,1,No,611478.3139192086
CLG0006,62,7.54,7.16,10,No,3,10,5,No,484729.73745432
CLG0083,97,5.75,5.64,5,Yes,8,2,5,No,479759.08855283033
CLG0051,115,6.65,6.88,8,No,5,8,0,No,585034.8400222794
CLG0053,86,5.68,5.8,5,No,0,10,4,No,441287.87276821997
CLG0011,94,8.62,8.6,3,No,2,9,3,Yes,615236.0129615914
CLG0050,97,5.8,5.48,8,No,2,7,1,No,456030.7602420799
CLG0017,56,8.51,8.81,4,Yes,3,9,4,Yes,542922.5032239057
CLG0046,125,8.46,8.23,3,Yes,9,9,1,Yes,671514.2964833562
CLG0082,86,7.3,7.62,3,No,3,6,0,No,554143.3268713676
CLG0046,107,5.68,5.79,6,No,7,6,4,No,493740.4511589912
CLG0077,98,6.57,6.44,8,No,2,7,1,No,516652.92137329996
CLG0041,118,6.6,6.14,10,No,10,1,3,No,550642.6858150074
CLG0051,106,8.5,8.23,5,No,3,9,4,Yes,617306.5837353059
CLG0011,96,5.57,5.96,1,No,2,1,0,No,477301.4880557914
CLG0051,86,9.15,9.47,1,No,6,8,2,Yes,641989.1303907221
CLG0027,111,8.81,8.88,3,Yes,5,10,2,Yes,655708.2158078413
CLG0049,71,5.93,5.9,6,No,0,2,1,No,430396.5619830595
CLG0016,109,8.6,8.75,2,No,9,10,4,Yes,650426.0053279779
CLG0050,83,8.34,8.31,1,Yes,0,7,4,No,569252.6989893116
CLG0015,118,8.74,8.88,7,Yes,5,5,0,No,674078.5121784958
CLG0054,102,5.94,5.75,2,No,2,8,2,No,499998.53456554894
CLG0014,109,5.79,6.13,8,Yes,8,10,5,No,530448.162789465
CLG0079,101,6.18,6.38,2,No,1,7,3,No,527177.6957536659
CLG0082,73,6.83,6.66,1,Yes,2,8,5,No,474673.4999098626
CLG0076,87,8.97,9.3,10,No,8,2,2,No,648959.4040266613
CLG0026,110,8.69,8.68,2,No,5,10,4,Yes,659594.7204411015
CLG0040,102,9.63,9.3,2,No,0,9,3,Yes,656104.5956049749
CLG0018,117,5.29,4.87,7,No,1,6,3,No,488453.77039372356
CLG0026,106,5.06,5.26,1,No,6,6,0,No,476728.0251834774
CLG0018,85,8.5,8.87,3,No,5,6,5,No,625847.0948582077
CLG0001,88,6.4,6.71,5,No,0,1,1,No,509785.9225162522
CLG0016,101,6.67,6.83,7,No,9,7,1,No,529304.7542919855
CLG0021,65,7.73,7.37,6,No,1,2,0,No,492551.83829708426
CLG0072,125,5.51,5.1,8,No,5,2,4,No,474463.0072744876
CLG0066,106,8.21,8.06,1,Yes,5,5,4,No,610819.5695043209
CLG0083,118,6.63,6.98,7,No,5,6,1,No,577520.1568680786
CLG0093,76,8.16,8.62,9,No,8,1,2,No,602384.9250319329
CLG0094,118,9.17,8.91,7,No,1,1,0,No,685063.9408603515
CLG0003,133,5.86,6.12,6,Yes,9,1,2,No,575159.6861172157
CLG0008,80,9.65,9.72,9,Yes,9,7,0,No,660481.9268033806
CLG0099,111,7.65,7.18,4,Yes,10,1,0,No,595077.9652541083
CLG0018,100,9.61,9.65,10,No,8,9,1,No,663100.5183042352
CLG0090,76,6.04,6.35,6,Yes,8,3,1,No,476679.342990705
CLG0025,107,8.02,7.8,6,No,9,10,5,No,610625.1765915233
CLG0072,112,7.02,7.42,10,No,8,2,2,No,603326.5969272369
CLG0018,90,8.87,8.61,3,No,8,6,4,No,608412.2365945183
CLG0024,117,8.03,7.61,7,No,2,2,3,No,608343.4154141448
CLG0069,74,7.47,7.13,1,No,9,5,5,No,484032.87726712215
CLG0026,77,9.56,9.9,8,Yes,8,5,2,No,655228.654848052
CLG0074,102,6.89,6.81,8,Yes,9,9,0,No,549215.9912165547
CLG0011,100,6.1,6.4,8,No,8,4,3,No,520634.88123563345
CLG0004,89,8.04,8.07,9,Yes,2,8,3,Yes,569224.5034791777
CLG0010,112,8.12,8.1,4,Yes,3,7,5,Yes,625930.1987853731
CLG0012,107,7.2,7.51,6,Yes,3,7,3,No,589867.1179024624
CLG0074,112,7.43,7.35,7,No,3,1,5,No,591569.9579864064
CLG0012,98,9.8,10.1,2,No,6,6,3,No,693417.3719993946
CLG0005,109,8.66,8.26,6,Yes,4,6,5,No,638146.9401086585
CLG0091,93,5.55,5.69,8,No,6,10,5,No,479910.3845686791
CLG0097,130,6.06,6.26,4,No,5,8,3,Yes,590387.6452412785
CLG0096,87,9.88,10.28,5,No,6,6,2,No,689810.4378299378
CLG0005,131,8.63,8.35,8,Yes,7,8,1,Yes,663193.1281296341
CLG0023,100,9.58,9.68,3,Yes,5,6,1,No,691777.7985893717
CLG0056,79,6.52,6.45,6,Yes,8,8,0,No,484836.2594096159
CLG0088,120,8.71,8.59,1,No,3,5,4,Yes,674455.509332477
CLG0046,101,8.57,8.18,4,Yes,4,9,2,Yes,599440.7211444395
CLG0002,112,6.47,6.1,6,Yes,8,4,3,No,537553.9243946732
CLG0094,118,7.75,8.09,3,Yes,8,6,1,No,657284.175735575
CLG0074,105,8.14,8.39,1,No,1,2,0,No,621950.9374721744
CLG0001,91,7.41,7.29,6,No,1,3,3,No,557818.4872986439
CLG0013,114,9.14,9.47,3,No,8,4,0,No,692343.648844755
CLG0060,100,9.16,8.74,8,No,5,3,3,No,639804.014111595
CLG0036,110,9.25,9.37,7,No,7,7,5,No,690011.4918688623
CLG0062,67,9.02,9.39,7,Yes,7,9,3,Yes,609749.7991935356
CLG0063,106,7.44,7.78,8,No,7,6,1,No,602910.7809751992
CLG0067,90,6.91,6.78,7,No,4,3,1,No,523673.36497819726
CLG0016,124,9.16,9.41,5,Yes,10,9,3,Yes,722173.0379310129
CLG0078,109,7.45,7.38,10,No,10,1,1,No,596010.8489422473
CLG0040,103,6.23,6.57,8,Yes,9,5,2,No,529509.7168118651
CLG0048,107,7.54,7.57,8,No,3,10,3,No,592644.8762314904
CLG0046,85,5.71,5.97,8,Yes,2,10,1,No,471424.4018175585
CLG0005,124,8.46,8.04,10,No,3,5,0,No,651156.9559576997
CLG0025,129,6.68,6.77,6,Yes,7,2,0,No,591008.5337122526
CLG0038,105,6.3,6.35,2,Yes,3,5,0,No,519840.02547281986
CLG0054,123,9.78,9.89,8,No,7,1,4,Yes,723128.5631716617
CLG0093,91,8.88,9.08,10,No,7,1,0,No,646519.3327769145
CLG0081,88,8.94,9.36,1,No,0,4,5,No,631443.3508941263
CLG0073,100,8.12,8.41,9,No,10,6,0,No,622259.6741564361
CLG0082,106,9.2,8.92,9,No,10,2,2,No,667691.196291324
CLG0076,94,8.8,9.13,6,No,8,5,2,No,646552.7824678171
CLG0045,108,7.99,7.61,10,Yes,2,10,4,No,586499.1486778948
CLG0039,104,9.81,9.93,6,Yes,5,5,2,No,704942.1740641347
CLG0028,85,5.96,6.34,6,Yes,2,3,1,No,498444.59647771827
CLG0053,107,9.72,9.32,4,No,8,4,0,No,679277.2088926568
CLG0054,112,7.01,7.36,1,No,0,2,1,No,585075.0035029033
CLG0096,102,7.64,7.94,1,Yes,6,7,4,No,598334.693533747
CLG0020,117,5.61,5.61,1,No,4,3,1,No,514722.2791696567
CLG0055,81,7.7,7.51,5,Yes,2,6,5,No,537096.6046484296
CLG0065,107,8.06,7.97,7,No,10,9,1,No,604247.3078336988
CLG0076,82,9.99,10.46,1,No,6,7,1,No,693322.1617212975
CLG0022,83,9.88,9.58,1,No,0,4,5,No,672056.659064208
CLG0051,90,9.83,9.91,6,Yes,5,2,2,No,690614.2574624671
CLG0072,85,6.74,6.32,2,Yes,6,7,0,No,472556.23160566896
CLG0012,91,9.96,9.68,2,No,8,8,5,Yes,662671.2421081429
CLG0059,96,7.28,7.54,7,No,8,3,1,No,559513.2061772613
CLG0054,112,9.26,9.06,9,No,6,7,3,Yes,684592.8230488519
CLG0053,95,6.08,6.57,8,No,4,1,0,No,530150.4540351185
CLG0088,76,7.53,7.53,2,Yes,6,8,0,No,549920.4094733045
CLG0038,117,9.83,9.85,7,No,10,7,3,Yes,724053.1510027713
CLG0092,87,9.74,9.28,5,No,0,6,4,No,629759.049041024
CLG0012,99,8.42,8.88,10,No,6,3,4,No,644710.7587655897
CLG0095,106,8.99,8.66,4,No,9,4,0,No,655097.6332475665
CLG0092,102,5.88,5.92,10,No,3,8,2,No,502807.66022344696
CLG0073,116,8.61,8.51,4,No,1,1,5,Yes,655800.5214383221
CLG0086,107,8.09,8.01,4,Yes,5,2,4,No,616480.1486683404
CLG0007,87,5.46,5.6,9,Yes,6,1,4,No,429850.8723160628
CLG0068,132,5.57,5.73,7,Yes,10,4,1,No,556122.5446329996
CLG0029,102,5.54,5.19,7,No,6,6,1,No,464896.0714520419
CLG0045,97,8.62,8.62,4,No,7,5,4,No,632504.9655197067
CLG0010,114,5.71,6.0,9,No,4,6,2,No,537540.3353960697
CLG0085,103,7.34,7.28,8,Yes,9,2,1,No,566497.2833088079
CLG0004,105,6.78,6.45,10,Yes,10,5,5,No,536460.4901185553
CLG0024,137,7.75,7.56,4,Yes,9,1,2,No,645391.0593790642
CLG0085,95,8.53,8.24,6,No,10,6,5,No,586584.3343139731
CLG0082,95,8.42,8.05,4,No,7,4,5,No,584501.1393682332
CLG0026,101,7.58,7.46,1,No,3,10,0,No,575481.0333203
CLG0056,116,7.32,7.36,5,No,9,9,5,Yes,576603.4728021671
CLG0072,77,6.99,6.56,10,Yes,0,3,5,No,499509.88783251256
CLG0023,70,9.31,9.41,3,Yes,7,3,2,No,604944.7262111714
CLG0009,91,6.65,7.14,1,No,3,9,1,No,529132.3526477169
CLG0025,75,6.3,6.76,2,No,4,4,5,No,503317.76427582995
CLG0100,93,8.72,9.05,2,Yes,3,7,3,No,658220.0913330881
CLG0032,107,6.8,6.57,8,No,6,10,2,No,537173.3954081603
CLG0007,86,9.23,8.75,4,No,9,2,4,No,614312.4133095391
CLG0097,78,6.64,6.97,3,No,2,1,5,No,489877.0017488567
CLG0059,101,8.51,8.07,4,No,1,10,5,Yes,594373.7868348543
CLG0059,112,5.23,4.94,10,Yes,9,1,2,No,463193.9073538513
CLG0095,74,6.93,6.97,1,Yes,1,6,2,No,490921.3737967693
CLG0062,112,6.72,6.4,1,No,6,4,2,No,533680.2824459391
CLG0017,112,9.08,9.41,5,Yes,10,2,4,Yes,682826.6411298276
CLG0035,114,9.84,10.12,7,Yes,9,7,5,Yes,725245.7326251216
CLG0086,118,7.3,7.56,9,No,5,8,2,Yes,617480.0159758353
CLG0058,133,9.12,9.44,7,No,1,7,3,Yes,737135.1731115823
CLG0029,94,8.5,8.22,5,No,7,10,4,Yes,609821.7978526219
CLG0063,101,9.84,10.07,3,No,5,9,3,Yes,722825.4689711339
CLG0056,93,9.06,8.92,8,Yes,7,1,3,No,639541.2804282224
CLG0063,100,5.39,5.56,7,No,5,10,3,No,466108.8136065584
CLG0082,122,8.57,8.19,4,No,3,6,4,Yes,661360.1483316679
CLG0047,79,7.68,7.89,1,No,7,8,1,No,558897.633544987
CLG0074,87,5.08,5.55,3,Yes,3,9,4,No,474647.92156597116
CLG0015,120,6.26,5.8,8,No,5,8,2,Yes,542114.1612626611
CLG0057,115,9.61,9.2,2,No,4,6,5,Yes,684148.1104438528
CLG0007,94,9.63,9.25,9,No,3,8,3,Yes,633279.7849643506
CLG0078,112,8.99,8.92,4,No,6,8,2,Yes,675121.7675482039
CLG0090,105,9.91,9.7,7,No,7,1,3,No,669812.7805649138
CLG0018,122,9.03,9.34,10,Yes,5,8,3,Yes,706614.2388762485
CLG0082,101,5.05,5.02,7,Yes,0,7,5,No,460189.73045005533
CLG0006,115,6.44,6.42,8,Yes,6,8,2,Yes,539956.2701780121
CLG0043,139,5.15,5.37,7,No,3,8,0,No,561415.7052667713
CLG0089,108,5.47,5.33,4,No,1,10,3,No,483476.1016911249
CLG0057,100,6.09,5.94,7,No,2,10,5,No,497593.30260468274
CLG0041,110,7.52,7.78,5,No,9,6,0,No,595773.4257949175
CLG0076,94,9.24,9.52,10,No,3,9,4,Yes,672503.9215067031
CLG0051,135,9.31,8.82,7,No,6,3,3,Yes,717585.8379987802
CLG0061,102,8.08,7.72,3,No,8,10,3,No,594090.7152487189
CLG0094,95,9.64,9.35,10,No,9,1,5,No,633801.3415855536
CLG0019,87,7.5,7.35,7,No,10,9,4,No,533079.5786510068
CLG0021,116,9.45,9.24,7,Yes,5,10,2,Yes,690623.4436786325
CLG0080,113,7.27,7.44,2,Yes,9,10,2,Yes,602647.5599416341
CLG0035,92,6.39,6.72,8,No,4,2,0,No,527341.1611279367
CLG0071,108,9.58,9.27,7,No,8,3,4,No,685580.9316237458
CLG0054,77,6.94,7.0,9,Yes,7,4,3,No,499946.2805896122
CLG0083,102,7.52,7.39,4,Yes,7,8,0,No,572998.8793342462
CLG0026,106,6.64,6.65,9,No,7,9,2,No,554872.7844551058
CLG0041,125,8.31,8.43,1,No,7,3,3,Yes,670365.1596198129
CLG0082,88,9.98,10.37,5,No,7,2,5,No,695542.6456685443
CLG0012,80,5.13,4.82,10,No,9,2,2,No,406319.63300159876
CLG0005,86,9.5,9.09,7,Yes,9,9,0,No,625698.6058230093
CLG0026,79,5.02,5.15,4,No,6,8,2,No,400267.53411364683
CLG0005,120,6.82,6.71,7,No,1,2,5,No,574612.2722373996
CLG0038,123,5.84,5.5,9,No,1,8,2,Yes,522684.0393139564
CLG0082,104,8.79,8.41,5,Yes,10,4,4,No,637428.6243966076
CLG0006,118,5.25,5.31,5,No,4,6,5,No,497546.94924595475
CLG0001,102,7.77,7.57,2,No,5,5,0,No,609382.4192752289
CLG0075,98,6.47,6.97,5,Yes,8,5,3,No,531619.613502438
CLG0080,95,5.67,5.58,8,No,0,10,2,No,485260.1269251735
CLG0090,95,8.86,8.57,4,Yes,10,10,2,Yes,631305.4670830066
CLG0039,76,6.09,6.22,2,Yes,6,7,1,No,474193.2246203361
CLG0049,103,6.12,5.86,8,No,6,8,0,No,498446.5562657833
CLG0082,99,6.38,6.37,4,Yes,7,5,0,No,515044.6238427078
CLG0100,111,7.93,7.91,5,Yes,0,4,3,No,640068.7711098109
CLG0037,101,8.3,8.25,7,No,9,2,4,No,603866.6400430609
CLG0090,97,5.09,5.39,5,No,3,5,3,No,467222.8492289334
CLG0097,86,6.21,5.93,10,No,9,8,5,No,438717.89813039795
CLG0001,101,7.15,7.55,4,Yes,4,1,0,No,589152.3176111722
CLG0091,111,6.66,6.95,7,Yes,1,6,2,No,551815.554103159
CLG0037,82,9.42,9.25,4,No,1,2,4,No,639534.3401252656
CLG0086,101,8.94,8.62,10,No,10,2,4,No,627784.5431212065
CLG0019,103,8.13,7.91,4,No,3,8,0,No,593980.9555220144
CLG0077,89,6.69,6.52,2,No,2,6,0,No,518477.1907487508
CLG0037,91,8.5,8.56,5,No,6,6,3,No,599008.389655828
CLG0056,103,9.22,8.77,8,No,6,6,1,No,635983.8579129308
CLG0067,82,7.97,8.38,4,Yes,1,9,0,No,582621.364164628
CLG0091,105,8.92,8.52,2,Yes,4,3,0,No,641237.6507614927
CLG0035,86,8.75,8.53,9,No,4,2,3,No,607382.6673194814
CLG0073,115,7.86,7.47,6,No,7,5,0,No,604112.8755281505
CLG0084,135,6.56,6.32,3,Yes,7,6,5,No,591786.3569730896
CLG0026,87,8.73,9.07,10,No,10,9,3,Yes,621804.5224906706
CLG0046,108,6.03,6.15,5,Yes,3,9,5,No,536234.235794592
CLG0035,89,8.9,8.63,6,No,9,2,0,No,599511.1915235921
CLG0085,115,9.02,9.39,9,Yes,0,9,2,Yes,698690.9980133839
CLG0096,81,9.11,9.41,5,No,5,9,0,No,643624.2969168529
CLG0022,107,7.36,7.61,9,Yes,6,6,1,No,589825.3933525525
CLG0014,86,5.96,6.31,1,No,0,1,4,No,486410.91725928086
CLG0029,96,5.5,5.62,10,Yes,7,8,3,No,467911.87637964496
CLG0058,84,8.72,8.72,4,No,8,8,1,No,590249.66903432
CLG0031,112,9.43,9.3,1,No,7,8,5,Yes,691749.9331381548
CLG0017,87,8.25,7.97,2,Yes,2,8,3,No,573036.3614970602
CLG0023,108,5.72,5.78,2,Yes,8,10,1,No,498928.24805556115
CLG0059,94,9.67,10.06,10,No,9,5,3,No,689274.3862980618
CLG0036,98,9.95,10.04,5,Yes,2,2,5,No,719231.0272704744
CLG0089,102,7.17,7.59,1,No,3,9,3,No,565659.5455608267
CLG0082,88,7.97,7.83,10,Yes,5,6,5,No,562860.5145959212
CLG0059,103,8.89,9.09,3,Yes,6,3,4,No,673067.1691548143
CLG0080,122,8.68,8.83,6,Yes,7,1,0,No,686588.4396946699
CLG0002,88,9.84,10.01,1,Yes,6,5,3,No,681082.6823343778
CLG0090,117,5.57,5.72,1,No,2,4,3,No,507046.9903591238
CLG0098,122,7.9,7.62,3,No,10,4,5,No,618981.1802004621
CLG0012,87,8.46,8.1,9,No,10,9,4,Yes,569201.9162120332
CLG0010,78,9.45,9.93,2,No,1,6,5,No,651053.9823771605
CLG0093,104,9.37,8.92,6,Yes,10,8,5,Yes,656177.0581333098
CLG0002,91,9.89,9.86,3,No,1,9,3,Yes,671359.3025752574
CLG0016,128,7.56,7.49,6,Yes,8,1,3,No,650000.9332939396
CLG0036,100,9.15,9.01,7,Yes,6,7,2,No,640038.9344452735
CLG0049,87,7.14,7.42,7,Yes,6,7,2,No,554983.8926360799
CLG0036,82,7.11,7.36,2,No,4,9,5,No,524964.3997381635
CLG0086,116,6.27,6.68,3,No,5,1,2,No,567539.6812448263
CLG0006,91,9.09,8.99,4,No,6,2,4,No,640087.0125220461
CLG0099,100,9.93,9.99,8,No,8,6,5,No,697334.0709637457
CLG0095,114,6.28,6.67,5,No,9,4,3,No,564933.5469338092
CLG0002,92,5.28,5.77,1,No,3,5,4,No,468804.6032511986
CLG0099,99,9.08,9.55,9,Yes,5,5,5,No,670219.551413572
CLG0028,99,8.1,8.32,1,Yes,0,10,4,Yes,590027.991798828
CLG0007,110,9.8,9.44,2,No,6,1,1,No,698358.1424549497
CLG0021,108,6.26,5.78,7,No,3,1,0,No,502312.63709561503
CLG0062,96,5.36,5.69,3,Yes,1,7,1,No,466829.517858057
CLG0089,100,7.46,7.8,6,Yes,3,3,5,No,581173.8461280577
CLG0082,94,5.43,5.68,8,Yes,7,5,5,No,458631.8817494775
CLG0041,77,6.31,6.09,5,No,1,8,5,No,449657.2578598926
CLG0043,103,5.63,5.77,1,No,0,5,0,No,503702.20384595665
CLG0077,128,6.12,5.94,10,No,0,10,1,No,560526.2819243774
CLG0008,86,5.53,5.48,3,No,6,9,3,No,423538.1526616559
CLG0014,88,9.77,9.65,2,Yes,6,4,4,No,658680.4631931214
CLG0081,86,6.39,6.8,6,No,3,7,1,No,506378.5033562368
CLG0077,110,7.22,6.95,5,No,4,8,1,No,568023.3384013207
CLG0011,106,9.49,9.57,7,Yes,4,7,3,No,684031.8574316492
CLG0010,97,8.39,8.25,2,No,6,4,4,No,611912.9014308121
CLG0081,86,8.09,8.25,6,No,2,8,0,No,600533.9185914065
CLG0029,101,8.53,8.59,5,No,4,10,1,No,650506.7396439413
CLG0055,76,9.14,9.56,6,No,6,10,0,No,627976.1084376706
CLG0002,102,9.39,8.99,5,Yes,10,10,2,Yes,649174.4810910731
CLG0001,113,8.21,7.93,7,No,6,4,5,No,630734.6138291775
CLG0047,81,9.45,9.72,5,Yes,8,10,1,No,651850.5185592497
CLG0091,77,7.68,7.55,7,Yes,3,8,4,No,530763.7693076509
CLG0083,123,6.39,6.06,1,No,0,8,2,Yes,552634.4761941311
CLG0018,90,9.4,9.4,9,Yes,4,4,2,No,648709.8283114586
CLG0035,117,7.71,7.86,6,Yes,10,5,1,No,636411.4956107897
CLG0073,97,9.53,9.07,9,No,3,5,1,No,651271.7019179723
CLG0062,97,5.2,4.99,1,No,2,5,5,No,451777.22668879665
CLG0025,106,6.99,7.3,2,Yes,6,3,2,No,572647.1257408276
CLG0086,86,9.74,9.76,7,Yes,8,2,1,No,676454.3363287959
CLG0077,101,6.25,5.79,4,No,3,1,5,No,496105.28569539025
CLG0029,94,9.71,9.49,10,No,5,3,4,No,670210.9379645746
CLG0086,80,9.77,9.91,1,Yes,0,9,4,Yes,668485.1886290251
CLG0080,105,9.41,9.11,5,Yes,0,7,2,No,658605.9744872254
CLG0019,96,7.82,8.15,4,Yes,2,2,1,No,593860.7515507479
CLG0072,97,8.23,8.41,6,Yes,4,8,5,Yes,625112.4811130894
CLG0076,81,9.35,9.32,7,Yes,5,8,5,Yes,620914.3624217424
CLG0066,123,8.88,9.3,3,No,8,7,2,Yes,725787.8763398867
CLG0069,113,8.15,8.04,6,No,8,6,4,Yes,628464.498330303
CLG0078,114,9.91,9.65,2,No,9,2,1,No,708647.4915448605
CLG0080,95,8.43,8.59,10,Yes,10,4,5,No,618122.6606463654
CLG0098,74,9.88,9.95,4,Yes,0,1,4,No,637352.3897421473
CLG0010,129,5.29,5.13,10,Yes,1,7,5,No,527344.747677801
CLG0072,99,5.69,5.53,9,Yes,10,2,1,No,486832.3995696483
CLG0025,88,7.26,7.16,7,No,7,6,3,No,538666.1398936345
CLG0027,106,6.92,6.71,2,No,4,9,4,No,546555.0254960961
CLG0061,117,8.91,9.12,6,No,2,5,0,No,691098.1498274658
CLG0010,99,5.8,5.95,4,Yes,8,5,5,No,500380.72702698654
CLG0036,119,9.88,9.82,8,No,1,4,5,Yes,717122.6347217858
CLG0039,116,6.58,6.48,8,No,6,1,1,No,556878.0622640965
CLG0007,83,7.14,7.01,1,No,9,4,3,No,512050.86493252043
CLG0015,89,6.37,6.15,8,No,7,9,3,No,477340.93603144813
CLG0013,114,7.9,7.49,10,Yes,1,9,3,Yes,603233.5920500734
CLG0033,59,5.29,5.06,7,Yes,0,7,4,No,371372.969131848
CLG0099,97,5.75,5.57,1,No,2,4,5,No,471492.9131966189
CLG0066,78,8.73,8.78,3,No,7,9,0,No,592128.7724130653
CLG0011,92,5.93,6.2,5,No,3,5,3,No,483095.890852621
CLG0021,95,6.18,6.08,3,No,4,10,5,No,491272.15158956207
CLG0078,94,8.96,9.4,3,No,8,2,2,No,645819.9059558439
CLG0089,91,5.47,5.8,1,Yes,3,9,1,No,467057.21655220713
CLG0023,83,7.19,7.67,8,Yes,8,6,1,No,555149.34249711
CLG0044,134,5.12,5.5,9,Yes,5,5,5,No,531453.4622088714
CLG0065,128,6.73,6.85,5,Yes,6,10,0,No,586850.2719739386
CLG0070,82,8.49,8.59,1,Yes,7,8,5,Yes,597858.9437699344
CLG0036,123,5.45,5.08,1,Yes,9,2,0,No,508646.96540584293
CLG0062,94,9.44,9.66,9,Yes,9,5,4,No,659012.0206920432
CLG0082,101,9.55,9.65,1,Yes,0,10,2,Yes,696595.218697499
CLG0042,99,5.52,5.53,9,Yes,8,8,1,No,492930.49571332656
CLG0069,90,9.95,10.14,3,No,1,4,3,No,690284.3251112639
CLG0052,114,6.49,6.43,3,No,2,10,3,Yes,556556.585732774
CLG0001,101,5.42,5.44,4,No,0,10,1,No,478667.2364905306
CLG0030,92,5.03,4.93,5,No,9,9,2,No,442144.69509321835
CLG0001,80,7.04,7.26,6,No,10,7,2,No,523864.7996258873
CLG0048,86,8.15,8.53,6,No,2,7,5,No,590823.3766332034
CLG0014,75,6.66,7.0,10,No,1,9,3,No,497030.653024191
CLG0092,100,9.18,9.47,9,No,6,3,1,No,674730.8634884716
CLG0031,82,8.58,8.09,1,No,6,3,3,No,559939.6659739097
CLG0062,96,6.75,7.16,9,No,5,10,4,No,503731.9538192678
CLG0087,120,8.67,8.44,4,Yes,9,7,1,No,658501.401158099
CLG0031,117,9.7,10.09,7,No,10,2,2,Yes,742538.4520452273
CLG0007,99,5.47,5.17,6,No,3,10,3,No,460695.37893801776
CLG0020,98,6.53,6.47,9,No,2,3,0,No,534717.0711044065
CLG0084,128,7.32,7.57,2,No,6,6,0,No,635620.1793674035
CLG0031,107,7.49,7.63,2,No,10,9,4,No,596207.6190395529
CLG0009,95,7.71,7.63,7,No,2,4,0,No,573375.418146941
CLG0011,78,6.5,6.68,9,No,8,5,4,No,503769.68169252586
CLG0006,105,8.34,8.39,5,No,9,6,4,No,639076.6320354231
CLG0043,112,8.23,8.01,7,No,7,3,2,Yes,636094.2327310365
CLG0059,90,7.89,8.04,8,Yes,6,2,2,No,589962.3156002644
CLG0018,104,5.57,5.27,8,Yes,1,4,1,No,472922.9219333642
CLG0029,94,7.38,7.57,4,No,9,6,3,No,568190.8360653243
CLG0001,97,6.78,6.28,10,No,2,4,5,No,503822.7908594684
CLG0044,62,7.46,7.51,7,Yes,7,8,0,No,506287.16148499824
CLG0033,96,9.61,9.51,1,Yes,10,9,3,Yes,655701.8299760859
CLG0067,114,7.4,7.2,4,No,2,8,3,Yes,584731.1209398356
CLG0038,90,5.07,5.09,5,No,7,7,4,No,455031.6873075455
CLG0041,100,7.19,7.34,10,Yes,3,2,0,No,555235.7624730779
CLG0016,88,9.1,9.57,7,Yes,4,10,2,Yes,644148.2131785612
CLG0038,105,8.9,9.23,6,No,8,2,3,No,672609.3724991798
CLG0063,96,7.57,7.79,4,No,10,10,4,No,572674.7750576762
CLG0099,85,6.25,6.23,3,No,9,5,2,No,465185.81189371576
CLG0090,119,7.33,7.22,6,Yes,1,4,4,No,609511.7152640307
CLG0100,113,7.82,7.35,10,No,2,4,3,No,589156.9404314362
CLG0085,90,10.0,9.86,5,No,0,4,5,No,668574.4833435984
CLG0100,107,8.22,8.57,3,No,7,7,3,No,642863.6939812698
CLG0083,108,8.47,8.35,4,No,10,3,3,No,620790.7066159997
CLG0009,109,7.46,7.42,2,Yes,8,2,0,No,591463.1952330311
CLG0027,74,6.77,6.54,9,Yes,9,5,0,No,465537.44071899686
CLG0031,115,9.06,8.83,7,No,8,6,5,Yes,678893.5379938482
CLG0015,91,7.47,7.03,10,Yes,2,8,3,No,528299.7847997558
CLG0096,94,9.97,10.08,3,No,4,3,0,No,708011.2404629278
CLG0029,139,7.29,7.24,8,No,8,4,4,No,643545.6510023903
CLG0009,104,5.34,5.45,8,Yes,4,4,4,No,476877.9246685387
CLG0044,94,8.41,8.46,1,Yes,0,4,5,No,606935.1913430302
CLG0081,66,5.23,5.53,5,Yes,0,7,5,No,399914.87018448825
CLG0060,120,6.25,6.5,5,No,3,4,1,No,553434.5661924417
CLG0078,79,6.77,7.04,3,Yes,6,7,2,No,509119.50870873395
CLG0039,84,8.7,8.7,2,No,6,4,4,No,615311.9889165082
CLG0051,95,7.47,7.32,1,Yes,6,10,2,No,545957.0619013541
CLG0040,121,5.14,5.57,4,No,5,8,1,No,542782.7711544671
CLG0063,111,8.08,7.63,10,No,0,5,1,No,597934.4129499043
CLG0006,97,7.06,6.71,2,No,10,2,5,No,533919.2463401816
CLG0038,104,9.61,9.53,5,No,2,9,2,Yes,682122.2287076976
CLG0032,90,7.5,7.61,10,Yes,4,9,3,No,544553.7626105533
CLG0006,102,8.54,8.05,2,Yes,3,1,2,No,597132.3536662757
CLG0054,101,6.09,6.31,1,Yes,10,5,4,No,498125.7482438964
CLG0051,114,8.8,8.86,10,No,3,3,2,Yes,673672.0084276579
CLG0096,114,8.6,8.58,10,Yes,8,10,4,Yes,660243.1114219313
CLG0098,107,9.52,9.44,10,No,6,5,4,No,695247.4711289635
CLG0034,94,5.17,5.19,10,No,8,4,4,No,450965.3498763176
CLG0076,111,7.24,6.9,9,No,6,3,3,No,576205.1950931235
CLG0009,98,8.4,8.01,2,No,9,7,3,No,588087.3665873114
CLG0005,83,5.48,5.27,10,Yes,2,5,1,No,427074.93907499406
CLG0081,93,7.05,7.26,4,Yes,10,1,0,No,545222.0172500352
CLG0092,101,9.71,9.8,3,No,9,4,3,No,674328.776808948
CLG0061,113,7.18,7.16,1,No,3,1,3,No,567584.1866189238
CLG0086,97,9.93,10.0,8,No,8,3,1,No,696784.3714264848
CLG0006,81,5.28,5.34,2,Yes,0,10,1,No,431822.32537477766
CLG0050,100,8.59,8.4,8,No,2,10,1,No,624631.2612016429
CLG0032,101,7.91,7.51,1,No,10,5,2,No,566825.9506482063
CLG0019,102,7.5,7.9,6,No,3,6,4,No,605577.4098481521
CLG0058,113,9.85,9.95,4,Yes,3,1,3,Yes,735019.2481370947
CLG0048,115,5.65,5.85,3,Yes,6,10,5,Yes,524955.0178147114
CLG0017,91,9.48,9.44,1,Yes,10,9,4,Yes,669273.0788535243
CLG0060,90,8.46,8.72,10,No,3,9,0,No,592580.8254000035
CLG0010,84,6.29,6.37,1,Yes,9,1,1,No,493738.5059575027
CLG0079,110,9.51,9.06,7,No,7,7,0,No,673707.1676880091
CLG0050,121,7.15,7.54,6,Yes,0,4,5,No,608834.2780019905
CLG0038,95,9.07,8.88,3,No,2,2,5,No,646300.2398634843
CLG0085,96,6.94,6.58,2,No,9,2,5,No,509543.61419506505
CLG0040,122,9.25,8.84,10,Yes,9,6,1,No,686052.2545688449
CLG0003,107,8.18,8.4,3,No,5,6,1,No,646300.6616106037
CLG0094,106,5.71,5.91,8,No,2,5,0,No,508357.54020597343
CLG0079,82,8.25,8.45,7,Yes,7,3,4,No,586364.585445074
CLG0091,110,5.96,6.38,7,No,6,7,5,No,542224.915477434
CLG0031,86,7.06,6.91,5,No,4,3,0,No,536741.5327833924
CLG0016,82,5.85,5.91,10,No,1,7,2,No,464552.90998558037
CLG0028,94,5.11,5.23,3,No,10,2,3,No,458821.5019182846
CLG0045,91,6.06,6.54,1,No,4,8,3,No,503958.74967600754
CLG0037,96,7.68,7.49,1,No,8,2,4,No,562672.2278844895
CLG0043,78,7.41,7.87,6,No,10,2,4,No,543008.145789061
CLG0073,114,7.51,7.16,4,Yes,4,4,4,No,602729.9286486512
CLG0073,116,6.24,6.5,7,Yes,2,10,0,No,561926.0507674252
CLG0076,70,8.43,8.56,10,No,6,1,0,No,574008.9393433518
CLG0028,114,8.52,8.84,10,No,2,7,5,Yes,681159.9713966463
CLG0071,87,6.79,6.32,10,No,7,2,0,No,482222.50245991175
CLG0060,112,9.41,8.99,1,No,4,6,1,No,675166.2841617289
CLG0064,98,8.22,7.79,6,Yes,4,5,0,No,591902.3504345226
CLG0060,100,8.57,8.66,7,No,5,5,3,No,632533.0503595164
CLG0099,97,6.39,6.49,1,Yes,10,4,3,No,511699.3657263949
CLG0036,118,5.0,5.41,2,No,9,5,1,No,500169.7075919144
CLG0047,81,9.33,9.3,9,No,5,9,0,No,624078.2264188883
CLG0038,109,9.11,8.68,9,No,2,1,0,No,659863.757530798
CLG0065,116,5.62,5.33,6,No,10,2,2,No,496031.6818345295
CLG0034,110,6.87,6.38,4,No,6,7,2,No,538099.6992774736
CLG0022,134,8.31,8.59,7,No,8,9,3,Yes,705911.7554390822
CLG0094,92,8.26,8.58,5,No,0,3,4,No,605013.0188077601
CLG0084,114,9.3,9.8,3,No,3,6,5,Yes,705302.8669018174
CLG0051,98,5.7,5.61,4,No,3,5,3,No,458656.0133151349
CLG0072,118,7.15,6.67,2,No,0,9,5,Yes,574337.7755418256
CLG0045,99,5.49,5.22,6,Yes,5,9,1,No,457187.89404892945
CLG0071,94,6.95,7.04,3,No,1,10,0,No,528574.8803753407
CLG0002,119,5.08,5.54,7,Yes,10,3,2,No,510664.48666451656
CLG0058,92,9.49,9.09,4,Yes,10,10,5,Yes,653259.9447759907
CLG0094,78,7.64,7.26,8,No,5,10,3,No,526352.8967936869
CLG0012,92,9.25,9.45,1,Yes,0,2,5,No,659943.687799788
CLG0100,109,5.3,5.47,9,No,9,10,1,No,495049.07773309725
CLG0027,120,6.14,5.89,3,No,4,4,4,No,532525.6329987326
CLG0098,101,6.3,6.61,3,Yes,5,9,3,No,509788.12614641857
CLG0038,119,6.93,6.56,5,No,9,3,0,No,558812.0524286514
CLG0075,79,9.01,9.44,10,No,1,4,0,No,643023.4615516525
CLG0020,93,6.93,6.63,1,No,0,2,2,No,515602.763498445
CLG0094,95,6.02,5.6,3,Yes,6,1,1,No,467676.8254943857
CLG0043,98,5.32,5.16,4,No,0,5,4,No,473511.60465305654
CLG0032,101,5.4,5.09,2,Yes,6,4,4,No,443178.22299265803
CLG0090,110,8.8,8.83,6,No,0,10,1,No,669864.3861867734
CLG0023,93,7.22,7.41,10,No,8,2,2,No,551721.9885042172
CLG0041,102,8.63,8.62,4,No,4,6,0,No,643231.7706490519
CLG0088,99,8.41,8.57,1,No,5,5,4,No,624509.4915661237
CLG0002,86,5.68,5.54,3,No,6,1,1,No,476815.45206531766
CLG0062,98,5.71,5.24,7,No,0,10,2,No,455319.15752135735
CLG0096,97,8.78,9.25,3,No,7,3,0,No,641325.3604964142
CLG0053,97,8.61,8.93,6,No,5,4,1,No,643544.7480774646
CLG0057,100,6.89,6.46,6,Yes,1,1,2,No,512817.4022100869
CLG0048,101,5.39,5.34,1,Yes,0,8,3,No,479945.70295297244
CLG0079,93,5.06,5.2,2,Yes,0,3,1,No,435611.4277711457
CLG0006,119,6.44,6.13,10,Yes,3,5,4,No,544820.1391805995
CLG0016,82,5.05,5.13,6,No,2,3,1,No,423480.0645375392
CLG0011,89,6.15,6.18,2,Yes,10,4,0,No,486784.4976163734
CLG0046,141,7.1,6.81,2,No,5,9,1,No,626658.7119255837
CLG0073,84,5.61,5.25,4,No,9,3,5,No,427987.320277608
CLG0057,79,5.52,5.78,8,No,7,8,0,No,445350.7540093139
CLG0067,111,9.48,9.3,6,No,0,6,2,Yes,693436.4064348448
CLG0007,68,7.93,7.67,8,No,6,6,3,No,512326.6827841206
CLG0052,96,9.67,9.91,4,No,7,1,0,No,687408.4813314464
CLG0052,132,6.73,6.97,3,Yes,4,7,2,No,600746.6468149626
CLG0030,76,8.39,8.17,7,Yes,7,4,2,No,559085.0935850146
CLG0055,70,6.02,6.39,7,No,10,8,3,No,471168.908955633
CLG0022,77,8.09,8.28,2,No,0,9,4,Yes,557680.3651493073
CLG0004,113,5.65,5.5,1,Yes,1,2,4,No,501851.8075088051
CLG0005,116,5.01,4.94,8,No,3,8,1,No,479425.79821929295
CLG0022,92,9.66,9.89,3,No,0,8,4,Yes,672486.239317803
CLG0068,110,7.77,7.48,6,No,4,6,1,No,617025.8435887506
CLG0004,120,9.63,9.6,7,No,9,3,0,No,713643.4061971322
CLG0043,126,6.67,6.82,8,No,2,5,5,No,598884.9595690314
CLG0015,96,6.64,6.68,6,No,1,2,5,No,533017.9727476621
CLG0016,65,7.0,7.11,7,No,6,6,5,No,493898.4363418135
CLG0084,87,8.53,8.58,5,No,1,3,5,No,585131.5972778806
CLG0058,93,7.83,7.53,3,No,8,4,0,No,562642.8989872808
CLG0074,96,9.63,9.54,2,No,5,9,1,No,671827.7678949445
CLG0033,97,5.13,5.16,7,Yes,7,10,3,No,424956.14212193206
CLG0095,116,8.54,8.82,8,No,2,5,3,Yes,660026.6427479319
CLG0065,119,6.65,6.8,8,No,4,7,4,No,575071.2529903876
CLG0025,97,5.9,5.83,3,No,2,9,0,No,481202.89254753146
CLG0037,116,7.55,8.02,2,Yes,8,5,0,No,619113.7890337722
CLG0018,105,7.53,7.14,9,No,0,1,5,No,574211.4865845985
CLG0025,100,5.69,5.4,6,Yes,7,2,3,No,489681.73402180267
CLG0015,113,6.01,5.85,10,No,5,3,2,No,518073.0699904899
CLG0068,101,7.04,6.77,3,No,6,3,3,No,525650.554686195
CLG0035,130,7.04,7.17,5,No,1,1,3,No,605959.8673343105
CLG0068,78,6.59,6.13,1,No,6,9,2,No,466327.79029121756
CLG0042,92,5.74,5.42,2,No,0,9,4,No,453305.866563472
CLG0084,98,5.02,4.81,9,Yes,6,4,1,No,433949.85697770835
CLG0012,106,9.85,10.03,10,No,10,9,4,Yes,698656.2040959292
CLG0094,119,9.72,10.1,10,No,7,4,5,Yes,746085.3617742873
CLG0022,99,7.42,7.72,3,Yes,1,8,2,No,581248.3212451614
CLG0036,78,9.98,9.66,8,Yes,9,3,2,No,640483.9742890816
CLG0034,112,8.37,8.44,10,No,1,9,4,Yes,640385.149270954
CLG0091,111,5.34,4.87,8,No,2,4,5,No,463133.03921733564
CLG0025,70,5.59,5.4,5,No,9,8,5,No,406620.83276542206
CLG0039,99,9.58,9.89,8,No,3,2,1,No,710858.6817720551
CLG0076,76,8.15,8.11,2,No,7,7,4,No,562456.0045012627
CLG0059,90,9.22,8.87,2,No,2,2,0,No,628751.9787161682
CLG0076,86,9.49,9.43,4,No,5,5,0,No,632576.1458074116
CLG0085,112,7.24,6.94,8,No,9,9,0,No,551792.2161187341
CLG0050,101,5.24,5.13,2,No,10,5,1,No,457728.97152324347
CLG0061,80,5.94,5.93,4,Yes,7,4,1,No,458526.23526681674
CLG0033,113,5.33,5.18,8,Yes,9,8,2,Yes,466037.3657516599
CLG0007,78,5.94,6.38,3,No,1,5,3,No,487302.49520727945
CLG0019,104,7.05,7.11,8,Yes,3,9,1,No,539631.2737503601
CLG0088,87,5.59,5.93,2,No,0,9,5,No,470797.8583296946
CLG0020,94,5.83,6.09,1,Yes,10,2,3,No,504356.20558415604
CLG0005,107,7.23,7.39,6,Yes,7,10,0,No,582249.6175255161
CLG0094,107,6.7,6.7,8,Yes,0,9,0,No,547419.5817571979
CLG0007,120,7.34,6.84,9,Yes,8,8,3,Yes,578707.527645082
CLG0020,98,7.15,7.26,10,Yes,5,10,4,No,546257.5587440766
CLG0047,104,8.22,8.08,8,Yes,2,7,2,No,635295.2189159088
CLG0081,93,9.69,9.31,2,No,7,6,2,No,655022.4628043293
CLG0098,102,5.54,5.48,1,Yes,1,4,4,No,481930.12580338726
CLG0007,106,5.5,5.74,7,Yes,10,7,5,No,507211.32131423964
CLG0075,98,9.26,9.72,7,No,2,6,3,No,673638.2974465152
CLG0082,72,7.53,7.4,3,No,6,8,3,No,506523.4535478071
CLG0094,104,8.83,8.87,6,Yes,10,1,1,No,654709.8544439217
CLG0084,105,6.08,6.43,7,Yes,0,3,0,No,514936.9018439376
CLG0064,89,9.14,8.97,9,Yes,8,8,0,No,643464.4987966217
CLG0066,80,9.62,9.26,1,No,9,2,3,No,615753.9924081474
CLG0007,122,8.18,7.96,3,No,8,9,1,No,632887.2195693135
CLG0091,107,5.53,5.93,5,Yes,2,2,5,No,510346.17134190747
CLG0015,96,9.48,9.14,3,No,3,9,5,Yes,651599.7619883904
CLG0083,82,8.96,8.79,8,No,1,7,1,No,595550.1588835955
CLG0034,87,8.75,8.71,10,Yes,9,4,2,No,595434.5474835645
CLG0066,119,5.18,5.53,6,Yes,10,3,2,No,507818.45019080874
CLG0028,102,8.99,9.43,2,Yes,0,8,3,Yes,665755.554913642
CLG0066,91,5.69,5.62,1,No,10,10,5,No,460648.4915662374
CLG0011,107,6.11,6.54,10,No,7,7,2,No,540243.4675188917
CLG0070,87,7.89,7.55,5,Yes,10,10,1,No,548474.3447896485
CLG0056,122,6.32,5.98,9,No,8,1,4,No,555378.477721842
CLG0023,120,8.31,8.76,10,No,8,7,0,No,677203.4747145997
CLG0010,93,8.04,8.05,9,No,9,1,3,No,582091.2582606742
CLG0097,90,5.54,5.23,1,No,4,1,5,No,456713.2418948071
CLG0083,60,8.28,8.27,3,No,4,5,2,No,522280.2697908115
CLG0075,77,9.62,9.9,6,Yes,4,10,2,Yes,644938.6143544331
CLG0024,79,5.81,6.14,5,No,5,5,1,No,461853.46446523286
CLG0060,102,7.99,8.35,4,No,3,2,2,No,631641.5939214869
CLG0092,95,6.71,6.78,2,Yes,1,7,0,No,512069.55954102875
CLG0012,79,7.3,7.67,4,Yes,1,3,3,No,527461.9983391648
CLG0092,95,6.44,6.45,5,Yes,5,1,2,No,508393.10625564633
CLG0005,107,6.77,6.88,2,No,4,7,4,No,559494.9470563381
CLG0019,107,5.14,5.4,10,No,3,4,4,No,486492.13383340463
CLG0072,71,9.91,9.84,1,No,5,4,5,No,649088.828543549
CLG0037,98,8.12,7.69,7,No,3,3,5,No,569269.1563626796
CLG0028,79,7.5,7.35,7,Yes,9,7,3,No,512250.67146644596
CLG0044,113,6.92,7.04,8,No,3,2,4,No,561918.5131817745
CLG0043,111,7.7,7.39,10,No,5,7,4,No,583652.0537535248
CLG0069,86,6.9,6.55,6,No,10,10,5,No,498528.1496060239
CLG0072,88,6.8,6.59,1,No,3,8,2,No,504759.83299027255
CLG0088,93,7.32,6.85,8,No,8,2,4,No,527425.0720343338
CLG0020,66,6.38,6.62,2,No,6,8,2,No,457454.20281080273
CLG0099,105,5.9,5.66,3,No,5,7,0,No,496775.0329129154
CLG0006,95,7.78,7.4,8,No,2,10,1,No,569856.5354848892
CLG0069,114,9.21,9.41,4,Yes,10,8,5,Yes,701608.6975628407
CLG0074,83,5.76,6.1,5,No,3,3,2,No,462223.16423853574
CLG0092,90,5.16,4.68,9,Yes,1,6,1,No,404135.88931097096
CLG0012,77,6.23,5.96,7,Yes,2,1,2,No,436625.04579029564
CLG0015,84,9.9,10.35,10,Yes,10,7,2,No,681705.2981871063
CLG0067,82,9.14,9.03,7,No,0,4,3,No,605394.4999554127
CLG0087,114,7.98,8.42,1,No,8,4,2,Yes,655005.5209961088
CLG0063,89,9.65,9.42,1,No,9,9,4,Yes,651800.0465271501
CLG0036,101,7.23,6.95,8,No,2,7,4,No,546675.6468223622
CLG0007,94,9.92,9.63,10,No,7,8,2,Yes,657133.538132067
CLG0001,80,6.48,6.07,1,No,3,6,5,No,479063.8185747723
CLG0072,97,6.2,6.6,10,No,10,2,5,No,526552.9488373135
CLG0091,108,8.19,8.67,2,Yes,7,3,5,No,653016.1492411456
CLG0049,81,6.89,7.34,4,No,6,4,0,No,526403.4620014523
CLG0022,112,8.13,8.48,9,No,3,2,4,Yes,638429.2363616728
CLG0052,87,6.52,6.87,7,Yes,6,1,1,No,512809.21529659076
CLG0095,92,8.09,8.25,7,Yes,7,9,0,No,609979.2226984646
CLG0043,107,6.38,6.71,10,No,9,10,1,No,536670.9398391696
CLG0039,90,5.25,4.96,7,No,2,2,2,No,423754.4701072633
CLG0075,100,9.56,9.45,5,No,4,5,2,No,667169.590450528
CLG0043,95,9.42,9.56,1,No,10,7,2,No,657138.9031781277
CLG0054,101,9.85,10.22,5,No,2,2,4,No,722658.7312257015
CLG0021,64,8.58,8.74,8,Yes,6,6,5,No,556888.6334514861
CLG0015,72,8.41,8.75,7,No,5,10,0,No,603376.8928459603
CLG0092,109,7.8,7.77,7,No,0,8,1,No,598347.6003980375
CLG0038,115,5.63,5.85,2,No,9,7,3,No,485903.1631115275
CLG0023,86,5.95,6.43,1,No,4,6,5,No,479884.66893292574
CLG0091,96,6.45,6.1,4,Yes,3,8,0,No,516231.9567352521
CLG0083,104,9.45,9.88,8,No,1,2,1,No,714518.0661456196
CLG0080,110,5.86,5.88,1,Yes,0,4,3,No,521676.5967709835
CLG0076,69,9.61,9.75,2,No,6,4,0,No,624388.6836276683
CLG0051,86,7.61,7.99,7,Yes,6,7,0,No,572372.1267527306
CLG0023,95,8.58,8.49,5,No,5,7,5,No,612813.4439540042
CLG0051,110,5.55,5.47,6,Yes,4,3,2,No,501938.8675967727
CLG0071,137,6.35,6.38,8,No,8,4,5,No,588761.1926834675
CLG0046,96,9.79,9.31,9,No,1,1,0,No,663510.2782785743
CLG0094,78,6.33,6.33,8,No,10,8,5,No,457351.56543575804
CLG0061,106,6.48,6.27,1,No,10,4,5,No,511926.3048187829
CLG0016,119,5.99,6.42,4,No,2,5,5,No,548347.8103421957
CLG0060,101,5.65,5.24,5,No,8,5,1,No,468041.6990920006
CLG0032,86,6.17,6.13,9,No,1,1,2,No,474522.4224557308
CLG0041,114,8.21,8.66,6,No,2,1,0,No,653609.3878394848
CLG0060,109,7.28,7.68,6,No,5,7,2,No,602441.5672343345
CLG0021,84,7.77,7.97,3,No,9,1,3,No,577832.0189194697
CLG0068,105,5.61,5.7,2,No,6,9,1,No,485012.104097149
CLG0007,114,9.01,8.79,2,No,1,6,3,Yes,661418.2805156838
CLG0091,117,8.92,8.79,7,Yes,7,1,1,No,674570.1030212095
CLG0070,99,5.11,4.7,5,No,8,1,4,No,424959.2039292547
CLG0020,94,6.92,7.21,10,No,0,5,3,No,555005.0199028576
CLG0044,118,5.34,5.16,1,Yes,5,3,4,No,507343.31139269605
CLG0044,81,8.96,9.13,5,No,3,8,5,Yes,616158.0850235089
CLG0012,106,8.69,8.55,1,No,9,8,2,Yes,644314.6352039578
CLG0059,79,9.51,9.47,9,No,10,10,3,Yes,625282.8118862135
CLG0078,115,6.18,6.24,8,Yes,9,8,0,No,545387.4548376016
CLG0034,96,7.28,7.58,4,Yes,4,6,5,No,559735.5409445887
CLG0044,119,5.92,5.63,1,No,5,5,1,No,519701.15971246554
CLG0081,107,6.86,6.76,8,No,5,5,0,No,554507.0234585505
CLG0040,81,7.61,7.24,5,Yes,6,6,0,No,534148.8581274514
CLG0084,121,5.27,4.85,1,No,8,6,5,No,465986.2509999114
CLG0002,123,8.57,8.67,2,Yes,3,10,2,Yes,675595.5391232424
CLG0061,113,7.72,7.41,5,No,8,9,2,Yes,581935.4232412092
CLG0021,88,9.14,8.7,9,No,0,7,0,No,605932.1303833037
CLG0012,95,6.36,6.76,10,No,8,6,5,No,539603.1596407063
CLG0077,102,9.52,9.55,8,No,7,10,0,No,693668.1835816739
CLG0065,89,9.99,9.62,10,No,1,7,0,No,654110.8561496849
CLG0082,125,9.6,9.15,8,No,6,3,1,No,720774.0089079189
CLG0078,102,8.89,8.51,9,Yes,6,2,2,No,654716.1449252839
CLG0095,59,9.06,9.03,2,Yes,1,10,3,Yes,565690.9845466269
CLG0088,105,7.87,8.04,7,No,7,7,2,No,613299.8089276293
CLG0012,94,5.95,6.09,10,Yes,5,3,0,No,511242.72411743755
CLG0052,98,8.39,8.03,5,Yes,5,4,3,No,590078.3860100119
CLG0089,94,8.56,8.69,3,Yes,10,2,5,No,617045.4557220439
CLG0100,112,9.93,9.83,10,No,4,5,5,Yes,703137.1789277453
CLG0014,116,7.71,7.67,8,No,10,5,3,No,622064.2775188887
CLG0018,104,6.36,6.66,2,No,7,10,3,No,544591.4755957584
CLG0024,94,8.42,8.25,4,Yes,9,10,2,Yes,626534.6165780495
CLG0026,99,9.9,9.55,5,Yes,8,1,0,No,677671.256407268
CLG0094,100,5.89,6.26,5,Yes,4,4,5,No,503190.27853215986
CLG0061,87,6.63,6.34,4,No,0,3,5,No,489932.1137234331
CLG0068,108,7.71,7.5,3,No,10,7,5,No,593533.2014999152
CLG0064,106,5.85,6.06,3,Yes,5,5,0,No,520117.06219943665
CLG0040,123,5.11,5.29,5,Yes,0,6,4,No,517323.8409745194
CLG0029,118,6.68,6.98,10,No,4,2,1,No,575091.6889512457
CLG0018,89,9.33,9.01,6,No,5,1,2,No,625213.6667275267
CLG0068,112,5.22,5.07,1,Yes,2,3,5,No,478919.50589092023
CLG0059,85,7.14,6.77,4,No,0,10,4,No,517880.73808855796
CLG0097,110,8.81,8.85,10,No,1,3,4,No,654792.2861642019
CLG0056,92,9.77,9.56,10,Yes,10,10,5,Yes,648319.3961204643
CLG0066,84,9.93,10.12,6,No,2,7,4,No,670320.6940589594
CLG0012,104,7.11,6.61,2,Yes,2,7,2,No,530320.5180699526
CLG0022,59,9.75,9.31,10,Yes,1,10,1,No,579070.329436372
CLG0062,73,5.18,5.11,5,Yes,5,6,3,No,389331.1163535486
CLG0026,97,8.73,9.19,9,No,6,4,1,No,657338.8454055543
CLG0014,101,8.21,8.6,3,No,4,8,1,No,630095.3346085844
CLG0009,94,6.25,6.74,3,No,6,10,5,No,527199.2112222983
CLG0074,76,7.54,7.46,9,No,2,2,5,No,502841.0051508526
CLG0007,87,5.65,5.2,3,Yes,10,7,0,No,440270.074598938
CLG0047,105,9.36,9.17,4,No,4,1,4,No,663438.8236204645
CLG0058,108,6.79,6.97,9,Yes,2,8,4,No,574319.335842317
CLG0020,99,8.13,7.77,4,Yes,3,5,3,No,589533.6764045632
CLG0079,117,5.79,5.59,5,No,5,6,0,No,500439.2893307985
CLG0056,105,6.03,5.59,2,No,3,6,3,No,493864.676417011
CLG0043,88,9.96,9.93,8,No,3,1,5,No,673902.9771099619
CLG0098,95,8.77,8.48,9,No,6,7,2,No,617949.3110912804
CLG0060,78,9.81,9.4,10,No,5,3,0,No,642098.9572915734
CLG0052,98,6.48,6.39,4,No,0,2,4,No,508735.75654464524
CLG0088,116,5.82,5.67,3,No,7,7,3,No,517729.31958459865
CLG0066,110,7.52,7.56,4,Yes,0,10,0,No,569304.7800994734
CLG0020,121,7.47,7.72,7,No,8,9,0,No,635055.8897556902
CLG0013,95,5.87,5.48,1,Yes,3,4,1,No,455318.9040482591
CLG0025,120,8.67,8.96,2,No,6,7,0,No,688034.246319943
CLG0036,97,6.81,6.34,10,Yes,4,5,0,No,488671.14902280114
CLG0003,122,5.93,5.87,5,Yes,9,10,4,Yes,556382.0614979311
CLG0047,99,6.66,6.75,9,No,2,10,2,No,533498.2894905576
CLG0012,110,7.82,8.28,6,Yes,7,7,3,No,629660.1427051415
CLG0060,122,8.63,8.7,3,Yes,9,1,2,Yes,673422.6837388927
CLG0097,97,7.41,7.07,3,Yes,1,10,0,No,551562.2720368591
CLG0028,103,7.63,7.65,7,No,10,9,4,No,575321.8720169339
CLG0075,119,5.69,5.59,3,Yes,9,6,4,No,516963.4893406534
CLG0081,98,9.57,9.55,10,Yes,2,8,4,Yes,658832.0451290654
CLG0014,80,9.64,9.34,3,No,4,9,4,Yes,642038.5632494654
CLG0031,132,8.42,8.42,10,No,4,1,1,No,691097.9713368445
CLG0069,92,5.09,4.74,7,No,4,5,0,No,420104.72421783226
CLG0066,102,7.69,7.93,9,No,6,7,1,No,604947.8572358915
CLG0060,117,8.15,8.24,9,Yes,7,8,1,Yes,647389.2850596778
CLG0077,90,9.97,9.55,3,No,7,3,0,No,649401.4235260463
CLG0020,84,9.98,10.37,8,No,10,8,4,Yes,693223.323332177
CLG0011,103,9.29,9.41,1,No,2,5,3,No,688095.8268133887
CLG0078,73,5.32,5.14,8,Yes,7,1,4,No,368530.4664965748
CLG0004,95,9.77,9.32,2,No,9,4,4,No,672988.5617425282
CLG0052,103,8.06,8.19,4,No,1,2,1,No,612133.1737974987
CLG0047,95,9.0,8.87,7,No,3,5,2,No,628790.2577564873
CLG0067,76,7.04,7.45,6,Yes,1,4,4,No,527049.272707575
CLG0011,123,6.6,6.13,9,Yes,4,2,0,No,530731.5232521071
CLG0050,101,7.32,6.86,8,No,2,7,0,No,549311.7824368054
CLG0089,121,5.73,6.18,2,Yes,9,2,0,No,542792.6587762145
CLG0023,96,6.79,7.25,4,No,9,2,1,No,536186.0339672115
CLG0081,86,9.29,8.82,1,Yes,10,4,3,No,618360.2966115247
CLG0062,104,5.19,5.41,7,Yes,2,5,3,No,459416.1294535631
CLG0053,96,5.75,5.47,4,No,4,10,3,No,466507.3919422883
CLG0095,82,5.63,5.83,8,No,3,3,4,No,447441.6091086641
CLG0014,122,7.02,7.39,2,No,5,9,4,Yes,607909.3244721268
CLG0047,90,9.98,9.58,8,Yes,4,10,2,Yes,638713.7128000023
CLG0018,72,5.87,5.61,2,No,9,6,2,No,411902.89171461214
CLG0067,119,5.73,5.25,8,Yes,4,8,2,Yes,495356.7116090616
CLG0099,92,9.58,9.12,1,No,2,5,1,No,660950.6983616111
CLG0083,90,9.41,8.94,2,Yes,3,8,3,Yes,636718.3765795078
CLG0023,73,5.16,5.46,5,No,2,10,4,No,410349.71264436207
CLG0095,126,8.76,8.56,1,No,2,6,2,Yes,700868.0013099866
CLG0060,80,8.28,8.27,5,No,9,7,1,No,574713.2297244321
CLG0059,100,8.84,9.13,5,No,8,2,5,No,661927.1619178054
CLG0088,113,7.47,7.46,7,No,9,6,2,No,610585.3504393944
CLG0050,106,9.96,9.89,2,Yes,5,5,4,No,724762.3562270801
CLG0061,99,5.22,4.73,2,Yes,9,8,2,No,425230.70381282776
CLG0017,74,6.17,6.24,6,Yes,1,5,1,No,471807.63251284463
CLG0054,87,6.98,6.6,10,No,0,7,5,No,513944.85175398504
CLG0091,102,7.25,7.51,3,Yes,2,4,5,No,582162.0494983136
CLG0009,88,9.61,9.37,8,Yes,2,2,1,No,644369.9129849228
CLG0032,103,7.8,7.97,3,No,3,3,2,No,601065.24573871
CLG0078,110,5.23,5.38,10,Yes,3,10,4,No,468055.0157905676
CLG0022,114,7.04,7.16,4,No,4,4,1,No,593013.0987008502
CLG0040,81,7.08,6.85,7,No,3,3,3,No,492060.8052090622
CLG0078,132,9.83,9.6,1,Yes,1,7,1,No,746554.0190095893
CLG0052,111,8.0,8.36,1,No,10,5,0,No,641226.4708377839
CLG0078,99,8.18,7.69,9,No,0,3,2,No,584796.4404634207
CLG0028,116,8.57,8.25,6,No,9,3,3,Yes,656192.8579042077
CLG0044,135,8.85,8.96,5,No,6,9,4,Yes,703100.0107094314
CLG0054,78,8.18,8.5,2,Yes,8,9,3,Yes,574084.2157891511
CLG0097,96,6.19,6.05,2,Yes,8,5,5,No,497083.16488567536
CLG0048,64,9.37,9.52,7,No,10,2,5,No,609904.7238718575
CLG0022,102,8.66,8.72,6,No,0,10,1,No,645948.9452416617
CLG0035,105,8.71,8.27,8,Yes,8,5,1,No,616412.1688111674
CLG0045,99,9.98,10.1,3,No,0,4,0,No,715662.6141206173
CLG0028,90,9.01,9.32,3,No,0,6,5,No,640360.1512246935
CLG0067,69,9.15,9.64,5,No,1,10,3,Yes,610583.227009486
CLG0086,105,9.76,9.29,10,Yes,9,6,1,No,670202.4688076833
CLG0038,121,5.76,5.92,4,Yes,10,6,4,No,525475.449570621
CLG0053,91,7.49,7.4,8,No,10,7,4,No,551431.1260231636
CLG0087,106,7.9,7.41,6,No,5,2,5,No,600014.2138520634
CLG0006,76,6.65,6.76,8,No,8,4,3,No,503670.539333826
CLG0014,106,9.2,8.82,7,No,4,9,3,Yes,654293.2021035594
CLG0086,94,8.81,8.69,2,No,8,5,0,No,628737.3007797203
CLG0036,88,8.6,8.36,9,No,8,1,3,No,590354.3021692508
CLG0084,88,9.99,9.85,6,Yes,7,6,4,No,664806.2393543139
CLG0051,94,6.3,6.29,6,No,10,5,3,No,509236.96986265795
CLG0087,105,8.68,8.54,2,No,6,2,1,No,643438.0807971017
CLG0077,80,7.76,7.81,9,No,2,3,1,No,530616.9130744275
CLG0044,94,6.56,6.3,1,Yes,9,3,5,No,496192.41719761706
CLG0045,99,5.8,5.94,6,No,2,7,5,No,495313.2778449249
CLG0073,83,9.48,9.83,8,No,3,5,3,No,659025.6298859104
CLG0041,126,7.98,7.7,2,No,8,9,2,Yes,625408.6314951071
CLG0006,87,9.12,9.13,3,No,2,1,3,No,632865.9905228731
CLG0092,89,7.73,7.88,10,Yes,7,3,0,No,574430.1282982592
CLG0007,85,6.1,6.16,10,No,7,10,4,No,458086.39202451374
CLG0083,126,6.69,6.56,7,No,5,8,4,Yes,582466.1976773925
CLG0095,108,6.91,7.05,1,No,1,3,3,No,571430.0017091946
CLG0099,85,9.86,9.39,5,No,5,3,2,No,653553.9501524706
CLG0093,116,5.03,4.9,6,Yes,3,8,4,Yes,473182.81282843696
CLG0047,103,9.93,9.96,10,Yes,6,10,2,Yes,711781.7468656905
CLG0033,103,9.9,9.42,7,Yes,10,3,4,No,674154.2721119468
CLG0022,94,9.98,9.99,10,No,0,2,1,No,691476.5608974108
CLG0067,88,7.38,7.53,10,No,2,3,0,No,533617.1003128367
CLG0077,105,9.82,10.08,7,Yes,7,2,4,No,710911.9779967887
CLG0013,91,6.98,6.59,3,Yes,0,8,3,No,514627.59038960456
CLG0056,127,5.13,5.62,7,Yes,9,5,1,No,521873.15740456537
CLG0077,80,6.12,6.23,1,No,2,3,2,No,459326.6770695403
CLG0012,123,9.73,9.59,4,Yes,2,8,0,Yes,743774.670938965
CLG0005,98,5.07,4.82,7,Yes,7,8,2,No,429842.0681342829
CLG0077,104,7.73,7.8,7,No,0,4,2,No,594012.2531691687
CLG0055,112,5.38,5.76,4,No,9,9,4,Yes,506498.8704456499
CLG0076,90,6.43,6.45,1,No,4,1,1,No,503941.63591170206
CLG0074,112,5.44,5.6,8,No,6,7,0,No,519501.99991773855
CLG0015,59,9.3,9.16,4,No,3,5,1,No,562063.5463781304
CLG0066,89,7.96,7.85,2,Yes,9,7,1,No,558483.479529819
CLG0038,86,9.51,9.3,4,No,2,10,5,Yes,639903.6771725279
CLG0080,81,8.44,8.65,8,No,9,8,4,Yes,599352.334075522
CLG0097,96,9.86,9.72,8,No,5,3,2,No,676757.7300892564
CLG0098,105,7.55,7.24,5,Yes,4,3,1,No,568706.5547344604
CLG0055,110,8.19,8.06,2,Yes,1,1,2,No,637236.5052211705
CLG0089,103,7.88,8.23,7,No,5,5,1,No,635895.638040635
CLG0055,90,7.42,7.66,3,Yes,10,8,0,No,555999.7945539256
CLG0047,105,9.23,9.06,6,No,2,1,3,No,669922.855039384
CLG0090,101,8.22,8.63,9,Yes,8,2,3,No,636909.1631576106
CLG0014,114,9.01,8.58,5,No,2,2,3,Yes,667891.3926889288
CLG0015,111,8.93,8.48,9,No,8,10,4,Yes,639031.2545812009
CLG0035,100,5.96,5.59,4,No,5,2,4,No,474283.84603265143
CLG0031,86,8.25,7.87,9,No,7,5,2,No,563036.8190048216
CLG0034,90,6.0,5.59,1,No,8,10,4,No,453385.2371616368
CLG0073,91,7.92,8.08,4,Yes,7,7,3,No,587897.5248554249
CLG0007,95,8.39,8.49,1,Yes,10,3,4,No,603778.2454314864
CLG0038,104,9.99,10.14,9,Yes,1,1,3,No,718979.7228956224
CLG0001,110,5.15,5.34,8,No,2,9,1,No,491409.4081414855
CLG0087,99,5.46,5.72,8,No,7,9,5,No,481310.57486759
CLG0014,100,5.39,5.1,7,Yes,4,4,3,No,444037.3718979821
CLG0025,102,6.99,7.11,9,No,9,5,3,No,548728.077211924
CLG0008,92,9.11,9.19,3,No,3,4,0,No,640193.064504936
CLG0040,86,9.22,9.66,7,Yes,5,8,5,Yes,659472.4828543544
CLG0006,73,8.68,8.41,6,Yes,5,1,0,No,575496.5727393345
CLG0079,89,9.48,9.04,5,Yes,6,4,0,No,629994.5769046503
CLG0020,107,6.61,6.76,9,No,4,4,0,No,549555.0511223495
CLG0081,89,5.44,5.68,4,No,0,3,3,No,460509.59614657675
CLG0096,96,5.29,5.07,3,Yes,7,4,2,No,438659.23963522736
CLG0059,106,9.26,9.33,3,No,0,7,0,No,657674.9126630118
CLG0006,107,8.65,8.21,2,No,3,5,4,No,621874.4398988326
CLG0039,83,8.49,8.95,1,No,2,3,4,No,632559.294683281
CLG0092,114,6.7,6.31,3,Yes,2,6,4,No,544307.2251396911
CLG0010,116,6.9,6.47,8,No,5,10,3,Yes,533924.5132511338
CLG0009,83,9.79,9.33,6,Yes,7,9,1,No,629287.3497922865
CLG0034,87,5.32,5.25,2,No,4,3,5,No,447598.8174847596
CLG0077,117,8.87,8.47,8,No,5,2,5,Yes,656168.1265133184
CLG0055,97,6.55,6.79,5,Yes,5,9,1,No,527020.8747157267
CLG0075,66,5.2,5.6,4,No,0,5,0,No,419134.1946808328
CLG0075,79,8.71,8.47,1,No,6,10,4,Yes,590713.8009355341
CLG0094,96,6.65,6.78,1,No,0,5,5,No,524558.853327792
CLG0092,82,8.61,8.15,4,No,6,7,0,No,578542.5644697298
CLG0087,93,8.54,8.43,9,No,7,2,3,No,620284.0640230364
CLG0061,100,7.67,7.46,10,No,3,10,4,No,592841.2560447117
CLG0059,121,8.89,8.62,10,Yes,7,5,0,No,671059.1929636712
CLG0079,95,7.91,8.05,6,No,5,8,2,Yes,588609.635802495
CLG0011,116,6.43,6.06,1,No,5,8,3,Yes,533938.860035736
CLG0013,121,8.67,9.03,8,No,10,10,5,Yes,703987.5200680083
CLG0062,121,7.95,8.11,9,Yes,10,7,5,Yes,648267.7589873982
CLG0092,104,5.06,5.27,2,No,8,5,3,No,466261.8109132836
CLG0071,70,9.51,9.95,6,No,5,4,3,No,638479.0209286374
CLG0095,106,7.73,8.17,7,No,10,2,2,No,614234.0677665239
CLG0022,115,9.34,9.39,1,No,4,2,5,Yes,701159.4598532139
CLG0038,98,9.41,9.41,5,Yes,9,3,1,No,672130.1399133414
CLG0014,126,7.22,7.06,5,Yes,9,3,5,No,597411.6341415467
CLG0006,112,7.54,7.76,3,No,5,7,1,No,614034.8090075029
CLG0031,108,7.08,7.12,2,Yes,7,6,2,No,577241.2792166924
CLG0051,116,7.25,7.68,1,No,8,1,5,No,618692.5439469487
CLG0003,105,9.48,9.22,6,No,9,6,1,No,676789.2946416294
CLG0017,62,8.94,8.75,7,No,9,5,2,No,575835.5968032136
CLG0020,92,5.63,5.45,2,No,10,6,0,No,453467.4703203506
CLG0007,117,8.05,8.36,2,No,7,8,2,Yes,675372.1818754761
CLG0017,87,9.98,9.58,5,Yes,7,1,1,No,656070.0759653379
CLG0058,96,7.98,7.94,5,Yes,6,6,2,No,594352.1720959865
CLG0090,84,8.93,8.86,3,No,0,4,2,No,633123.8953773293
CLG0027,126,8.85,8.42,3,No,3,9,4,Yes,678080.9296655707
CLG0013,125,6.75,6.66,1,No,3,10,2,Yes,596379.841940926
CLG0005,86,6.86,6.87,3,No,2,8,1,No,519770.8179770872
CLG0065,102,8.62,8.19,9,No,3,7,3,No,613843.7437303427
CLG0017,89,7.5,7.51,2,No,1,3,0,No,546616.8997843814
CLG0037,109,7.85,8.31,1,Yes,2,9,2,Yes,628280.8551660626
CLG0016,107,8.56,9.04,9,No,2,3,1,No,654010.6275978765
CLG0018,112,8.89,8.92,5,Yes,9,6,5,Yes,662470.3424788534
CLG0092,104,6.36,6.38,8,No,0,2,5,No,528295.2984913969
CLG0003,144,5.73,5.52,4,No,6,8,1,No,577742.259421559
CLG0018,84,6.46,6.96,8,Yes,3,1,4,No,515784.8086412923
CLG0041,74,7.54,7.31,5,No,7,1,5,No,526383.2026006355
CLG0094,94,6.71,6.66,6,No,8,8,1,No,519959.20267039794
CLG0096,76,7.84,7.34,6,No,1,9,3,No,531599.6684011183
CLG0078,77,5.27,5.12,6,Yes,1,10,1,No,416765.1629098791
CLG0017,84,7.55,7.12,2,No,1,9,3,No,520166.73285955295
CLG0083,86,6.84,7.08,10,No,7,8,5,No,527763.1988581112
CLG0061,85,7.67,7.73,10,Yes,1,10,0,No,570396.0357885344
CLG0047,107,7.11,7.18,9,Yes,5,8,2,No,575658.2429560339
CLG0072,92,6.42,6.21,7,No,4,4,0,No,484850.71470961324
CLG0068,97,9.52,9.83,3,Yes,9,8,2,Yes,681169.2073257049
CLG0024,113,5.92,5.42,2,No,8,7,5,No,491354.46737089084
CLG0093,88,8.41,8.24,4,No,1,9,0,No,587343.0406556583
CLG0047,96,9.62,9.78,8,Yes,0,10,3,Yes,675276.6538122196
CLG0056,105,7.69,8.1,9,No,1,8,2,Yes,623115.5315506645
CLG0075,70,9.38,9.11,10,No,9,10,2,Yes,608669.1385475227
CLG0076,64,5.62,5.66,2,Yes,4,2,0,No,415516.860817091
CLG0014,105,7.47,7.51,6,No,7,8,4,No,591280.8756284195
CLG0071,107,7.29,7.66,8,Yes,7,8,5,No,628078.3601210127
CLG0067,130,5.04,4.59,3,Yes,1,10,4,Yes,491899.43577291264
CLG0096,102,7.22,7.14,9,Yes,4,10,0,No,558537.8816112085
CLG0011,112,6.85,6.53,4,Yes,1,9,1,No,534632.5502594705
CLG0002,97,8.35,7.87,5,No,6,3,0,No,590584.423249417
CLG0017,104,9.69,9.34,7,No,9,8,5,Yes,677427.0122910736
CLG0042,125,5.43,5.91,5,Yes,7,8,3,Yes,545733.2433367552
CLG0058,68,6.64,6.35,4,Yes,4,10,3,No,460737.8292829101
CLG0023,106,7.22,7.66,4,No,10,4,1,No,590886.5508131299
CLG0033,132,7.28,6.99,5,Yes,0,5,5,No,613353.1459669335
CLG0086,104,8.87,9.3,3,Yes,6,2,4,No,670229.3766745001
CLG0045,124,7.22,7.37,9,No,2,6,3,No,598714.1261751357
CLG0078,90,5.14,4.75,2,No,1,10,5,No,414749.60350006993
CLG0049,99,8.55,8.63,7,No,5,9,3,Yes,635085.6997557754
CLG0020,100,9.42,9.24,4,Yes,1,3,2,No,664936.122491691
CLG0053,66,7.57,7.45,8,No,9,6,5,No,498848.69007308915
CLG0017,82,7.91,7.85,7,No,7,8,2,No,558935.0001146073
CLG0008,83,5.81,5.73,8,No,2,2,1,No,437587.93316771684
CLG0007,112,6.1,6.26,4,Yes,1,10,3,Yes,545168.6987651903
CLG0037,113,6.18,6.45,2,No,7,1,0,No,552647.5196915072
CLG0100,104,7.15,6.98,7,Yes,5,6,4,No,579175.6677320945
CLG0049,112,9.64,10.06,9,No,3,3,1,No,722821.9863612035
CLG0068,97,7.61,8.05,6,Yes,4,2,0,No,617361.8869405964
CLG0030,118,5.96,5.5,7,No,9,10,0,No,517350.1407625456
CLG0052,100,6.33,5.84,6,Yes,6,8,1,No,485671.48106766347
CLG0054,100,6.92,6.85,2,No,3,9,1,No,536563.8022033087
CLG0052,96,8.12,8.21,9,Yes,10,7,3,No,615968.2705199799
CLG0085,110,7.2,6.98,5,No,6,9,4,No,569559.4181840899
CLG0042,93,6.96,6.72,3,No,5,7,5,No,520419.38244864024
CLG0027,114,7.82,8.0,4,No,4,3,3,No,634361.0080069135
CLG0003,83,6.21,6.31,4,Yes,2,1,5,No,498392.86090364575
CLG0095,83,5.39,5.06,9,No,0,1,5,No,405043.6280148816
CLG0016,110,5.12,5.5,5,Yes,7,5,0,No,484994.47774717055
CLG0077,98,6.26,6.44,2,No,10,9,5,No,510174.3923374656
CLG0071,93,5.46,5.32,6,No,6,10,3,No,453224.6750281018
CLG0075,113,6.68,6.86,7,No,5,6,3,No,560469.2203617885
CLG0098,90,8.86,8.47,8,Yes,3,2,4,No,597554.5801881298
CLG0042,96,8.58,8.55,5,Yes,4,6,2,No,613671.9386111072
CLG0075,120,8.05,7.72,8,No,4,4,4,No,627506.4260960773
CLG0096,123,9.26,8.8,8,Yes,1,9,3,Yes,697413.5208424858
CLG0056,123,6.41,6.25,4,No,5,10,2,Yes,553300.9764289364
CLG0033,95,9.43,9.08,7,No,10,3,5,No,643090.9051808623
CLG0029,118,7.0,7.13,9,No,4,7,0,No,591113.6190073126
CLG0095,85,7.0,7.17,10,No,0,10,4,No,548315.6155783355
CLG0091,86,7.03,6.68,4,No,8,8,1,No,511331.4523959042
CLG0062,64,5.49,5.01,9,Yes,6,2,0,No,382212.4081230826
CLG0066,125,9.88,10.17,4,No,10,10,2,Yes,764666.2688186802
CLG0008,87,5.69,5.19,1,Yes,1,7,0,No,434293.7099581265
CLG0043,98,6.7,6.54,4,Yes,5,5,1,No,522526.1564345168
CLG0047,86,6.6,6.59,2,Yes,0,1,1,No,514133.4823101268
CLG0012,110,5.37,5.69,6,Yes,1,7,4,No,500803.39800788794
CLG0084,94,5.76,6.1,8,No,6,10,5,No,488704.6235601645
CLG0040,80,5.22,5.44,6,No,2,8,4,No,437323.78636010445
CLG0005,106,6.46,6.21,9,Yes,6,1,3,No,516111.65939278994
CLG0056,78,9.33,9.55,6,No,5,4,3,No,655723.2718381188
CLG0057,87,6.7,6.45,7,Yes,4,4,0,No,488600.2569802717
CLG0077,68,5.62,5.33,5,Yes,9,5,1,No,400402.2423532866
CLG0001,78,8.23,8.28,8,Yes,8,5,0,No,577981.2845229448
CLG0033,102,9.98,10.16,2,No,9,4,2,No,721706.4521370314
CLG0060,70,6.16,5.71,2,No,4,1,2,No,427043.54283191194
CLG0073,77,6.4,5.96,8,No,4,9,3,No,450473.0960635415
CLG0034,99,9.86,10.14,6,No,7,5,5,No,692547.7463931947
CLG0072,91,5.89,6.25,2,No,6,1,0,No,488694.8600251943
CLG0033,129,7.56,7.66,6,No,0,3,2,No,655911.8493362527
CLG0100,127,6.2,6.13,8,No,9,1,3,No,552380.7358535724
CLG0056,86,9.66,10.01,6,No,1,7,0,No,671728.868792445
CLG0076,108,9.91,10.14,9,No,3,10,1,No,725726.4337321802
CLG0100,111,9.07,9.15,6,Yes,8,10,2,Yes,685450.2186634222
CLG0083,91,6.57,6.39,3,Yes,6,10,5,No,495593.01265820576
CLG0021,77,7.02,6.72,9,No,1,7,2,No,485536.21076082916
CLG0097,99,6.21,6.13,10,Yes,10,6,1,No,505999.1806549064
CLG0068,97,9.45,9.24,5,No,7,9,3,Yes,646405.7140967558
CLG0004,93,9.57,9.41,6,No,0,7,2,No,663146.6860067149
CLG0049,106,7.09,7.11,4,No,7,5,1,No,577697.9223890624
CLG0011,88,8.28,7.95,3,Yes,4,7,3,No,575860.08205663
CLG0090,82,5.83,6.14,10,No,0,10,4,No,494757.1079128365
CLG0005,101,7.17,6.82,5,No,2,4,3,No,542284.9700686362
CLG0060,105,8.16,8.14,3,No,10,10,2,Yes,615375.4688620977
CLG0030,82,6.93,7.18,2,No,6,9,3,No,531196.1243946006
CLG0066,113,6.79,6.78,6,No,6,6,5,No,564747.4558809338
CLG0088,73,5.0,4.86,8,No,7,4,2,No,392628.47514360043
CLG0016,91,9.02,8.99,3,Yes,10,5,3,No,619597.0444099678
CLG0082,96,9.45,9.8,6,Yes,10,8,4,Yes,684186.2390512782
CLG0076,90,9.85,10.34,9,No,3,7,3,No,701446.4104438766
CLG0090,91,8.6,8.73,1,Yes,5,6,4,No,612722.3245241265
CLG0012,128,7.74,8.03,3,No,6,2,2,Yes,652013.7623360024
CLG0026,87,6.35,5.86,2,No,7,3,3,No,465665.5176582072
CLG0068,136,10.0,10.38,8,Yes,2,1,1,No,779943.2870920218
CLG0027,106,7.95,8.4,9,Yes,4,3,5,No,617039.8079419306
CLG0053,101,8.41,8.49,10,No,7,2,4,No,626813.7080132314
CLG0087,107,8.41,8.66,6,Yes,5,10,0,No,654530.5413214924
CLG0085,137,9.23,9.24,3,No,0,6,4,Yes,732571.3476172381
CLG0048,85,5.05,4.84,10,No,1,4,3,No,409075.89729979733
CLG0037,83,6.1,6.45,8,No,2,10,4,No,472157.46420509025
CLG0098,88,8.33,8.43,10,Yes,6,3,3,No,594877.637038681
CLG0045,100,9.48,9.56,7,Yes,9,8,2,Yes,674571.5338751981
CLG0075,74,8.43,8.59,2,No,2,5,2,No,579450.5603007545
CLG0003,100,7.07,7.43,7,No,8,4,5,No,575085.2197331791
CLG0006,125,6.81,7.04,1,No,8,6,1,No,602868.0772624364
CLG0078,102,8.69,8.4,8,No,10,4,0,No,624622.8919548835
CLG0006,95,8.71,8.68,5,Yes,7,10,5,Yes,622788.297469837
CLG0077,90,8.04,8.52,9,No,8,10,2,Yes,600968.687418116
CLG0029,113,6.46,6.51,3,No,7,5,1,No,556194.3118087588
CLG0033,87,9.63,10.07,7,Yes,8,4,0,No,688303.8577259203
CLG0017,127,7.76,8.07,8,Yes,3,9,1,Yes,670607.7590549905
CLG0057,129,8.95,9.12,1,No,3,2,2,Yes,716593.6817703976
CLG0011,103,6.07,5.92,6,Yes,4,1,5,No,502650.2493952883
CLG0066,99,6.72,6.52,2,No,6,7,0,No,517570.51758166443
CLG0034,115,9.37,9.51,8,Yes,8,9,2,Yes,711146.7176382977
CLG0095,116,5.25,5.18,6,No,3,9,3,Yes,502312.86424119247
CLG0016,87,7.56,7.86,3,No,6,4,5,No,556794.4464762656
CLG0041,92,7.41,7.67,4,Yes,5,4,0,No,566738.1234937245
CLG0037,80,8.76,8.57,7,No,8,1,1,No,601370.3692799793
CLG0022,106,6.41,6.61,9,Yes,8,1,3,No,526784.1502174111
CLG0046,109,6.1,6.09,10,Yes,8,1,1,No,534118.1379433712
CLG0035,79,9.63,9.45,2,No,4,6,2,No,617808.0032071756
CLG0007,93,7.86,7.77,9,No,2,6,2,No,583605.9359850105
CLG0050,79,5.52,5.92,6,No,5,5,3,No,441485.64537268487
CLG0015,86,5.97,5.83,2,No,1,10,3,No,461581.0987954547
CLG0004,108,9.99,9.78,8,No,6,10,0,No,723892.0810511966
CLG0088,88,5.98,5.83,4,Yes,6,2,1,No,478988.5153936407
CLG0013,95,8.05,7.76,8,Yes,1,6,4,No,583614.0977927657
CLG0029,75,7.1,7.14,7,No,5,1,2,No,492271.4641514961
CLG0050,102,9.43,9.08,7,Yes,3,3,4,No,661537.3201716655
CLG0016,99,8.78,9.1,7,No,6,5,4,No,651347.7158249709
CLG0001,89,7.98,7.71,2,No,7,10,3,No,546049.7315544286
CLG0034,97,5.05,5.15,8,No,9,5,1,No,453207.9111953181
CLG0098,102,9.4,9.03,2,No,10,7,4,No,632934.6519874102
CLG0080,87,7.22,7.7,3,No,0,5,1,No,557450.0023743277
CLG0096,77,9.66,9.61,10,No,4,10,3,Yes,642907.6434570021
CLG0033,127,7.48,7.8,7,No,8,6,5,No,642085.3465400509
CLG0015,90,8.47,8.74,7,No,1,7,5,No,623120.6451302494
CLG0081,98,5.35,5.56,7,Yes,3,2,5,No,470501.0535752114
CLG0058,115,8.73,9.06,4,No,7,3,5,Yes,677636.2105465464
CLG0081,152,6.69,6.29,5,No,4,3,4,No,612395.7707103118
CLG0035,81,6.76,6.94,7,No,7,1,4,No,498730.89638785814
CLG0053,106,5.59,5.36,8,Yes,9,9,2,No,500123.974034125
CLG0029,89,5.73,6.02,3,No,9,10,4,No,475618.3626460106
CLG0076,91,5.93,6.39,6,No,0,9,0,No,500478.0245560142
CLG0058,89,6.64,7.04,9,No,6,9,3,No,534168.6418200203
CLG0077,83,9.46,9.07,10,Yes,5,9,0,No,636176.3664674778
CLG0021,99,6.84,6.71,5,No,1,8,5,No,533769.8263567208
CLG0039,77,8.62,8.48,4,Yes,6,5,4,No,576872.826700567
CLG0001,114,5.41,5.03,9,No,2,9,4,Yes,470841.1539860116
CLG0049,100,7.96,7.56,4,Yes,3,7,0,No,554796.9445760564
CLG0077,106,7.41,7.29,3,No,10,2,2,No,581224.0814807321
CLG0043,93,9.89,10.38,7,Yes,5,7,2,No,690619.3657959482
CLG0088,94,9.23,9.3,5,No,2,4,0,No,657892.685497262
CLG0088,104,7.27,7.39,1,No,0,7,0,No,589381.7449151989
CLG0077,82,8.88,8.85,8,No,9,7,3,No,625289.0961071304
CLG0100,94,5.97,6.13,1,No,0,3,2,No,488062.4937235822
CLG0005,87,7.81,8.27,9,Yes,5,3,5,No,585280.346904781
CLG0055,86,5.37,5.46,1,Yes,3,10,1,No,440341.65811616613
CLG0078,68,6.74,6.31,4,Yes,6,10,5,No,461322.385424053
CLG0080,120,6.13,6.12,10,No,8,6,4,No,538814.7975424877
CLG0070,89,8.59,9.08,4,No,7,2,4,No,630237.2763155559
CLG0002,117,7.45,7.34,9,No,2,8,0,No,610356.2100729102
CLG0068,116,8.76,8.85,1,No,6,8,5,Yes,673953.859012341
CLG0063,80,7.58,7.19,10,No,0,4,1,No,531389.0315657564
CLG0080,83,5.43,5.07,9,Yes,1,2,2,No,414461.63882799
CLG0100,138,8.68,9.05,4,Yes,8,9,2,Yes,726081.9633929095
CLG0085,126,9.17,8.97,7,Yes,9,9,2,Yes,684622.1194120571
CLG0081,99,9.52,9.33,9,Yes,7,2,5,No,659545.7373693786
CLG0067,103,7.86,7.75,7,No,6,10,0,No,594749.6520563936
CLG0088,90,8.77,9.24,2,No,10,4,0,No,634861.4609897382
CLG0070,106,8.76,8.34,6,Yes,9,1,4,No,634176.304090276
CLG0083,89,5.78,6.1,6,No,1,6,5,No,484094.03939859197
CLG0098,69,5.82,5.66,3,No,1,1,4,No,426620.7565221188
CLG0086,80,5.35,5.7,4,Yes,6,7,2,No,446416.7401376053
CLG0003,100,6.6,7.09,6,No,6,9,4,No,543656.0127143475
CLG0039,83,7.37,7.22,6,Yes,5,9,4,No,542728.1153140574
CLG0087,98,9.99,9.62,1,No,9,2,2,No,675922.0380548105
CLG0011,83,7.15,6.79,10,Yes,4,8,0,No,518691.2538028858
CLG0096,88,8.63,8.89,8,No,5,3,4,No,625963.2855226846
CLG0030,112,8.47,8.11,9,No,8,5,0,No,622116.1222091252
CLG0050,103,6.02,5.78,2,No,3,4,1,No,477757.2003669168
CLG0100,99,5.29,4.99,4,No,9,6,0,No,461676.10545178346
CLG0067,113,7.73,7.59,6,No,0,7,3,No,603260.9590771446
CLG0048,107,8.5,8.07,2,Yes,8,9,3,Yes,623397.5285504345
CLG0040,121,9.99,10.35,7,Yes,7,10,2,Yes,750075.695995325
CLG0100,93,6.79,7.15,6,Yes,10,5,3,No,550368.9869561951
CLG0016,93,9.48,9.39,8,Yes,1,2,1,No,659922.5153143477
CLG0032,80,6.91,7.02,7,No,3,4,0,No,516326.21495909756
CLG0100,93,8.45,8.59,10,Yes,2,2,0,No,616276.5306692454
CLG0062,114,7.99,8.24,1,No,2,1,5,Yes,623922.3683137804
CLG0086,119,5.26,5.28,10,Yes,5,2,4,No,516237.5531346159
CLG0076,114,5.39,5.4,10,Yes,6,7,4,No,485848.2042216978
CLG0040,73,5.1,5.23,5,No,7,2,4,No,396536.6580606843
CLG0078,116,6.85,7.05,6,Yes,6,4,0,No,587181.9346972588
CLG0071,72,8.73,8.58,7,Yes,8,5,0,No,571245.2631893819
CLG0066,113,5.86,5.69,4,Yes,1,3,5,No,498410.31992515613
CLG0011,94,8.03,7.8,9,Yes,9,4,4,No,578255.2893260287
CLG0074,110,6.44,6.49,1,No,3,10,5,No,540577.7716221248
CLG0006,80,8.98,8.84,3,No,1,3,0,No,596671.6165153903
CLG0009,117,8.99,9.03,10,No,10,8,1,Yes,679753.9609174164
CLG0019,78,8.88,8.79,2,No,2,10,4,Yes,591222.7025673813
CLG0025,89,7.62,7.96,2,No,9,8,3,No,566609.5699429911
CLG0005,85,6.42,5.99,1,Yes,0,3,4,No,478074.12251221377
CLG0005,73,9.05,9.12,3,Yes,7,9,3,Yes,609824.970528838
CLG0054,101,5.93,6.01,10,Yes,4,9,2,No,506825.5161237995
CLG0067,127,6.45,6.33,5,Yes,4,7,3,No,582417.4966571245
CLG0068,140,5.92,5.84,6,No,7,1,5,No,573961.5680779732
CLG0012,101,8.37,8.67,8,Yes,10,10,1,No,636534.5078921677
CLG0090,116,8.43,8.21,4,Yes,8,3,0,No,634783.9410819425
CLG0006,103,8.26,8.63,1,No,8,8,5,Yes,630115.0982026088
CLG0074,107,7.08,7.48,9,No,9,6,5,No,581837.8867749121
CLG0091,94,5.5,5.65,3,No,8,9,1,No,473244.1956012824
CLG0087,102,9.56,9.83,8,Yes,1,10,2,Yes,705811.3817498917
CLG0038,108,7.54,7.65,4,No,6,9,5,No,604281.0811912145
CLG0030,91,7.03,7.06,3,Yes,6,1,1,No,522545.291644833
CLG0037,98,7.94,8.41,3,No,3,6,1,No,616338.5457603557
CLG0025,99,5.96,5.74,4,Yes,4,3,2,No,478789.9454194562
CLG0044,112,5.66,5.31,4,No,5,5,1,No,498164.6738806355
CLG0060,84,7.03,6.82,7,No,6,1,2,No,501371.5360038883
CLG0014,99,6.14,6.25,2,Yes,1,7,0,No,520977.0902510923
CLG0067,128,6.22,5.91,8,No,9,6,4,No,565645.4920304236
CLG0068,117,9.46,9.87,2,Yes,1,10,0,Yes,727006.3976520494
CLG0036,120,7.65,7.56,1,Yes,1,5,0,No,628703.513797495
CLG0025,100,7.42,7.77,8,Yes,4,2,0,No,587970.0744743486
CLG0008,104,8.45,8.2,4,No,5,8,1,No,610323.8815777781
CLG0025,115,9.76,9.57,6,Yes,10,5,0,No,708374.6164889834
CLG0036,123,5.56,5.12,1,Yes,5,2,2,No,512397.61816909997
CLG0030,70,9.17,8.93,3,No,2,4,2,No,573204.782549298
CLG0079,80,7.92,7.91,7,No,3,10,5,No,551221.4640950399
CLG0060,119,5.73,6.18,7,No,6,8,5,Yes,553719.0947099249
CLG0045,95,6.49,6.38,8,No,6,8,2,No,515759.20627963357
CLG0047,89,7.41,7.55,2,Yes,5,3,5,No,564740.7120883918
CLG0050,81,8.46,8.39,7,No,0,10,2,Yes,580845.6638993974
CLG0069,91,6.21,5.76,4,No,9,8,5,No,476221.2768642521
CLG0082,78,7.67,7.67,6,Yes,5,10,0,No,531984.6740774772
CLG0096,131,8.42,7.99,4,Yes,0,9,3,Yes,647769.2382742252
CLG0042,99,7.24,7.62,9,No,10,2,5,No,570588.3980599929
CLG0050,99,9.32,9.57,1,Yes,4,6,4,No,669699.5975093575
CLG0007,108,9.35,9.23,1,No,5,3,3,No,676890.1986387301
CLG0004,114,7.35,7.49,5,No,6,5,1,No,597558.4807417591
CLG0054,114,9.86,9.47,5,No,7,4,0,No,679462.9565261982
CLG0045,116,5.38,5.58,8,Yes,8,8,3,Yes,494327.0575355752
CLG0031,90,5.02,5.34,7,No,5,7,0,No,444823.90883743606
CLG0080,95,6.9,7.22,3,Yes,10,7,2,No,556717.5704609372
CLG0061,111,8.01,7.79,8,Yes,6,1,1,No,602874.8266217142
CLG0045,92,8.15,7.91,4,No,3,6,3,No,597187.0377405315
CLG0003,99,7.38,7.4,3,Yes,9,2,4,No,549738.8922742824
CLG0047,105,5.62,6.09,2,No,6,8,2,No,511400.11153452354
CLG0049,111,5.85,6.27,9,No,9,6,5,No,538989.5794766133
CLG0003,73,9.26,9.12,7,No,0,9,2,Yes,621838.5432027944
CLG0003,110,9.34,9.62,5,No,2,10,5,Yes,690408.6319429696
CLG0093,96,8.37,8.79,9,No,0,1,5,No,625311.4378757118
CLG0083,110,8.32,8.08,3,No,10,8,1,No,628106.7438904642
CLG0004,111,7.99,8.32,6,No,7,2,5,Yes,662809.0705300531
CLG0059,124,6.01,5.78,8,No,2,7,2,No,543813.4353097122
CLG0035,120,7.14,6.98,9,No,6,3,2,No,596712.3533363147
CLG0053,120,8.48,8.18,4,No,1,7,5,Yes,645436.7536993115
CLG0016,121,7.69,7.7,1,Yes,4,1,3,No,615804.9550997181
CLG0051,104,5.09,5.43,8,Yes,2,10,2,No,466501.41386485245
CLG0026,100,9.77,9.8,10,No,9,9,1,No,685551.2492583421
CLG0038,113,9.22,8.84,3,Yes,2,6,5,Yes,676874.1258401608
CLG0068,110,6.3,6.05,6,Yes,4,7,0,No,519021.6613545042
CLG0034,95,8.08,8.14,4,No,7,9,1,No,590234.1188410672
CLG0021,106,9.62,9.7,6,Yes,1,10,1,No,704279.8643875505
CLG0041,99,5.48,5.56,3,Yes,10,1,0,No,471649.70232605434
CLG0059,87,7.52,7.1,7,No,3,8,3,No,529314.0635624577
CLG0089,119,7.28,7.53,2,No,3,7,4,No,615155.4382732755
CLG0003,100,7.05,7.46,5,Yes,10,2,5,No,563136.2030709027
CLG0056,130,9.18,9.19,3,No,4,1,5,Yes,715029.1360884287
CLG0062,75,6.9,7.12,5,No,5,10,4,No,511573.40895044256
CLG0018,91,5.32,5.73,3,Yes,8,1,1,No,455235.5793450312
CLG0089,100,5.33,5.47,9,Yes,4,4,3,No,481135.4233046609
CLG0096,117,5.21,5.38,8,No,9,5,3,No,528965.2991524024
CLG0084,105,7.05,7.27,2,No,7,7,3,No,571383.234232897
CLG0015,104,8.59,8.35,8,Yes,4,8,3,Yes,635230.8625897107
CLG0066,83,6.02,6.1,8,Yes,2,2,1,No,466379.94700971583
CLG0030,82,8.23,8.57,10,Yes,5,9,5,Yes,593753.8825667651
CLG0076,104,8.44,8.24,3,Yes,3,7,2,No,629686.9979877911
CLG0039,79,6.28,6.68,10,No,4,6,5,No,483356.1035905577
CLG0064,92,8.0,8.12,5,No,7,8,4,Yes,591078.3553628821
CLG0057,107,8.42,8.34,2,No,10,2,4,No,615934.9392269665
CLG0063,85,7.33,7.45,10,Yes,10,1,5,No,547397.5919324545
CLG0007,124,6.68,6.58,6,Yes,3,5,0,No,582405.1295073805
CLG0086,118,8.1,8.44,2,No,6,9,1,Yes,667385.5983141802
CLG0072,76,9.89,9.87,4,No,2,7,4,No,641932.0681967566
CLG0087,86,7.13,7.53,3,No,3,7,1,No,555440.4143824851
CLG0023,65,6.96,6.97,1,Yes,7,9,5,No,468392.2580973671
CLG0076,88,7.32,7.48,8,No,7,5,1,No,573337.9111804861
CLG0006,111,5.38,5.88,8,No,8,5,5,No,507853.6012359302
CLG0058,93,7.77,7.42,1,No,3,7,3,No,553882.8597480734
CLG0014,106,6.64,6.88,6,Yes,9,6,0,No,538780.8164232636
CLG0028,77,5.61,5.25,1,No,3,10,1,No,431548.8420195272
CLG0005,111,7.33,7.67,9,No,4,6,5,No,587354.6103943067
CLG0068,91,5.02,5.12,1,No,4,8,4,No,434518.4922493924
CLG0056,100,7.01,7.45,3,Yes,2,4,4,No,584833.1804719648
CLG0025,98,5.53,5.9,9,No,0,2,0,No,494062.4028452633
CLG0027,80,5.12,4.69,1,No,9,3,1,No,398279.6365406756
CLG0060,82,9.12,8.76,2,Yes,0,10,3,Yes,614671.649830832
CLG0004,114,9.58,9.68,4,Yes,7,4,0,No,708401.2971747137
CLG0029,105,6.04,6.06,7,No,3,5,1,No,517815.5313596902
CLG0091,115,7.7,7.37,8,No,10,2,0,No,602236.4407430193
CLG0007,104,6.39,6.02,1,No,9,8,3,No,508369.40199636214
CLG0032,102,7.47,7.53,1,No,10,5,2,No,585522.9576398178
CLG0020,74,7.18,6.73,5,No,1,7,2,No,475573.03845015296
CLG0064,95,6.35,6.72,8,No,5,9,2,No,538061.5604559417
CLG0043,99,8.5,8.81,1,Yes,8,7,3,No,670415.8212618065
CLG0100,129,5.63,5.92,3,No,4,4,3,No,553492.2033352233
CLG0030,110,5.27,4.79,6,Yes,2,3,0,No,450809.7754216864
CLG0060,123,8.84,8.39,1,No,3,8,5,Yes,657601.1773958078
CLG0093,108,8.33,8.38,3,Yes,1,9,4,Yes,625289.0559296388
CLG0028,89,7.49,7.98,1,Yes,6,5,3,No,571719.2674004422
CLG0040,101,7.34,7.18,4,No,3,6,3,No,563205.5907570906
CLG0067,103,7.49,7.33,9,No,3,10,2,No,562526.4425061048
CLG0091,85,7.19,6.82,5,Yes,7,10,2,No,500829.21271621826
CLG0085,94,6.96,7.13,3,Yes,9,6,5,No,541208.0413315895
CLG0037,96,7.5,7.65,10,No,4,3,2,No,582315.8123903628
CLG0099,124,7.64,7.24,7,No,2,4,4,No,591526.8673264495
CLG0059,68,8.46,8.43,6,No,5,9,2,Yes,537097.8694649426
CLG0020,118,8.56,8.73,9,No,7,6,2,Yes,652041.0971979527
CLG0063,85,6.89,6.88,4,Yes,9,5,5,No,511734.0981217178
CLG0073,79,7.07,7.24,4,Yes,0,9,4,No,495573.14690418076
CLG0035,117,6.87,7.19,9,No,8,8,2,Yes,607770.7948228038
CLG0058,110,7.68,7.87,2,No,3,9,0,No,598110.9617751712
CLG0010,118,7.27,7.39,10,No,4,9,0,No,595414.2366016619
CLG0059,112,9.45,9.8,2,Yes,9,4,1,No,718188.6046692717
CLG0021,130,8.48,8.88,9,No,2,8,0,Yes,711433.8476119335
CLG0043,108,9.49,9.38,7,No,8,10,4,Yes,680440.1566926069
CLG0043,97,8.55,8.22,5,No,5,9,2,Yes,594349.560992856
CLG0088,105,9.85,10.17,5,No,0,5,1,No,708775.8675925886
CLG0001,118,8.18,7.89,9,Yes,8,4,3,No,635110.1745664906
CLG0046,88,9.82,10.25,10,Yes,10,10,5,Yes,686287.5943568381
CLG0031,90,5.79,5.31,5,No,4,1,5,No,434548.36421660666
CLG0063,95,5.26,5.68,9,Yes,2,3,3,No,481012.82613548095
CLG0046,68,7.9,7.99,8,Yes,3,10,0,No,528076.1052787371
CLG0023,102,9.92,10.19,6,Yes,4,2,1,No,722150.5648441736
CLG0018,71,7.09,6.99,5,No,0,7,3,No,484667.9486610463
CLG0062,100,6.06,6.55,5,Yes,9,4,3,No,507849.5014521008
CLG0027,112,7.61,7.34,5,Yes,2,9,3,Yes,589234.1945749607
CLG0044,92,8.24,8.0,1,No,6,9,0,No,590462.9121133235
CLG0046,125,6.58,6.13,5,Yes,8,2,0,No,559379.5393985511
CLG0061,78,8.57,9.01,3,No,5,3,1,No,602175.6411747257
CLG0012,117,9.88,9.84,6,No,3,8,0,Yes,709930.2618428527
CLG0099,110,9.48,9.65,9,No,3,10,0,No,701808.2983908898
CLG0016,74,6.46,6.65,3,Yes,8,3,4,No,482689.56776421546
CLG0021,140,6.63,7.0,1,No,0,4,0,No,622150.5930004226
CLG0091,99,6.86,7.02,8,No,5,3,1,No,559032.4953909029
CLG0100,86,6.97,7.03,9,Yes,3,2,0,No,519130.0829491916
CLG0064,78,5.5,5.71,10,Yes,2,1,5,No,439527.8327680506
CLG0013,96,8.81,9.06,4,No,10,3,5,No,639596.0338768564
CLG0050,98,6.83,6.52,10,No,0,9,0,No,528389.3852076584
CLG0008,101,9.4,9.01,5,Yes,4,8,4,Yes,653966.749591015
CLG0056,95,9.63,9.2,3,Yes,3,9,5,Yes,661103.3713246101
CLG0056,109,5.12,4.99,8,No,9,10,1,No,486486.5262007019
CLG0008,94,9.94,9.94,3,No,3,5,5,No,678628.7508055939
CLG0080,70,8.55,8.67,4,No,7,5,3,No,577126.7426733094
CLG0087,97,7.6,8.06,10,No,10,8,4,Yes,604288.9240788855
CLG0045,64,6.95,6.78,7,No,10,5,0,No,482903.2661002341
CLG0098,105,7.59,7.85,2,No,1,4,2,No,617397.3668221061
CLG0024,85,6.62,6.65,1,No,10,9,4,No,500674.8844832642
CLG0021,102,8.11,7.83,4,Yes,9,1,4,No,588125.8617412007
CLG0013,119,5.46,5.58,8,Yes,10,6,1,No,520546.4834182785
CLG0050,85,8.11,8.58,1,No,9,7,3,No,581494.3023834672
CLG0051,115,6.38,6.0,10,No,3,6,3,No,518909.8040804386
CLG0004,93,5.09,5.1,3,No,10,10,3,No,432897.57854899333
CLG0093,126,7.76,7.31,4,No,0,8,4,Yes,602590.127741269
CLG0060,94,7.89,7.71,4,No,1,8,2,No,545278.0639433683
CLG0068,87,7.13,7.25,3,No,9,5,1,No,529244.1668174348
CLG0021,110,5.36,5.7,3,No,9,4,2,No,493056.66310953174
CLG0034,93,9.47,9.7,7,Yes,2,7,3,No,679098.4434716427
CLG0073,87,8.06,8.02,8,Yes,0,9,4,Yes,572584.0392137606
CLG0025,92,5.58,5.99,10,Yes,1,2,3,No,509833.26352161955
CLG0085,99,7.55,7.35,4,No,6,7,2,No,584592.5962988691
CLG0004,120,7.49,7.74,8,No,9,6,3,No,624020.6844430796
CLG0064,70,5.3,5.27,8,Yes,9,3,0,No,397008.27137543197
CLG0080,100,8.03,8.43,6,No,5,2,1,No,625308.1919408552
CLG0025,109,9.04,9.34,1,No,1,1,2,No,689766.6510689413
CLG0040,102,8.75,9.15,7,Yes,0,2,0,No,666518.4749237158
CLG0007,119,6.01,5.72,7,Yes,9,5,3,No,527297.6716643086
CLG0045,98,9.31,9.48,5,Yes,8,1,1,No,676944.8346921749
CLG0005,97,6.71,6.95,6,No,0,8,1,No,543786.4493972295
CLG0040,108,9.73,9.97,9,Yes,9,4,1,No,710058.6035266818
CLG0021,101,5.36,5.36,3,No,4,3,4,No,469472.68420946796
CLG0034,94,7.43,6.94,4,No,8,10,1,No,540536.6260601667
CLG0048,107,7.99,7.75,9,No,8,2,0,No,595387.1207207083
CLG0022,90,6.24,6.06,10,Yes,5,1,2,No,478746.3934273716
CLG0091,90,8.86,9.21,2,Yes,2,8,0,No,650522.1406219815
CLG0061,92,8.13,8.47,9,No,1,9,3,Yes,610604.4645574947
CLG0074,120,5.09,4.69,5,No,2,3,4,No,466181.3070454147
CLG0079,51,8.04,8.49,3,No,0,3,4,No,524166.5272998445
CLG0003,105,7.46,7.14,8,No,2,9,3,No,560601.7071647774
CLG0077,100,5.98,5.89,9,No,1,7,2,No,510893.2108277255
CLG0090,74,9.98,9.7,1,Yes,7,9,4,Yes,639741.8919702336
CLG0056,104,9.49,9.85,5,No,9,2,3,No,690145.5137121045
CLG0065,107,6.46,6.71,9,No,6,7,3,No,529327.4704565632
CLG0073,108,7.71,7.56,2,Yes,0,8,3,No,595762.013286605
CLG0039,60,6.58,6.76,1,Yes,0,4,3,No,460984.1200557546
CLG0026,120,8.88,8.56,8,Yes,4,10,1,Yes,673402.914194782
CLG0018,88,9.65,9.53,6,No,3,4,2,No,644991.1663897994
CLG0072,110,6.79,6.67,2,Yes,7,2,5,No,545959.2250379208
CLG0015,111,9.03,8.77,3,No,7,2,3,Yes,668809.1588632123
CLG0046,86,7.49,7.87,5,Yes,2,4,1,No,556861.930876806
CLG0022,109,6.98,7.16,1,Yes,4,4,1,No,582011.1421900075
CLG0038,94,9.69,9.47,2,No,6,5,0,No,653444.0486153624
CLG0046,68,7.55,7.29,1,No,7,10,5,No,493796.9742124407
CLG0004,117,7.34,6.86,7,No,2,10,3,Yes,589103.7144527793
CLG0021,88,8.36,8.21,7,Yes,7,10,1,No,585219.0957728772
CLG0080,87,6.31,6.34,10,Yes,9,9,5,No,486537.99820816476
CLG0046,93,6.62,6.4,5,Yes,8,9,0,No,513726.9681004812
CLG0089,104,9.66,9.86,10,No,2,7,0,No,692522.8293077322
CLG0023,99,8.39,8.3,6,No,1,6,3,No,614661.1571993484
CLG0017,108,9.13,8.95,3,Yes,1,10,4,Yes,669256.4801861774
CLG0096,79,6.36,6.8,2,Yes,4,5,1,No,498198.38909947476
CLG0066,88,7.72,7.48,10,No,9,4,4,No,548355.7782781606
CLG0001,98,9.86,9.76,9,No,0,2,0,No,675129.1404437809
CLG0073,128,6.59,6.47,2,Yes,5,4,4,No,581845.7963623054
CLG0090,98,5.8,5.54,1,No,6,7,4,No,456799.12096880446
CLG0049,116,7.55,7.27,9,No,4,1,3,No,584063.9094840494
CLG0035,100,6.94,6.74,8,Yes,10,3,0,No,541628.100785705
CLG0060,92,5.8,6.16,8,No,7,4,2,No,476843.0850106719
CLG0006,96,9.44,9.71,7,No,5,7,1,No,691168.8128895957
CLG0041,97,9.95,10.13,9,No,0,3,3,No,693106.18340876
CLG0073,109,7.84,7.8,3,No,8,4,3,No,627270.5078702441
CLG0084,120,8.87,8.88,8,No,4,1,2,Yes,672985.2959987178
CLG0049,105,9.3,9.07,1,No,4,1,3,No,673577.8464735711
CLG0026,117,8.5,8.07,1,No,0,10,0,Yes,641153.8917346168
CLG0034,85,5.22,5.05,6,No,4,3,3,No,414727.87485470047
CLG0074,93,5.79,5.79,8,No,2,7,3,No,485567.1907348722
CLG0094,89,5.35,4.91,8,Yes,9,6,2,No,409937.74065973517
CLG0004,104,5.05,4.64,10,Yes,2,5,1,No,438869.98182370287
CLG0098,94,6.53,6.29,1,No,10,8,5,No,494228.5616574845
CLG0009,110,6.96,6.83,1,No,9,8,1,No,553005.2021943815
CLG0069,86,6.21,6.1,9,No,7,4,4,No,476458.94776780374
CLG0009,100,5.32,4.94,9,Yes,8,10,0,No,456598.27487705444
CLG0025,110,7.65,7.38,7,No,5,6,2,No,605690.4814774401
CLG0040,69,6.37,6.13,1,Yes,2,1,1,No,463355.32643632917
CLG0067,131,8.98,8.55,10,No,7,10,2,Yes,689393.7058955823
CLG0025,95,5.04,4.87,2,No,2,10,5,No,418751.10658379673
CLG0051,69,9.21,8.78,8,No,6,9,4,Yes,595316.6243467693
CLG0018,102,9.77,9.97,8,No,1,5,1,No,688332.5659344326
CLG0059,100,8.58,8.47,5,Yes,5,8,2,Yes,616333.7000864792
CLG0075,98,8.67,8.5,2,No,7,10,5,Yes,623604.4254020872
CLG0087,114,9.67,9.3,3,Yes,2,10,0,Yes,675307.8522062409
CLG0059,111,6.05,5.78,5,Yes,8,1,0,No,507732.2377887375
CLG0034,104,9.97,9.7,3,No,10,4,4,No,703671.9910111737
CLG0053,106,8.87,9.36,10,Yes,8,2,1,No,676452.4839330892
CLG0098,98,8.63,8.97,1,No,2,2,1,No,635088.205304006
CLG0047,126,6.81,6.33,6,No,2,2,0,No,548103.0033005188
CLG0024,77,7.73,7.85,5,Yes,4,2,5,No,547120.4932222802
CLG0061,102,8.27,8.03,3,No,8,8,4,Yes,611075.6003793468
CLG0057,100,8.1,7.7,9,No,0,6,3,No,583486.3616119782
CLG0066,112,8.52,8.73,10,Yes,0,9,0,Yes,650587.1291325616
CLG0077,87,5.41,5.04,8,Yes,0,2,0,No,422734.834874779
CLG0020,73,6.78,6.72,7,No,3,1,2,No,476841.8939429225
CLG0071,102,7.17,7.3,2,Yes,6,8,4,No,559330.5691100067
CLG0073,104,6.3,6.35,10,No,10,10,3,No,537460.358323712
CLG0034,122,5.86,6.34,5,No,1,3,5,No,571925.9560445033
CLG0054,80,5.69,5.98,5,Yes,2,3,4,No,458464.528501398
CLG0065,117,6.83,7.1,6,No,3,8,4,Yes,582292.2683354043
CLG0072,135,7.47,7.33,6,No,0,5,0,No,651216.6442367125
CLG0051,94,5.31,4.82,3,No,1,8,0,No,426946.24201593053
CLG0041,80,9.73,9.96,4,No,1,2,0,No,675473.5049830811
CLG0001,93,8.83,9.33,1,No,10,10,2,Yes,647699.8284934609
CLG0025,100,8.65,8.56,1,No,5,9,3,Yes,617218.0637235681
CLG0093,108,5.86,6.35,5,No,3,2,5,No,535178.4152155069
CLG0052,91,8.02,7.66,4,Yes,6,9,5,No,555937.8817469387
CLG0081,123,7.65,7.45,7,No,10,10,3,Yes,601723.6139851368
CLG0071,83,9.91,9.58,7,No,7,6,4,No,665991.3367668289
CLG0099,73,8.74,8.72,4,Yes,1,5,5,No,584993.3892819728
CLG0016,116,7.88,8.18,10,Yes,1,7,5,Yes,617199.2810633247
CLG0021,65,9.25,9.09,2,No,4,7,5,No,592329.7394668995
CLG0002,96,5.78,6.19,10,No,3,4,0,No,500247.7542890201
CLG0090,146,5.08,5.12,4,No,9,7,5,No,559939.4019125281
CLG0069,99,8.45,8.42,8,Yes,1,3,4,No,625975.3684835878
CLG0005,83,5.49,5.78,2,No,8,3,0,No,439039.6039180393
CLG0073,99,5.58,5.18,5,Yes,8,7,4,No,440381.5469082081
CLG0053,99,8.72,8.99,7,Yes,9,1,4,No,653841.3323089277
CLG0018,102,6.35,6.09,10,Yes,3,8,2,No,523355.2807069077
CLG0019,109,8.14,7.92,6,Yes,1,2,5,No,632280.050890814
CLG0063,84,9.59,9.69,9,No,2,1,2,No,643545.5834173933
CLG0006,125,6.58,6.98,2,Yes,7,6,5,No,584573.497535212
CLG0063,103,6.09,6.17,4,Yes,10,4,4,No,516466.3661799279
CLG0027,110,5.53,5.68,7,Yes,7,7,0,No,507601.0501412901
CLG0054,90,5.65,5.93,8,No,6,3,4,No,473609.9225992964
CLG0031,119,5.31,5.07,5,No,3,2,0,No,497379.250494601
CLG0064,96,5.44,5.77,5,No,0,4,1,No,479744.97031968716
CLG0021,104,7.16,7.08,4,No,9,4,3,No,581922.8993357961
CLG0014,86,6.6,6.28,9,No,8,4,4,No,489419.6703179632
CLG0080,85,8.53,8.38,10,No,6,3,1,No,578363.8251189908
CLG0002,110,9.35,9.1,4,Yes,0,7,4,No,673392.7551260667
CLG0018,93,8.92,8.65,3,No,4,5,2,No,612473.6198576104
CLG0018,87,7.65,7.43,9,No,2,4,3,No,532658.964751872
CLG0035,90,5.51,5.19,7,Yes,1,5,4,No,444053.3577317882
CLG0078,110,8.55,8.72,9,No,2,7,5,No,645853.4847508114
CLG0082,90,6.81,6.89,4,No,5,4,2,No,521047.38445308903
CLG0083,98,5.43,5.58,3,No,6,10,2,No,482573.8746044119
CLG0025,100,9.21,9.05,10,No,9,5,1,No,635874.8192442782
CLG0099,71,6.69,6.96,8,No,8,6,5,No,486818.7390038817
CLG0007,77,6.09,5.72,4,No,9,6,2,No,432109.52385090955
CLG0003,105,9.36,9.43,10,Yes,10,7,5,No,681533.0201385302
CLG0057,88,9.51,9.29,3,No,6,10,1,No,624084.5749115269
CLG0076,115,6.69,6.72,4,No,0,3,0,No,586697.5645299344
CLG0054,114,6.77,6.59,2,Yes,6,8,0,No,552031.3821962053
CLG0016,110,7.9,8.19,4,No,0,5,0,No,632408.4655231489
CLG0020,127,8.67,9.06,7,No,7,1,0,No,706872.1961437997
CLG0005,98,5.32,5.56,3,No,1,4,4,No,462816.466092352
CLG0061,109,7.97,7.65,1,No,1,4,5,No,604504.4126084397
CLG0031,91,9.76,9.53,10,No,0,8,1,No,662164.1024934176
CLG0024,136,6.31,6.73,8,No,8,10,0,No,612684.3611010609
CLG0063,129,9.54,9.48,6,No,10,9,2,Yes,722598.2506401459
CLG0045,100,9.75,10.19,3,Yes,7,3,5,No,707241.2993551092
CLG0044,105,6.35,6.24,8,No,8,10,1,No,523325.14793963806
CLG0088,120,8.77,9.22,6,No,7,1,5,Yes,693907.6758612422
CLG0080,97,6.19,6.62,1,No,3,8,5,No,521087.66464483447
CLG0039,90,8.69,8.85,9,No,8,9,5,Yes,622117.8876203496
CLG0028,113,8.99,8.5,9,Yes,7,4,4,Yes,655866.4413803263
CLG0005,101,6.24,6.14,9,No,0,5,0,No,520568.6942210343
CLG0077,102,8.58,8.99,6,No,9,4,1,No,645017.4230510339
CLG0015,87,9.06,9.45,6,Yes,4,4,3,No,641913.8374321613
CLG0049,74,6.79,6.48,4,Yes,8,3,0,No,470983.5338698717
CLG0004,103,5.84,5.74,8,No,7,10,1,No,469507.869965236
CLG0014,113,5.46,5.8,9,Yes,0,4,0,No,513882.4538641176
CLG0091,96,7.88,7.96,7,No,5,9,3,No,592899.3774553457
CLG0010,121,9.89,10.24,7,Yes,10,7,2,Yes,751881.1387618257
CLG0087,89,9.11,9.44,2,No,5,6,2,No,642724.9259872232
CLG0092,84,7.18,7.59,2,Yes,1,9,3,No,562054.9777702942
CLG0044,98,7.68,7.3,10,Yes,10,2,1,No,577052.5825776178
CLG0077,98,6.4,6.05,2,Yes,1,4,4,No,498271.53746152826
CLG0036,111,5.82,5.4,4,No,0,9,0,No,492848.02711643436
CLG0059,88,7.41,7.85,9,No,5,8,4,No,563109.2948019264
CLG0032,120,7.32,7.3,5,No,8,1,0,No,615615.385428003
CLG0065,129,7.61,7.17,2,No,7,9,4,Yes,603933.7673678761
CLG0064,99,9.76,9.58,4,No,4,10,0,No,684120.0049433067
CLG0004,118,8.02,7.87,7,No,7,2,2,No,622161.3111763521
CLG0001,84,8.03,8.34,5,Yes,1,1,0,No,577897.6927995214
CLG0082,116,5.64,5.88,8,No,10,2,0,No,514168.1607914435
CLG0077,115,9.98,10.17,1,Yes,5,10,3,Yes,745410.3266044582
CLG0089,112,8.86,8.38,5,Yes,1,6,3,Yes,634892.6265320757
CLG0021,99,9.39,9.8,4,Yes,7,2,0,No,703768.8877213035
CLG0079,55,7.07,6.79,3,Yes,1,1,0,No,443621.0765459667
CLG0041,90,7.51,7.64,7,No,4,5,1,No,580868.392789239
CLG0041,90,7.61,7.17,10,No,6,2,2,No,534448.9349218981
CLG0010,85,5.97,5.55,1,No,6,4,0,No,426232.15540894447
CLG0099,101,8.45,7.96,6,No,3,8,0,No,588942.7478609935
CLG0004,93,9.51,9.58,8,No,7,10,2,Yes,670953.5321432685
CLG0069,87,5.82,5.95,2,Yes,6,6,1,No,483232.86571522173
CLG0044,84,5.43,4.98,6,No,9,8,5,No,406099.2680309788
CLG0059,89,8.69,8.48,1,Yes,4,5,3,No,596644.1599900959
CLG0038,116,6.37,6.72,6,No,3,2,3,No,558590.1061255727
CLG0024,90,8.12,7.72,6,No,1,1,2,No,559201.8898331199
CLG0024,92,8.48,8.2,5,Yes,1,8,0,No,581128.4990607547
CLG0019,93,6.61,6.53,7,Yes,3,1,5,No,514881.4999237801
CLG0084,105,9.08,9.42,5,No,7,10,3,Yes,686880.3929883509
CLG0092,106,7.75,7.5,8,No,10,9,0,No,602016.9512164067
CLG0043,54,9.34,9.84,2,No,5,4,4,No,603068.5377469469
CLG0075,115,8.82,8.68,6,No,8,6,0,No,666070.9856400883
CLG0087,121,9.34,9.23,5,No,1,6,3,Yes,721093.361499368
CLG0079,84,5.1,4.72,10,No,6,3,0,No,408187.5791580494
CLG0085,85,6.22,6.4,2,Yes,0,1,5,No,483622.39862608374
CLG0100,93,5.45,5.19,7,No,1,6,0,No,432771.6592231041
CLG0013,88,7.21,7.34,4,Yes,10,10,5,No,556795.2289479575
CLG0032,103,9.45,9.17,6,No,8,5,1,No,655768.4113735466
CLG0010,70,7.34,7.23,5,No,7,4,1,No,493898.4413968294
CLG0059,83,9.25,9.61,4,No,8,9,5,Yes,653791.1752040101
CLG0046,123,6.64,6.88,2,Yes,6,4,0,No,586844.2351664082
CLG0032,86,6.7,6.35,7,No,9,1,2,No,480874.35584315204
CLG0049,118,9.48,9.59,5,Yes,10,10,2,Yes,715949.4062501963
CLG0084,105,7.13,7.26,3,No,8,6,2,No,563694.0252221363
CLG0039,72,8.95,8.54,6,No,3,7,2,No,543962.4868986278
CLG0051,109,6.18,6.15,8,No,2,1,3,No,506982.1517298315
CLG0016,98,9.74,9.5,10,Yes,3,9,2,Yes,668056.471137836
CLG0039,93,7.87,7.84,10,No,4,10,3,No,587643.1137573329
CLG0060,103,8.8,9.08,2,Yes,9,2,2,No,669738.924012913
CLG0005,107,5.45,5.11,10,Yes,3,7,5,No,481713.23759877647
CLG0081,110,7.46,7.08,4,No,3,8,0,No,579818.1085444877
CLG0100,117,9.51,9.28,3,Yes,6,8,5,Yes,703340.2631206963
CLG0064,106,9.39,9.84,7,Yes,3,1,2,No,684503.8582658413
CLG0048,79,5.23,5.48,10,Yes,3,10,0,No,446711.3130810629
CLG0026,92,6.52,6.04,8,No,8,1,5,No,501216.3165641371
CLG0051,144,7.22,7.12,8,No,8,10,0,No,642856.5456262301
CLG0068,110,5.86,5.62,4,Yes,4,4,5,No,521792.5264257906
CLG0026,135,8.65,8.79,10,Yes,8,2,1,No,723224.5917522322
CLG0020,120,5.92,5.88,2,No,10,10,5,Yes,525667.1008621998
CLG0077,103,6.73,7.19,6,No,1,4,5,No,581415.9823482784
CLG0071,104,8.32,8.04,3,Yes,4,6,4,No,613385.7989407944
CLG0024,99,7.41,7.5,8,No,10,3,5,No,557564.9874248992
CLG0067,73,8.69,8.89,3,No,6,10,4,Yes,575056.925816086
CLG0067,100,9.81,10.14,2,No,7,3,5,No,702944.2503254736
CLG0050,118,5.58,5.49,9,Yes,4,1,0,No,509985.5043367457
CLG0016,91,8.55,8.74,9,No,8,5,5,No,626126.4802384019
CLG0095,106,6.15,5.95,9,Yes,10,7,4,No,492685.42591317196
CLG0033,112,7.07,7.01,3,Yes,2,6,4,No,588019.9491450419
CLG0078,86,5.16,5.56,2,Yes,7,4,2,No,450755.74184422847
CLG0050,93,5.68,6.13,4,No,10,6,4,No,488450.66751577385
CLG0089,84,6.6,6.82,2,No,8,3,4,No,502699.6418544579
CLG0002,87,6.71,6.58,8,No,6,3,4,No,495951.89965691103
CLG0059,80,9.5,9.82,10,No,4,7,5,No,654968.5914716609
CLG0041,86,8.71,8.24,1,No,8,9,1,No,580706.775025734
CLG0077,121,9.86,9.46,2,No,10,1,4,Yes,710799.0005040619
CLG0063,86,8.0,8.16,6,Yes,7,4,2,No,580525.6905157036
CLG0082,101,6.21,6.0,9,Yes,7,10,3,No,482813.93705486483
CLG0062,92,6.64,7.09,10,Yes,5,5,1,No,542847.5967024055
CLG0084,117,6.6,6.54,5,Yes,1,2,2,No,565659.1766717896
CLG0002,119,6.63,6.56,5,No,3,10,0,No,574622.0499929652
CLG0007,112,8.36,8.54,3,No,0,3,2,Yes,656605.7370448122
CLG0077,104,7.65,7.92,8,No,9,5,3,No,603279.2810061246
CLG0008,96,6.93,6.91,6,No,4,8,1,No,549268.6572848035
CLG0003,82,5.75,5.46,10,No,9,3,3,No,437668.87925627775
CLG0014,129,5.11,5.38,2,No,0,3,5,No,540161.3675133165
CLG0087,88,6.09,5.91,5,Yes,5,6,0,No,477713.7062809866
CLG0072,109,5.54,5.22,4,Yes,9,8,0,No,491585.4669616137
CLG0033,115,8.93,9.06,10,Yes,7,1,5,Yes,657944.5222644827
CLG0027,91,5.56,5.15,9,No,9,7,0,No,438880.6779748181
CLG0011,115,8.62,9.09,4,No,0,7,5,Yes,688593.7674768908
CLG0097,111,6.93,7.06,8,No,5,3,5,No,581806.8604956127
CLG0011,125,5.37,5.86,1,No,3,3,5,No,563087.8201413475
CLG0018,92,9.06,8.9,5,No,8,9,2,Yes,629947.2585608428
CLG0092,80,7.9,8.37,9,Yes,7,10,2,Yes,568004.919167124
CLG0090,92,6.18,5.83,3,No,3,1,4,No,471696.62942962546
CLG0094,103,9.47,9.01,6,No,10,1,0,No,680401.2623757726
CLG0074,100,5.23,4.76,10,Yes,10,2,3,No,429568.8490681559
CLG0042,94,6.01,5.97,6,Yes,1,6,0,No,495103.8155061262
CLG0003,71,8.76,8.34,6,No,5,8,1,No,566422.3104586205
CLG0032,107,8.55,8.56,4,Yes,2,10,2,Yes,632823.2967056266
CLG0036,129,6.45,6.28,7,No,0,1,0,No,572241.6940620707
CLG0010,106,5.31,5.15,3,No,10,1,4,No,481100.2972944419
CLG0085,109,9.29,9.43,6,Yes,6,2,0,No,702825.4662527979
CLG0055,108,6.57,6.23,10,No,3,7,4,No,518059.5106913646
CLG0071,105,5.98,6.25,5,No,8,4,2,No,516943.6369397231
CLG0025,113,7.58,7.66,3,Yes,9,1,2,No,604094.260973415
CLG0062,105,9.55,9.96,2,No,9,8,4,Yes,719305.9879136889
CLG0034,95,5.22,5.08,1,No,10,4,5,No,438441.2478706403
CLG0025,88,8.83,9.31,8,No,10,7,1,No,651241.2672475737
CLG0073,96,7.86,7.94,1,No,10,8,5,No,568128.9065251899
CLG0008,104,7.13,7.6,5,Yes,2,1,5,No,593375.276940271
CLG0053,95,8.72,8.25,5,No,9,2,2,No,595755.960067154
CLG0099,104,9.83,10.06,1,Yes,9,2,4,No,710611.7371494843
CLG0092,106,6.15,6.47,9,Yes,9,5,2,No,553580.1050624527
CLG0010,112,5.72,5.27,5,No,0,5,0,No,510843.02953578846
CLG0078,119,9.56,9.64,9,Yes,1,6,3,Yes,716707.2671438408
CLG0093,101,8.34,8.64,6,Yes,3,2,1,No,648860.7572599677
CLG0001,80,7.19,7.25,7,No,10,8,3,No,529532.1213590186
CLG0058,94,7.87,7.43,7,No,6,1,1,No,560589.1233424117
CLG0019,100,8.73,8.92,2,Yes,7,9,0,No,637342.995576506
CLG0078,72,8.87,8.43,5,No,3,5,4,No,566521.7737018191
CLG0020,120,9.6,9.92,2,Yes,2,10,5,Yes,720907.9267299268
CLG0048,102,7.13,6.67,4,No,9,8,4,No,533664.283519406
CLG0100,105,6.47,6.11,3,No,8,8,4,No,521786.80639209313
CLG0072,120,8.2,7.98,6,No,7,2,0,No,629804.459565852
CLG0058,90,7.08,7.21,5,No,5,9,5,No,540779.1202748058
CLG0038,108,7.97,8.45,1,Yes,8,6,3,No,648160.2118792938
CLG0042,98,7.1,6.72,2,Yes,7,3,2,No,546718.00055057
CLG0088,97,5.76,5.4,7,No,6,1,5,No,466270.1352842118
CLG0007,88,7.35,7.22,9,No,5,9,5,No,555933.7509294073
CLG0069,124,8.45,8.79,1,No,9,3,4,Yes,699086.9142486675
CLG0078,94,9.0,8.97,4,No,2,1,2,No,640624.1163883727
CLG0073,110,7.47,7.29,3,Yes,10,5,3,No,604227.6874392192
CLG0020,71,5.83,5.89,5,No,5,8,2,No,422848.763300609
CLG0052,117,7.07,6.83,5,No,3,7,2,No,572868.258585064
CLG0026,115,8.93,8.83,10,Yes,4,5,5,Yes,668654.9592676506
CLG0089,101,7.06,6.89,10,No,6,2,2,No,556087.1165847852
CLG0084,96,8.48,8.78,2,No,6,2,0,No,626165.7715900014
CLG0056,106,7.54,7.96,5,No,8,3,3,No,603589.6498450105
CLG0070,134,6.21,6.47,4,No,8,6,2,No,603659.2782197214
CLG0071,73,8.98,8.92,1,No,5,4,4,No,593119.0708412875
CLG0100,111,5.42,5.42,1,No,5,9,4,Yes,480985.30228658277
CLG0062,86,7.62,7.25,1,Yes,1,3,5,No,529400.1337005445
CLG0062,99,6.04,6.29,8,No,7,6,3,No,530381.117572944
CLG0036,96,5.34,5.44,3,No,2,4,5,No,456827.34295794583
CLG0020,93,7.51,7.91,9,No,0,1,0,No,566524.8109230106
CLG0018,99,7.5,7.2,10,Yes,3,1,2,No,553456.3123719062
CLG0072,82,8.53,8.79,2,No,4,8,0,No,609505.4479036941
CLG0027,115,8.72,8.9,9,No,2,3,3,Yes,651554.8446151847
CLG0005,73,8.64,8.41,9,No,6,2,1,No,561635.9378403584
CLG0095,108,7.05,7.22,4,Yes,10,1,4,No,578942.1573182818
CLG0046,95,8.16,8.58,4,No,4,8,2,Yes,618173.5403024298
CLG0041,82,7.88,8.3,4,No,10,9,2,Yes,581836.1601114359
CLG0085,103,7.11,7.33,1,No,9,1,3,No,574550.7908627477
CLG0052,76,7.99,7.54,5,Yes,4,8,3,No,515513.002453445
CLG0003,100,9.74,10.11,6,No,5,1,5,No,688050.1407839025
CLG0058,78,5.96,6.12,4,No,10,10,5,No,462937.8806941338
CLG0090,106,9.53,9.34,8,Yes,10,2,5,No,676811.6183038384
CLG0081,86,5.27,4.96,3,Yes,5,1,0,No,425528.7920407132
CLG0094,93,6.54,6.16,9,No,8,2,5,No,483157.7669036986
CLG0087,104,6.44,5.99,7,No,2,2,4,No,510996.5666189235
CLG0025,88,8.13,8.38,8,Yes,7,5,0,No,602322.0688312759
CLG0068,99,5.66,5.4,7,No,10,10,3,No,483455.83450218075
CLG0041,77,9.41,8.93,9,No,6,3,4,No,596488.8297697402
CLG0075,109,9.14,9.04,2,No,8,1,3,No,654735.2971904811
CLG0062,126,8.26,8.24,4,No,4,10,5,Yes,648726.4643844821
CLG0041,141,7.29,6.96,2,No,6,2,0,No,641892.6754190669
CLG0082,101,9.66,9.2,8,No,7,4,5,No,673167.1001727222
CLG0033,111,9.15,8.84,2,No,8,7,0,No,655671.1484676593
CLG0100,73,7.5,7.68,8,No,7,1,0,No,537729.138542435
CLG0038,122,8.51,8.09,6,No,1,5,1,No,666210.8235492615
CLG0018,111,7.83,7.89,7,No,10,2,0,No,615120.4363388404
CLG0054,92,7.94,7.59,6,No,5,8,2,No,570155.1542616546
CLG0049,118,6.65,6.35,9,No,3,2,0,No,556337.5588241448
CLG0061,96,7.31,7.2,4,Yes,3,4,5,No,546154.0642077782
CLG0016,93,5.39,4.99,1,Yes,8,6,3,No,440668.93078332185
CLG0086,107,6.79,6.46,9,No,6,9,5,No,523373.4701036913
CLG0085,84,8.48,8.33,10,Yes,5,10,0,No,580824.559022785
CLG0044,115,9.77,9.6,8,Yes,1,4,3,Yes,703837.1720500297
CLG0031,84,9.82,10.07,1,No,0,4,3,No,678096.0057733404
CLG0095,84,7.78,7.35,10,No,9,7,5,No,540477.0240306687
CLG0027,86,8.03,8.39,6,No,3,1,4,No,602198.6003607609
CLG0041,111,5.93,6.25,10,No,8,5,1,No,516939.69579154835
CLG0003,90,8.48,8.75,4,No,3,5,3,No,632007.3096004815
CLG0095,79,5.35,5.16,2,No,1,1,3,No,425257.6228467863
CLG0034,90,6.42,6.74,3,No,7,6,2,No,505856.551101239
CLG0090,99,8.34,8.02,9,Yes,5,9,0,No,598973.4556772296
CLG0088,82,6.55,6.17,5,No,0,7,1,No,462797.56558690674
CLG0010,82,5.25,4.79,7,No,3,2,1,No,393277.1593749147
CLG0057,131,9.16,9.6,2,Yes,9,4,5,Yes,730601.2619513192
CLG0029,87,6.55,6.36,8,No,4,8,4,No,488756.76638882124
CLG0038,95,5.32,5.74,3,No,0,1,3,No,464225.01267818874
CLG0077,94,5.37,5.14,1,Yes,1,6,3,No,447841.0482139546
CLG0006,93,6.26,6.67,8,Yes,8,3,2,No,515587.5790207501
CLG0014,109,5.89,6.29,9,No,0,3,1,No,537888.995667591
CLG0094,114,8.87,9.29,8,Yes,10,1,0,No,697898.9917203088
CLG0004,95,6.61,6.61,1,No,7,8,4,No,520061.9563117766
CLG0045,81,9.02,9.39,7,Yes,10,5,4,No,633011.54924626
CLG0092,119,5.87,6.32,7,No,8,1,4,No,557145.0514309318
CLG0039,98,7.46,7.28,4,Yes,1,5,4,No,559189.4652381026
CLG0074,125,8.44,8.36,8,Yes,1,5,5,Yes,684009.8501900343
CLG0054,66,8.26,8.48,5,Yes,6,9,1,No,564153.0065826515
CLG0026,102,8.01,7.81,4,Yes,9,10,3,No,598637.3351700186
CLG0098,128,9.62,9.87,5,No,8,3,1,No,757956.0994901336
CLG0029,94,6.14,5.71,2,Yes,9,9,5,No,476626.73371160985
CLG0062,96,7.47,7.49,4,No,8,8,0,No,574314.1245217317
CLG0008,104,9.42,9.04,10,Yes,2,10,4,Yes,666069.1729622836
CLG0039,91,5.39,5.18,8,No,6,2,5,No,453777.85962800257
CLG0018,95,5.28,5.04,7,No,5,9,1,No,418641.92935687164
CLG0073,94,6.17,6.51,8,Yes,7,5,0,No,522030.53756702674
CLG0022,90,8.17,7.86,7,No,7,8,2,No,563497.5315234817
CLG0018,118,6.3,6.61,7,No,7,8,4,Yes,567970.0185177702
CLG0037,106,5.95,6.24,7,No,7,4,5,No,518428.3690813027
CLG0033,103,7.29,7.29,2,No,10,1,3,No,569103.4853238472
CLG0048,112,8.07,7.8,3,No,9,9,3,Yes,618848.8613844838
CLG0048,96,6.24,5.97,1,Yes,5,6,3,No,472239.1153671342
CLG0002,88,6.5,6.46,2,No,8,2,0,No,503125.07916329824
CLG0026,90,8.07,7.58,10,No,4,4,1,No,573412.8637876546
CLG0017,100,9.73,9.76,6,Yes,3,10,4,Yes,668656.8388441894
CLG0004,84,8.37,8.82,2,Yes,6,5,4,No,614713.9652827533
CLG0009,92,8.91,8.56,1,No,2,6,5,No,612176.1969992891
CLG0010,92,6.83,6.9,8,No,7,5,4,No,526155.2300638992
CLG0069,131,6.36,6.82,9,No,7,9,4,Yes,599037.20108621
CLG0038,58,7.27,7.63,7,No,10,10,2,No,492551.4568373179
CLG0049,97,9.04,9.39,3,No,4,2,5,No,676200.7187393315
CLG0040,125,7.28,7.6,1,No,9,3,4,No,623765.1699030425
CLG0049,101,9.23,9.04,4,No,7,10,2,Yes,656492.8602014127
CLG0086,111,9.94,10.33,10,No,2,3,1,No,774204.765660946
CLG0019,101,5.36,5.8,3,Yes,2,3,3,No,514627.7595558917
CLG0037,89,5.23,5.23,3,Yes,3,6,2,No,450693.91607675434
CLG0097,66,5.75,5.6,2,No,8,8,3,No,398927.6519695049
CLG0049,103,6.92,6.83,10,No,4,5,3,No,547535.2279379999
CLG0006,88,5.66,5.49,3,No,5,6,0,No,444178.9571209744
CLG0064,87,9.35,9.06,5,Yes,3,1,2,No,632341.46881165
CLG0023,92,5.12,5.24,4,No,8,10,4,No,426050.6514898611
CLG0078,126,6.58,6.64,1,No,3,3,5,No,595357.636482262
CLG0031,136,5.92,5.88,1,Yes,2,4,0,No,578699.2488178794
CLG0053,103,9.66,9.26,1,No,1,7,4,No,655071.9863324269
CLG0033,93,8.35,8.65,10,No,2,5,5,No,616746.0017838397
CLG0017,82,9.56,9.23,9,Yes,0,1,3,No,623931.5462729569
CLG0065,107,9.86,9.47,9,No,10,3,0,No,694825.834153728
CLG0076,126,7.49,7.61,9,No,7,2,4,No,632595.9247793389
CLG0067,96,6.17,6.07,10,No,0,6,4,No,501343.5027993444
CLG0045,64,5.97,5.53,4,No,5,5,1,No,410282.0674525605
CLG0100,110,6.11,5.97,4,No,10,3,0,No,534160.4017832677
CLG0088,114,8.54,8.81,10,No,1,2,0,No,673487.8583921547
CLG0078,76,5.2,5.32,7,No,10,1,3,No,408780.10033782443
CLG0037,102,5.26,5.12,3,Yes,10,2,5,No,446040.96254608943
CLG0092,106,8.04,7.73,10,No,2,5,3,No,606847.2839617181
CLG0027,98,8.21,8.34,3,Yes,8,5,0,No,621167.5841350335
CLG0020,88,8.33,8.72,4,No,8,9,1,No,619938.877483336
CLG0079,115,6.86,7.01,6,Yes,5,6,1,No,573877.0158768434
CLG0042,93,9.03,9.34,1,No,6,3,5,No,661915.9044097154
CLG0025,77,7.67,7.69,3,No,4,10,3,No,534181.0053162036
CLG0070,69,5.53,5.75,5,No,6,3,2,No,407541.35602398735
CLG0051,118,8.99,9.39,4,Yes,5,3,4,Yes,698091.2147684253
CLG0078,109,9.77,10.04,8,No,4,8,3,Yes,716572.4882458359
CLG0039,101,5.3,5.71,9,No,2,9,1,No,495126.3127089659
CLG0030,93,6.96,6.89,8,Yes,1,3,0,No,527364.8865927425
CLG0047,92,7.44,7.84,9,Yes,4,1,1,No,577532.5514456177
CLG0047,83,5.73,5.85,8,Yes,7,8,0,No,454053.5710077926
CLG0050,93,9.34,9.71,10,Yes,4,10,3,Yes,686349.7423887533
CLG0028,68,6.42,5.96,1,No,2,2,4,No,413822.04412507283
CLG0031,88,8.92,9.08,7,No,9,7,5,No,618050.6418584323
CLG0073,95,8.35,8.7,9,Yes,2,7,4,No,636464.1332372538
CLG0048,109,7.99,7.66,1,No,4,9,3,No,599260.746507148
CLG0066,99,5.96,6.12,10,Yes,8,8,4,No,502972.7011268933
CLG0053,111,6.1,6.42,1,Yes,7,9,4,Yes,544606.1780369373
CLG0060,120,5.24,5.03,10,No,6,1,5,No,497608.2343547535
CLG0047,115,6.2,6.11,2,Yes,4,3,2,No,538893.3808246059
CLG0045,107,6.73,6.8,5,Yes,8,4,2,No,544976.7330315679
CLG0001,100,9.17,9.19,8,Yes,1,3,2,No,644421.612379077
CLG0066,85,6.83,6.37,8,No,5,8,0,No,482932.71939551766
CLG0092,111,8.77,8.37,10,Yes,6,7,2,Yes,629668.9509347974
CLG0100,125,7.2,6.8,4,Yes,6,5,3,No,583681.0240758125
CLG0023,105,8.92,8.68,7,No,10,5,5,No,642166.0968857069
CLG0020,128,9.88,9.63,7,No,3,4,2,Yes,732071.8570915653
CLG0033,77,6.2,6.44,9,No,1,5,5,No,472850.0368282335
CLG0094,82,9.31,9.38,9,Yes,0,5,3,No,633568.4529099956
CLG0089,112,8.11,8.37,3,Yes,0,4,2,Yes,648112.2923503688
CLG0048,103,9.09,8.66,8,Yes,2,5,4,No,638805.1842238707
CLG0016,119,8.26,8.25,5,No,6,7,2,Yes,634639.8786801192
CLG0039,99,7.12,6.94,5,No,10,9,3,No,547699.4859339719
CLG0007,86,6.14,6.49,8,No,4,7,3,No,491400.9885997003
CLG0062,96,5.35,5.56,6,No,6,1,5,No,478136.55050287326
CLG0044,77,7.68,8.05,10,Yes,8,9,3,Yes,547665.6573945032
CLG0097,83,9.95,9.5,10,No,7,3,2,No,640938.5795489212
CLG0098,114,8.69,8.91,1,No,0,2,0,No,685593.743419217
CLG0081,113,6.64,6.68,4,Yes,3,10,3,Yes,568629.2308502125
CLG0049,105,9.14,9.47,9,No,4,9,5,Yes,688216.5680044277
CLG0004,74,8.84,8.85,5,Yes,6,2,0,No,584560.0433207895
CLG0013,94,6.41,6.45,4,Yes,10,10,2,No,508711.3461789126
CLG0026,81,5.07,4.62,10,No,7,9,5,No,397470.734478777
CLG0013,117,5.59,5.76,1,No,7,5,0,No,521748.8764211606
CLG0096,91,9.39,9.16,9,No,3,6,0,No,632102.7989299158
CLG0043,83,9.18,8.7,8,Yes,10,7,3,No,597279.3610122433
CLG0012,100,6.48,6.05,3,No,6,7,5,No,504163.39097071916
CLG0078,90,6.43,6.89,9,Yes,10,4,2,No,504495.25403207424
CLG0085,122,8.96,8.81,1,Yes,1,4,3,Yes,703831.16194256
CLG0033,88,9.69,10.06,4,Yes,8,5,4,No,658663.8385720858
CLG0067,79,8.9,9.36,5,No,5,9,1,No,639255.035651943
CLG0007,67,8.03,8.47,4,No,3,10,0,No,549763.8262956863
CLG0079,99,6.21,6.59,4,No,5,1,2,No,538521.9137995362
CLG0007,91,7.63,8.02,9,No,6,8,0,No,573852.4803012029
CLG0043,78,6.17,5.96,5,Yes,9,8,2,No,451364.7209118945
CLG0048,117,9.04,8.69,1,No,7,7,3,Yes,659217.8053585092
CLG0090,110,6.93,7.07,7,No,3,6,1,No,591865.5682797508
CLG0026,99,9.17,9.16,6,No,8,3,1,No,651910.7703939263
CLG0076,120,6.91,6.51,9,Yes,5,8,1,No,568057.3127391302
CLG0059,109,9.12,9.3,4,No,0,7,1,No,680654.8007336619
CLG0056,87,6.67,6.73,10,No,2,8,0,No,492005.93589800387
CLG0040,84,7.2,7.56,6,Yes,0,2,2,No,557775.2451783933
CLG0066,112,8.08,8.19,10,Yes,5,8,4,Yes,639532.3841644276
CLG0015,105,5.35,5.42,7,Yes,5,7,2,No,475506.11593787704
CLG0044,102,9.74,9.68,4,No,6,6,0,No,681522.0319049037
CLG0095,87,7.87,7.83,9,Yes,0,9,5,No,567696.7132997335
CLG0059,109,7.54,7.99,1,No,0,8,3,No,620606.776800182
CLG0034,88,9.2,8.84,1,No,4,5,4,No,618992.104929098
CLG0012,98,9.33,9.28,3,No,4,5,4,No,667154.639951101
CLG0006,121,7.61,7.77,9,No,0,9,5,Yes,631283.571156195
CLG0096,90,9.64,9.57,5,No,6,8,4,Yes,652822.6395677506
CLG0100,76,5.32,5.1,1,No,6,4,0,No,410434.76626893156
CLG0010,84,5.57,5.36,5,No,5,9,1,No,439268.19866722386
CLG0080,114,7.98,7.71,6,No,6,6,5,No,610757.5004788612
CLG0025,103,6.77,6.61,4,No,5,5,1,No,533221.0248642694
CLG0094,98,7.32,7.69,7,Yes,9,10,1,No,555909.6711221698
CLG0040,92,6.64,6.65,3,Yes,1,7,2,No,519441.14063142764
CLG0093,107,7.02,6.76,5,No,4,9,1,No,545278.8908135234
CLG0048,87,9.11,8.99,6,No,6,1,4,No,610729.7455883115
CLG0087,104,7.97,7.58,7,No,1,9,1,No,585446.6635548407
CLG0056,89,9.99,10.39,10,No,4,10,5,Yes,722896.9082045923
CLG0060,86,8.93,8.84,2,Yes,2,5,5,No,601440.4393549763
CLG0007,90,6.37,6.85,5,Yes,8,9,4,No,542195.9834579586
CLG0047,94,6.32,6.17,7,No,9,5,4,No,507841.67283996963
CLG0014,99,6.68,7.02,7,No,0,7,2,No,552521.005801263
CLG0002,103,9.22,8.98,3,No,6,7,5,No,658309.0868745946
CLG0063,44,5.14,4.72,8,Yes,9,9,1,No,324484.3533614989
CLG0037,87,6.15,5.68,1,Yes,3,5,3,No,471457.4370330487
CLG0069,94,9.52,9.63,4,Yes,4,7,1,No,658126.8659560103
CLG0022,122,8.2,8.01,3,Yes,0,5,3,Yes,632466.2298904727
CLG0070,83,6.13,6.07,4,Yes,4,4,5,No,468385.7197023705
CLG0045,102,6.1,6.42,9,No,10,1,2,No,521584.374263244
CLG0007,122,9.31,9.06,8,No,7,5,0,No,696718.3957688439
CLG0100,80,9.47,9.28,4,No,5,4,2,No,616015.4505787768
CLG0005,105,6.28,6.63,8,No,1,1,2,No,520147.0603403879
CLG0026,87,7.1,7.09,1,No,1,10,3,No,532827.5152084487
CLG0092,92,9.17,9.5,8,No,10,1,2,No,662889.4731231899
CLG0047,87,8.86,8.73,10,No,8,5,4,No,613125.0459541909
CLG0087,89,9.07,8.97,2,No,0,9,2,Yes,634600.1084423766
CLG0066,140,7.59,7.26,6,No,1,1,5,No,652226.6465543772
CLG0021,112,9.56,9.98,6,No,7,8,2,Yes,718287.9653185264
CLG0066,116,6.63,7.03,3,No,5,9,3,Yes,602159.1565362599
CLG0002,107,5.78,6.26,5,No,2,10,5,No,526708.3064740755
CLG0018,75,8.54,8.44,2,Yes,2,4,2,No,558701.2527038093
CLG0091,105,7.7,8.02,8,No,10,8,2,Yes,603412.8640117106
CLG0064,116,9.27,9.18,8,Yes,8,1,5,Yes,702588.0404411646
CLG0046,87,5.41,5.36,5,No,1,4,5,No,448837.73547658406
CLG0069,114,9.22,9.55,7,No,9,10,5,Yes,715164.1903101789
CLG0009,110,6.47,6.15,8,No,4,2,1,No,533481.7249118645
CLG0014,127,8.27,7.99,4,No,6,10,5,Yes,662691.6784848883
CLG0068,93,5.2,5.01,2,No,5,4,4,No,420857.0345276792
CLG0065,83,8.05,8.34,5,No,0,2,4,No,588485.813681457
CLG0040,94,8.59,8.46,7,No,9,3,4,No,606748.4231449219
CLG0022,121,6.84,6.7,4,No,2,1,2,No,568120.3466675055
CLG0015,72,6.08,6.58,4,Yes,4,10,4,No,467316.9229825135
CLG0025,68,7.69,7.57,4,Yes,2,3,1,No,505537.4087065715
CLG0064,101,9.17,8.92,9,No,2,7,0,No,645820.8033560106
CLG0051,93,6.62,6.74,9,No,4,8,0,No,513440.79822123604
CLG0032,100,6.26,6.56,10,Yes,7,6,1,No,506073.6850437833
CLG0095,114,6.39,5.96,8,Yes,9,1,0,No,532850.7018107432
CLG0042,91,9.75,9.87,8,Yes,7,7,0,No,675060.086650309
CLG0087,71,6.8,6.34,7,No,7,3,3,No,462347.504905545
CLG0017,130,5.02,5.05,1,No,5,9,2,Yes,507031.3719987356
CLG0034,85,8.91,8.67,8,No,8,2,3,No,596544.894539177
CLG0069,84,8.5,8.31,4,No,4,9,3,Yes,604835.023832766
CLG0047,116,5.64,5.61,1,No,9,10,1,No,521468.72399146797
CLG0042,94,9.92,10.35,1,Yes,6,2,0,No,696407.1978589605
CLG0094,99,8.04,8.25,3,Yes,0,2,1,No,616727.9754466717
CLG0050,107,7.5,7.94,3,No,3,4,4,No,618964.7852387907
CLG0053,116,6.91,7.07,10,No,0,2,3,No,570963.4827409588
CLG0094,94,9.49,9.0,1,No,9,7,0,No,623483.8211884941
CLG0014,122,6.22,5.99,8,Yes,1,3,2,No,542623.1938786599
CLG0089,67,6.43,6.84,4,Yes,5,4,3,No,487238.90457409114
CLG0067,111,5.61,5.75,4,Yes,0,1,0,No,524369.5031940422
CLG0020,87,8.8,9.28,6,No,8,10,4,Yes,641979.3404158864
CLG0061,120,7.98,7.64,9,No,5,4,1,No,640227.6667571565
CLG0023,102,8.05,7.85,9,Yes,7,4,0,No,616673.8512191718
CLG0023,89,6.09,5.95,8,No,9,4,0,No,467474.0134557758
CLG0021,109,8.26,8.09,1,No,9,9,3,Yes,625954.2994558265
CLG0044,113,8.83,8.58,10,Yes,7,3,0,No,637944.5243614932
CLG0005,109,6.79,6.73,10,No,1,7,4,No,557741.1606884996
CLG0052,84,9.01,9.15,2,Yes,1,4,2,No,626624.7406774383
CLG0073,92,6.74,6.55,3,No,2,1,4,No,514801.6542593065
CLG0039,99,8.79,8.37,5,Yes,10,10,0,No,633232.600332835
CLG0022,99,5.17,5.38,5,No,7,3,2,No,466078.75470354507
CLG0083,111,7.76,7.72,10,No,10,9,4,Yes,611411.5131699318
CLG0069,69,9.85,9.91,8,No,7,10,2,Yes,626209.6940232769
CLG0068,105,9.91,9.87,2,No,4,6,5,No,704088.4603060136
CLG0021,95,6.41,6.8,2,No,1,8,3,No,530242.0196994401
CLG0082,87,7.21,7.27,8,No,10,9,0,No,522635.27186030115
CLG0005,88,5.31,5.73,1,Yes,3,8,2,No,457181.7177190182
CLG0061,96,9.37,9.38,9,No,3,5,1,No,675630.2285676862
CLG0077,45,7.84,7.63,2,No,6,6,3,No,455350.0631046943
CLG0090,89,6.93,6.79,5,Yes,3,10,0,No,515890.7338348197
CLG0080,86,5.56,5.58,3,No,9,2,3,No,454552.95001906744
CLG0011,107,9.73,9.76,5,Yes,5,9,1,No,697168.8683866184
CLG0067,87,7.65,7.84,8,No,10,6,0,No,558512.5117790109
CLG0068,96,6.41,6.13,8,Yes,1,8,3,No,482936.87255565706
CLG0009,123,6.75,6.91,6,No,1,7,3,No,585482.7589709786
CLG0094,114,6.35,6.63,9,Yes,10,10,2,Yes,554879.9256543424
CLG0051,113,8.01,8.19,7,Yes,4,2,2,Yes,622317.7812396939
CLG0060,92,9.65,9.63,2,No,0,2,3,No,666247.7915387637
CLG0045,108,9.28,9.77,1,No,1,5,2,No,695149.0250732123
CLG0060,96,7.3,7.2,8,Yes,2,3,0,No,563922.5021004247
CLG0058,97,9.13,8.74,1,No,8,1,2,No,630967.3940970069
CLG0076,106,7.12,7.44,8,Yes,8,10,0,No,574574.3799394447
CLG0054,91,6.26,5.97,9,No,6,3,0,No,488734.1744052674
CLG0049,122,9.92,10.13,1,Yes,4,7,0,No,737821.601536318
CLG0013,97,6.52,6.2,7,Yes,1,10,0,No,500964.3447446565
CLG0021,109,6.62,6.14,5,No,1,9,3,No,535137.5884598831
CLG0021,121,9.95,9.61,8,Yes,7,4,4,Yes,701756.9377753178
CLG0027,115,5.67,5.55,4,Yes,2,8,4,Yes,507875.8563196689
CLG0069,78,8.8,8.41,2,No,6,6,0,No,575783.6259090633
CLG0081,106,9.68,9.38,7,No,5,4,4,No,694947.6092433798
CLG0055,112,7.56,7.82,7,Yes,5,3,0,No,629915.7806225509
CLG0085,113,5.01,5.28,8,Yes,2,5,4,No,494380.8126724912
CLG0065,83,6.88,7.2,9,No,5,3,5,No,527885.6349081346
CLG0016,90,5.56,5.9,6,No,3,8,1,No,486047.9962177819
CLG0022,114,7.08,7.0,3,No,0,6,2,No,577507.091122274
CLG0087,88,8.95,9.32,5,No,7,6,4,No,656440.2470999107
CLG0020,95,7.19,7.22,3,No,8,7,0,No,548592.7316725233
CLG0049,123,7.16,7.13,10,Yes,2,7,2,No,605299.0155567143
CLG0072,99,7.78,8.0,9,No,10,8,2,No,608721.7430916168
CLG0046,89,7.91,7.62,5,Yes,0,5,3,No,561436.1050878788
CLG0049,86,9.28,9.57,7,No,0,5,3,No,644049.9324170476
CLG0094,104,6.54,6.47,10,Yes,0,6,4,No,529920.3473764535
CLG0066,80,9.11,8.74,7,Yes,8,4,3,No,605658.4112144187
CLG0062,96,7.83,7.45,7,Yes,9,2,0,No,556125.6873992687
CLG0063,104,6.5,6.16,10,No,4,2,3,No,510216.15375150484
CLG0032,119,6.48,6.87,4,No,2,2,1,No,575045.1828012821
CLG0083,110,6.81,7.3,4,No,9,2,4,No,599721.2533763737
CLG0013,89,8.11,7.97,3,No,8,5,2,No,575279.8933182602
CLG0042,117,6.15,5.94,4,Yes,9,2,5,No,529376.1981552555
CLG0088,95,9.6,9.32,9,No,8,7,2,No,649308.1416285156
CLG0010,81,7.87,8.19,5,Yes,5,4,1,No,590296.8856747177
CLG0047,97,9.6,9.31,6,Yes,4,10,0,No,664585.033468788
CLG0069,121,5.23,5.65,4,No,0,5,2,No,539272.7938266202
CLG0091,102,6.71,6.88,1,No,5,2,1,No,548457.1490672145
CLG0060,100,5.11,5.51,7,No,4,1,3,No,476204.5729840562
CLG0061,124,6.36,6.41,7,No,8,9,4,Yes,575721.3397250327
CLG0058,78,9.31,9.5,6,Yes,6,6,1,No,633439.8988760746
CLG0025,80,5.18,5.3,4,No,2,5,1,No,426378.9783764582
CLG0071,75,7.18,7.51,10,No,4,5,3,No,517243.4821413259
CLG0062,105,5.59,5.93,8,No,5,2,0,No,508215.94941639726
CLG0061,102,7.08,7.17,8,Yes,10,8,5,No,559608.7277858647
CLG0045,123,9.19,9.32,1,No,1,4,5,Yes,710151.7648630149
CLG0027,103,8.12,8.54,9,Yes,6,4,3,No,636954.6544411811
CLG0052,93,8.68,9.11,8,No,8,8,3,Yes,630023.5142045871
CLG0059,100,6.75,6.91,2,Yes,9,4,2,No,552576.3689409547
CLG0085,101,9.72,9.23,9,No,8,1,5,No,652597.2823979507
CLG0043,74,8.55,8.15,4,No,4,4,1,No,554538.3346107523
CLG0028,140,7.11,7.47,10,No,7,10,1,No,660906.2358135935
CLG0021,107,7.13,6.71,6,No,8,1,3,No,544775.6539540347
CLG0034,103,9.59,9.3,2,Yes,5,6,3,No,695309.8705396611
CLG0085,109,7.88,7.61,10,Yes,3,2,1,No,610874.049030525
CLG0047,110,8.53,8.63,4,Yes,3,9,1,No,660414.6522236712
CLG0027,97,7.09,7.17,2,Yes,2,10,1,No,543083.6951302978
CLG0015,90,6.12,5.91,9,No,8,4,0,No,466513.3259107745
CLG0005,108,8.62,8.33,9,No,9,8,3,Yes,620161.3884890901
CLG0064,105,8.04,8.3,5,Yes,10,2,3,No,635586.8670865522
CLG0017,87,7.51,7.95,3,No,10,5,2,No,569205.7143678819
CLG0008,121,8.12,7.67,3,No,5,8,2,Yes,629887.0441466613
CLG0057,104,6.04,5.67,1,No,7,1,4,No,490486.49457197916
CLG0057,110,8.97,9.11,8,No,1,6,1,No,663840.079311717
CLG0048,120,9.74,10.04,3,No,3,2,1,No,765042.5649940517
CLG0088,100,9.46,9.75,4,No,1,5,4,No,692267.3729140679
CLG0018,104,6.61,6.83,2,No,10,1,3,No,552626.6979896199
CLG0042,112,7.03,7.42,8,No,10,4,1,No,602623.6094951668
CLG0069,89,9.04,8.76,3,No,2,3,2,No,622937.5457138142
CLG0054,100,7.98,7.59,2,No,1,10,0,No,581291.8292622814
CLG0016,101,7.74,7.86,1,Yes,8,5,5,No,595565.4416701199
CLG0085,85,9.63,9.95,10,No,8,8,3,Yes,670664.4459971922
CLG0076,134,7.68,7.76,2,Yes,5,9,0,No,673753.8314157957
CLG0017,78,7.57,8.03,2,No,6,5,0,No,566189.653347706
CLG0044,80,5.21,5.51,4,No,4,9,4,No,423908.7651499649
CLG0033,119,5.35,5.55,1,No,9,10,0,No,527017.1564044375
CLG0011,110,5.04,4.6,1,No,0,4,1,No,448022.82847686764
CLG0040,84,9.57,9.18,6,No,3,5,4,No,636574.3104768763
CLG0037,109,7.04,7.32,5,Yes,3,9,2,No,586355.6937386392
CLG0075,122,7.34,7.04,1,Yes,7,9,0,No,600836.1316575889
CLG0028,99,9.23,8.76,6,No,4,2,1,No,622919.39385372
CLG0030,138,8.05,8.46,8,No,2,5,1,No,675881.5168725984
CLG0046,74,8.05,8.44,5,No,0,8,2,Yes,565080.7448896054
CLG0078,110,6.48,6.2,3,No,0,1,4,No,515126.3865301476
CLG0043,117,9.17,9.45,3,No,4,4,4,Yes,709052.0904564697
CLG0085,113,5.83,5.38,2,Yes,7,8,4,Yes,508948.97658281034
CLG0096,96,5.27,5.06,9,Yes,8,10,2,No,439513.4432028704
CLG0091,95,5.96,6.08,9,No,9,2,2,No,488922.8923309877
CLG0098,106,6.34,6.6,7,Yes,9,1,2,No,557484.0259528189
CLG0008,112,6.41,5.92,1,Yes,1,6,4,No,514201.8908307891
CLG0043,109,8.35,8.18,1,Yes,4,6,0,No,618375.0955761233
CLG0033,115,6.09,5.8,4,Yes,3,1,2,No,497106.53204751626
CLG0055,84,8.38,8.88,2,No,2,3,2,No,624438.1228445073
CLG0058,96,5.46,5.63,3,Yes,10,10,4,No,494065.37338221306
CLG0021,85,5.74,5.65,2,Yes,7,8,2,No,443902.7440930797
CLG0047,94,7.54,7.12,1,Yes,1,9,0,No,554485.9054213368
CLG0051,115,9.61,9.71,3,No,1,8,4,Yes,716127.1608717458
CLG0029,101,9.3,9.44,7,No,4,1,2,No,687152.1697762791
CLG0016,139,9.84,10.16,10,No,9,4,2,Yes,788220.2057872459
CLG0068,102,8.25,8.04,9,Yes,9,9,3,Yes,614028.4220644158
CLG0089,100,8.38,8.86,10,Yes,9,1,3,No,651338.2842739446
CLG0069,101,8.13,8.07,9,No,0,4,1,No,618303.0629940369
CLG0019,90,8.11,7.91,8,Yes,6,10,1,No,575559.2311971856
CLG0039,99,5.74,5.59,6,No,8,7,2,No,469421.23373498325
CLG0070,116,7.72,7.74,1,No,1,7,3,No,618692.8353024521
CLG0030,101,6.93,7.37,8,Yes,9,7,1,No,554008.4705294998
CLG0028,88,7.21,7.45,8,Yes,0,10,4,No,561923.796109806
CLG0063,86,7.62,7.7,9,Yes,8,4,3,No,550738.5756005289
CLG0013,93,5.64,5.3,10,Yes,1,8,0,No,454871.8516674262
CLG0067,101,6.8,6.45,6,Yes,8,3,0,No,532204.3101955387
CLG0064,117,5.32,5.32,3,Yes,7,9,0,No,502901.531663817
CLG0058,79,9.9,10.13,6,No,6,6,0,No,649686.0600422147
CLG0099,95,5.59,5.84,8,Yes,10,7,3,No,464003.85883422516
CLG0068,102,6.29,6.02,7,Yes,0,9,4,No,490548.9090921542
CLG0010,72,9.46,9.06,8,No,3,4,0,No,592311.3114241237
CLG0051,87,7.41,7.29,3,No,10,5,4,No,557581.4774395013
CLG0070,89,5.68,6.1,8,No,10,1,1,No,486407.00220968865
CLG0001,88,6.92,6.97,5,No,6,10,1,No,536719.7510598338
CLG0001,102,5.58,5.4,7,No,5,8,2,No,472915.4041094824
CLG0007,97,6.0,5.82,4,No,0,2,3,No,491136.3082397086
CLG0080,91,5.26,4.89,3,No,6,5,0,No,437815.9239308806
CLG0088,106,7.19,7.16,6,Yes,1,5,4,No,575435.8371597404
CLG0004,125,9.03,9.32,9,No,7,10,4,Yes,731935.4139435793
CLG0016,124,7.93,8.4,4,Yes,1,4,5,Yes,665854.7351495979
CLG0071,71,8.03,8.03,9,No,3,4,3,No,541068.1647881395
CLG0025,108,6.0,5.67,3,Yes,5,2,1,No,495709.53191579256
CLG0015,97,6.72,6.9,6,No,7,3,3,No,542009.421190116
CLG0009,102,9.23,9.49,5,No,10,10,4,Yes,678182.9391287827
CLG0011,94,5.44,5.01,9,Yes,2,2,3,No,433318.0764931028
CLG0071,101,9.29,9.64,6,No,5,1,5,No,651974.5018814725
CLG0053,102,7.42,7.75,2,No,5,4,1,No,588200.5612661323
CLG0039,91,9.19,9.16,4,Yes,0,9,1,No,635144.8289080019
CLG0087,86,6.59,6.65,5,Yes,5,6,5,No,512863.8813821143
CLG0003,93,6.69,6.9,9,Yes,0,8,0,No,546384.5758223431
CLG0071,103,8.76,8.94,1,Yes,8,2,0,No,651817.7666012249
CLG0003,108,8.92,8.44,9,Yes,3,2,5,No,640107.8567138881
CLG0012,112,6.15,5.77,10,No,4,2,0,No,510412.7190823078
CLG0003,92,9.86,9.52,1,No,0,8,1,No,661878.4541392056
CLG0071,104,5.42,5.68,1,No,0,1,4,No,503066.0869128185
CLG0023,114,5.34,5.28,4,No,8,5,0,No,513844.3995877226
CLG0038,117,7.98,8.03,6,No,5,4,3,Yes,630642.9078869951
CLG0079,99,8.61,8.88,2,No,9,1,4,No,640883.1537678842
CLG0087,96,9.8,9.64,1,No,9,10,5,Yes,681010.4267397304
CLG0042,102,7.02,7.27,4,Yes,5,7,2,No,567424.0210616967
CLG0005,82,5.13,5.07,8,No,4,1,0,No,403195.5148378001
CLG0041,97,8.01,7.89,6,No,5,6,2,No,577789.4701205789
CLG0053,111,6.45,6.28,5,Yes,7,1,0,No,536298.6173517151
CLG0062,109,7.16,7.62,1,No,6,9,4,No,592553.2014912848
CLG0093,95,7.44,7.71,3,No,6,3,2,No,576485.0360472206
CLG0083,103,5.32,4.84,7,Yes,8,2,1,No,436172.75025123387
CLG0024,87,7.43,7.89,10,Yes,8,7,0,No,565468.4654954252
CLG0087,110,7.13,7.41,3,No,8,1,5,No,589054.7864614377
CLG0028,98,8.56,8.21,5,No,0,7,5,No,613840.0615316071
CLG0081,95,8.23,7.81,6,Yes,10,9,3,No,580187.1477345424
CLG0009,94,5.93,5.74,9,No,10,4,2,No,463299.59999871824
CLG0061,99,6.03,6.15,3,No,5,10,5,No,510247.1994300907
CLG0053,93,6.26,6.38,6,No,4,2,3,No,518357.8812007456
CLG0017,109,5.89,5.67,2,No,7,4,2,No,492422.3619477884
CLG0065,94,8.29,8.24,9,Yes,10,9,4,Yes,609515.7036848136
CLG0009,123,9.97,9.68,9,Yes,9,8,3,Yes,743271.0056963604
CLG0070,121,8.26,7.81,7,Yes,7,5,0,No,631236.1715693788
CLG0015,86,8.03,8.05,9,No,7,8,1,No,554906.1679257982
CLG0006,101,7.05,6.9,4,Yes,4,7,4,No,536442.4875355335
CLG0018,90,6.56,6.6,10,No,9,4,2,No,505268.6489472024
CLG0088,95,9.56,10.01,1,No,10,3,0,No,690415.020856723
CLG0094,130,9.85,9.49,1,Yes,9,1,2,Yes,718617.5163079533
CLG0083,95,7.48,6.98,2,No,0,3,3,No,529113.9494728249
CLG0058,105,6.45,6.03,10,No,3,8,3,No,512213.25375475944
CLG0092,108,8.85,8.81,3,Yes,6,9,1,No,663970.4363441274
CLG0023,84,5.66,5.87,2,No,1,9,3,No,465651.37376290106
CLG0088,87,8.83,8.91,4,Yes,6,5,4,No,607899.7618515476
CLG0027,81,9.09,9.08,8,No,4,4,2,No,613220.4767533118
CLG0077,86,5.62,5.47,3,No,5,6,2,No,465759.1435031234
CLG0075,57,9.88,9.69,4,No,5,7,4,No,607300.7447759482
CLG0015,108,9.93,9.81,2,Yes,4,6,3,No,701446.9954821557
CLG0030,130,9.68,9.79,1,Yes,9,5,3,Yes,742516.0315241109
CLG0006,102,7.48,7.15,8,No,6,2,4,No,560205.6487564419
CLG0025,78,6.23,6.5,7,No,3,3,1,No,485816.2109855263
CLG0031,90,7.91,7.99,10,No,0,9,0,No,567850.860034242
CLG0011,93,7.1,6.87,2,No,8,7,0,No,520206.4625737109
CLG0068,84,6.03,6.03,8,No,6,10,3,No,468260.9732809642
CLG0079,112,7.12,7.58,10,No,8,2,5,No,591859.6650636174
CLG0024,112,8.32,7.84,3,No,10,1,0,No,626195.2720646763
CLG0014,82,5.35,5.05,7,Yes,8,1,0,No,411726.4613307676
CLG0024,110,6.67,6.62,1,No,6,1,5,No,557672.1028824765
CLG0087,122,5.09,5.23,3,No,1,6,0,No,512594.2664099245
CLG0069,128,8.75,8.46,9,No,10,5,3,Yes,682784.4337504797
CLG0026,142,8.2,8.63,4,No,1,7,2,Yes,719786.2274503399
CLG0094,86,5.31,5.45,1,Yes,3,5,3,No,447948.5461125364
CLG0042,142,9.82,10.2,6,No,8,9,3,Yes,798740.4954913406
CLG0048,94,5.11,4.94,1,No,6,1,5,No,431771.75260151306
CLG0051,91,7.95,8.28,10,Yes,8,9,1,No,595767.4972490271
CLG0067,104,8.88,8.76,1,No,3,4,1,No,633224.0378869801
CLG0018,91,8.94,8.69,2,No,8,10,3,Yes,627186.7080092547
CLG0086,105,5.17,5.58,3,Yes,6,7,4,No,487196.8234991202
CLG0028,80,9.53,9.12,2,No,7,2,4,No,626463.5111299732
CLG0030,96,9.59,10.03,8,No,0,3,1,No,682244.9420008499
CLG0002,119,7.81,7.77,6,Yes,8,4,5,No,628991.049689388
CLG0073,99,7.41,7.9,1,No,7,5,1,No,583402.9847737721
CLG0065,102,5.22,5.26,6,Yes,0,2,2,No,463950.2313279503
CLG0036,107,7.81,8.07,1,No,7,7,1,No,618918.027306048
CLG0021,117,7.05,6.56,9,Yes,4,6,5,No,566933.6354228435
CLG0062,75,8.86,8.86,3,Yes,2,9,0,No,617681.8037149857
CLG0054,108,7.02,7.26,1,No,7,7,3,No,573673.7370510579
CLG0028,95,8.42,8.7,1,No,10,10,3,Yes,628780.842421493
CLG0100,102,5.51,5.17,2,No,10,10,5,No,458144.21221292246
CLG0032,115,5.66,5.58,6,Yes,2,2,3,No,506861.8627734529
CLG0058,82,5.7,5.62,1,No,7,3,5,No,458150.91886323213
CLG0070,84,5.23,4.83,7,Yes,4,3,2,No,415368.2445036202
CLG0023,70,7.71,7.65,4,No,7,8,2,No,514099.2977191872
CLG0070,91,8.97,9.28,7,Yes,2,8,0,No,635790.9134098671
CLG0064,119,8.05,7.85,4,Yes,9,3,3,No,638772.5931703303
CLG0086,98,7.87,7.8,4,No,5,8,0,No,580888.0844833037
CLG0031,79,8.4,8.86,4,Yes,5,5,1,No,615795.5883049364
CLG0019,92,6.7,6.23,10,No,3,4,3,No,489560.7410376439
CLG0072,77,6.81,6.9,10,Yes,4,4,0,No,488519.97016004374
CLG0008,83,6.57,6.81,8,Yes,6,4,2,No,518479.4074000687
CLG0084,105,8.56,8.82,2,Yes,0,1,5,No,654179.1855503342
CLG0064,82,5.81,6.03,8,No,7,7,2,No,481185.2420389879
CLG0088,116,5.07,5.3,10,No,10,10,2,Yes,505769.13517895056
CLG0077,98,7.98,7.54,1,No,2,10,5,No,569783.9500137084
CLG0041,101,9.71,9.74,7,No,6,4,0,No,727959.3015945769
CLG0051,95,8.05,8.33,7,No,8,2,0,No,601190.9847198562
CLG0007,111,8.91,8.5,6,Yes,1,1,0,No,634352.9830626046
CLG0052,111,8.36,7.87,4,Yes,9,3,4,No,599337.9623289111
CLG0072,105,7.49,7.8,5,No,9,1,3,No,585310.8676233889
CLG0091,108,8.59,8.8,1,No,6,5,4,No,664755.8220546463
CLG0003,96,9.12,9.03,2,Yes,0,6,4,No,636955.3496086787
CLG0017,108,6.12,6.56,10,No,4,6,5,No,552718.1795981791
CLG0005,94,6.68,6.95,7,No,10,6,1,No,529238.5546557397
CLG0060,100,6.12,6.59,2,Yes,6,7,1,No,523303.96887790423
CLG0073,95,7.26,7.69,8,Yes,4,1,2,No,586466.0281049067
CLG0070,93,9.43,9.41,7,No,4,4,5,No,662055.5228799784
CLG0008,89,6.73,6.98,10,Yes,5,10,4,No,535047.6318839537
CLG0044,107,6.87,7.04,8,No,9,10,1,No,560889.0550132075
CLG0026,119,9.3,9.61,4,No,9,9,4,Yes,733913.4756730874
CLG0048,117,7.58,7.87,1,Yes,10,10,3,Yes,616756.8144871809
CLG0084,81,7.68,7.33,7,Yes,10,2,4,No,531461.6346959621
CLG0026,119,9.3,9.03,1,No,5,8,2,Yes,697053.576690328
CLG0058,95,7.45,7.22,7,Yes,9,7,0,No,549358.6130631008
CLG0067,109,8.41,8.73,9,No,1,7,2,No,662562.6711265892
CLG0058,86,5.43,5.74,5,No,9,3,4,No,467593.7827850139
CLG0025,102,5.89,5.89,2,Yes,10,2,5,No,498760.52684009256
CLG0015,104,7.02,7.1,1,Yes,9,2,4,No,562634.2196125983
CLG0011,77,7.47,7.8,8,No,8,3,0,No,540443.1633404767
CLG0096,109,9.83,9.64,4,No,2,3,2,No,686333.5630009447
CLG0096,120,9.85,9.4,8,No,0,10,2,Yes,696457.5198826676
CLG0006,97,9.26,9.24,2,Yes,10,2,4,No,671567.6880812258
CLG0002,120,6.58,6.99,3,No,0,7,3,No,572118.9519476823
CLG0023,97,9.82,10.11,3,No,8,2,5,No,698578.9482838239
CLG0093,112,8.45,8.32,4,No,5,6,5,Yes,641823.845095045
CLG0007,66,6.96,6.52,9,Yes,6,5,1,No,464357.2527741286
CLG0062,136,8.51,8.65,9,No,1,7,4,Yes,724410.8361705107
CLG0030,122,5.08,5.41,5,Yes,10,7,4,No,517827.82870596665
CLG0080,95,5.73,5.89,7,No,0,8,5,No,494617.07794108527
CLG0001,70,9.15,9.08,9,No,1,4,1,No,600054.9744897597
CLG0077,104,8.23,7.85,1,No,2,10,0,No,581334.0328912961
CLG0036,78,6.82,7.23,2,No,2,5,4,No,522019.2667001857
CLG0001,106,7.5,7.28,6,No,7,10,3,No,568055.2341743787
CLG0022,106,9.53,9.25,3,No,3,4,0,No,676855.2887318312
CLG0093,85,8.16,8.48,7,Yes,0,7,0,No,592656.3151187106
CLG0062,116,6.99,7.47,5,Yes,1,3,0,No,605366.0976453548
CLG0080,112,5.6,5.76,10,No,8,10,4,Yes,499779.4082454597
CLG0044,114,6.47,6.59,8,No,1,2,5,No,571470.0222307151
CLG0009,100,9.89,9.71,1,Yes,8,4,0,No,702475.1619245006
CLG0089,78,7.19,6.71,9,No,4,5,2,No,502407.3218270603
CLG0038,114,7.36,7.05,10,Yes,3,1,4,No,581667.4989767234
CLG0022,95,7.49,7.57,6,No,3,3,4,No,572908.9939605627
CLG0041,79,9.42,9.07,5,No,2,8,1,No,606587.9803272485
CLG0002,120,8.02,8.4,8,No,1,5,5,Yes,669748.2422969362
CLG0001,131,8.47,8.16,4,Yes,7,1,0,No,671210.8254250286
CLG0010,99,6.95,6.97,9,No,5,4,4,No,557886.614921222
CLG0099,132,5.15,5.16,5,Yes,8,8,5,Yes,531448.9317934505
CLG0088,101,9.65,9.75,1,Yes,1,8,3,Yes,688798.4321916455
CLG0050,94,9.75,9.58,8,Yes,0,2,3,No,650928.3381882807
CLG0024,90,9.75,10.12,9,No,7,9,5,Yes,701493.5735740057
CLG0047,124,9.72,9.66,5,No,7,10,4,Yes,717993.9724487644
CLG0046,88,9.08,9.28,5,Yes,4,1,4,No,648564.231977719
CLG0074,111,8.42,8.56,6,No,1,10,3,Yes,641091.9371836574
CLG0020,91,9.22,8.84,9,Yes,9,8,3,Yes,635898.78356414
CLG0076,93,8.0,8.12,5,Yes,4,8,2,Yes,577011.3615984863
CLG0060,115,5.67,5.72,2,No,7,6,3,No,526697.3805691773
CLG0023,94,6.96,7.36,3,No,3,1,2,No,555685.4326419601
CLG0023,93,9.86,10.24,10,Yes,1,9,4,Yes,707126.5051571687
CLG0073,116,6.76,6.41,3,Yes,2,10,0,No,576124.1175590698
CLG0062,123,9.34,8.92,9,No,2,3,5,Yes,688971.4648920737
CLG0004,109,5.47,5.26,8,No,8,1,5,No,482145.4652267986
CLG0093,90,6.67,7.16,6,Yes,2,7,5,No,543719.2705488615
CLG0027,92,6.75,6.27,5,Yes,0,10,0,No,494747.1660674356
CLG0093,101,5.26,5.43,10,Yes,6,5,1,No,469976.11815240904
CLG0057,104,5.6,5.71,2,No,0,2,5,No,487897.35289243225
CLG0068,85,5.97,6.12,9,Yes,5,1,2,No,479198.8810065841
CLG0066,110,9.19,8.91,10,Yes,9,6,3,No,667058.6072200564
CLG0071,101,5.32,5.05,8,Yes,3,1,2,No,456527.5932569518
CLG0057,74,6.49,6.42,5,Yes,6,6,1,No,472963.6355753289
CLG0043,86,5.05,4.65,6,No,6,1,1,No,397068.3062545631
CLG0048,92,8.48,8.05,9,Yes,6,7,2,No,605137.9777879701
CLG0042,98,8.1,7.69,1,Yes,5,7,3,No,611468.4701509239
CLG0098,128,8.22,8.29,4,Yes,6,10,4,Yes,661701.098656547
CLG0012,103,6.87,6.77,5,No,7,4,4,No,526956.6166144786
CLG0091,87,6.04,5.83,9,No,2,7,4,No,473349.5304496046
CLG0054,103,8.6,8.42,5,No,4,8,5,Yes,614780.9822122367
CLG0086,94,9.06,8.77,5,Yes,9,8,1,No,638024.3061046848
CLG0079,104,5.69,5.6,3,No,10,3,5,No,497786.9004856652
CLG0074,108,7.43,7.13,8,Yes,8,8,2,No,569698.6984405752
CLG0035,118,6.24,6.44,7,Yes,7,3,1,No,557252.2305989558
CLG0040,99,5.84,5.46,8,No,5,5,3,No,455391.7088659316
CLG0053,124,8.67,9.12,4,No,8,1,5,Yes,718559.3424057515
CLG0084,113,7.69,7.28,8,No,9,7,0,No,583992.8369385385
CLG0032,89,6.08,6.52,10,No,4,10,1,No,507927.37370296736
CLG0084,133,6.55,6.88,4,No,1,8,3,Yes,610649.7101410865
CLG0005,104,9.83,10.01,1,No,8,4,3,No,703462.5144126442
CLG0029,87,9.24,9.65,4,Yes,4,7,3,No,660664.7809235248
CLG0091,124,9.4,9.04,5,No,7,7,0,No,693720.196210799
CLG0090,131,7.3,6.98,10,No,7,6,4,No,607483.5303836081
CLG0011,99,8.12,7.87,8,Yes,3,5,2,No,587515.704498069
CLG0029,92,6.88,6.62,10,Yes,3,10,1,No,500560.54063950665
CLG0020,97,5.39,5.2,6,No,0,4,0,No,451485.1618334846
CLG0043,110,7.01,7.09,10,Yes,4,5,3,No,571066.1389640499
CLG0070,119,7.97,7.5,5,Yes,8,7,0,No,636332.1059065831
CLG0008,108,6.44,6.32,3,No,4,8,1,No,533520.038112657
CLG0045,101,9.24,8.99,4,No,4,4,2,No,657225.4170486378
CLG0066,122,5.76,5.87,6,Yes,5,5,1,No,553081.3249687225
CLG0062,95,6.84,7.33,6,Yes,5,6,5,No,540477.1219796826
CLG0055,115,5.62,5.64,6,No,7,9,0,No,525757.16471616
CLG0091,95,7.02,6.95,2,Yes,0,10,5,No,552423.3157636432
CLG0038,106,5.2,5.07,8,No,4,6,3,No,444871.2305331198
CLG0084,98,6.36,6.64,8,Yes,8,7,5,No,525384.8601275713
CLG0094,99,7.0,6.57,6,Yes,2,8,3,No,517696.37031658704
CLG0093,94,7.39,7.85,4,No,10,3,4,No,571624.8091148284
CLG0066,120,7.72,7.64,2,No,6,5,4,No,609694.9745787921
CLG0015,89,6.37,6.18,6,No,6,4,2,No,491992.3765354368
CLG0033,88,7.62,8.09,6,No,9,1,2,No,580333.1194709488
CLG0011,131,7.55,7.99,10,Yes,2,4,5,No,667152.5900018772
CLG0040,114,6.58,6.72,3,No,6,2,5,No,577006.5990295915
CLG0088,64,9.15,8.67,2,Yes,2,4,4,No,556697.8528710544
CLG0041,91,7.73,7.98,4,Yes,5,2,4,No,574197.6404801459
CLG0079,72,6.66,6.5,8,Yes,7,4,1,No,458154.8327988657
CLG0005,85,9.74,9.63,5,No,7,4,1,No,655626.9659592106
CLG0073,52,9.23,8.89,3,No,5,3,5,No,556140.0165002489
CLG0004,97,9.91,9.93,5,Yes,1,5,3,No,680010.5617157703
CLG0091,82,8.46,8.7,9,Yes,0,9,5,Yes,574270.1390153436
CLG0068,100,6.89,6.66,8,No,2,1,3,No,541877.6815529623
CLG0037,75,6.4,6.84,10,No,2,7,4,No,488363.7216425148
CLG0013,101,8.32,8.01,7,No,6,10,1,No,598396.0732516157
CLG0021,93,9.9,9.47,4,No,3,1,4,No,661906.2446609294
CLG0011,122,8.13,8.27,2,Yes,1,10,4,Yes,655457.4967121113
CLG0076,121,9.41,9.76,9,Yes,1,1,2,Yes,719224.4699514472
CLG0014,111,6.65,7.1,3,Yes,6,2,4,No,586948.9046543317
CLG0036,95,7.03,7.3,6,Yes,7,10,3,No,548089.5019032729
CLG0013,129,9.53,9.23,7,Yes,10,6,2,Yes,719354.0492660145
CLG0059,76,8.78,9.26,3,No,4,9,1,No,609618.0786092274
CLG0069,78,9.91,10.33,3,No,1,3,3,No,669545.2103698775
CLG0021,98,8.87,8.53,3,No,2,5,0,No,632244.1543443998
CLG0073,133,7.24,7.3,3,No,0,8,1,No,630066.7483666042
CLG0097,96,7.66,7.72,3,Yes,9,10,5,No,581838.4433657347
CLG0064,97,9.5,9.44,7,Yes,3,6,0,No,663905.3206501562
CLG0055,78,7.76,8.24,5,No,6,3,3,No,555935.4749798907
CLG0081,114,6.28,5.84,4,Yes,9,2,1,No,516683.4528632294
CLG0091,114,7.18,7.31,6,Yes,8,3,0,No,595173.0952509277
CLG0065,111,7.58,7.29,8,Yes,2,6,0,No,588719.4813198964
CLG0051,90,5.48,5.51,2,Yes,3,5,1,No,450792.2164418822
CLG0069,89,8.72,9.0,3,Yes,5,8,4,Yes,631419.7881656237
CLG0076,80,5.55,5.3,2,No,0,10,3,No,433090.0470146255
CLG0025,101,7.02,6.91,7,No,4,2,3,No,535672.3341743058
CLG0025,83,9.02,9.47,2,Yes,9,2,2,No,654195.4915325531
CLG0012,82,7.34,7.6,5,No,4,4,1,No,541601.0610440022
CLG0011,93,9.21,9.28,10,Yes,9,9,3,Yes,646736.9488104348
CLG0094,92,6.71,6.43,9,Yes,8,5,0,No,510702.5286250913
CLG0048,91,9.79,9.72,8,Yes,8,7,1,No,646780.1072488086
CLG0091,106,6.05,6.32,8,Yes,0,7,5,No,532372.2765527208
CLG0081,101,5.19,5.51,3,Yes,2,6,0,No,476448.0646566628
CLG0094,95,9.36,9.1,1,No,3,6,1,No,650262.8835839608
CLG0003,102,8.76,8.92,2,Yes,0,9,0,No,653950.5289567735
CLG0075,85,6.16,5.76,7,Yes,8,4,0,No,467405.75689821015
CLG0049,101,9.92,9.44,4,No,1,2,1,No,677445.8075105235
CLG0033,102,7.51,7.56,10,No,4,7,2,No,590405.5271816641
CLG0047,77,9.76,9.48,5,No,2,6,0,No,643498.0877054015
CLG0073,114,7.53,7.11,1,Yes,3,4,1,No,565862.4345912905
CLG0018,86,7.36,7.59,2,Yes,3,1,4,No,569697.8107182595
CLG0001,101,7.25,7.25,9,Yes,10,4,5,No,543022.6860169268
CLG0070,117,6.67,6.97,6,No,1,6,4,No,582933.0352903759
CLG0098,113,7.67,7.83,7,Yes,10,3,5,No,619444.7735929716
CLG0005,100,7.26,7.49,5,Yes,1,1,2,No,573334.2625783678
CLG0003,94,5.18,4.99,9,No,7,2,1,No,430143.0340647044
CLG0090,114,6.3,6.06,10,No,1,6,5,No,509126.4766679076
CLG0070,110,6.07,6.17,5,No,9,1,2,No,529704.2695801497
CLG0011,90,9.34,9.04,6,No,6,6,5,No,622833.6168032065
CLG0075,88,7.99,8.31,10,No,0,1,0,No,584651.2051268504
CLG0040,68,8.82,8.84,9,Yes,0,1,5,No,576892.2021709733
CLG0064,102,9.78,9.51,5,No,9,6,5,No,681552.3662256817
CLG0080,98,8.22,8.35,4,No,2,1,4,No,605899.3635983444
CLG0084,117,9.91,10.36,5,Yes,2,9,2,Yes,757177.2256847941
CLG0084,105,6.56,6.14,5,Yes,10,2,0,No,516868.4531827084
CLG0090,120,5.93,5.54,5,Yes,8,9,4,Yes,505427.26555882697
CLG0058,89,7.02,7.36,1,Yes,1,5,2,No,557328.6762576906
CLG0099,117,7.35,6.96,5,No,3,5,0,No,569710.77251474
CLG0025,92,9.48,9.02,5,No,2,10,5,Yes,640428.4990565474
CLG0030,111,7.8,7.65,1,No,6,8,3,Yes,617607.9057093605
CLG0040,78,6.46,6.43,4,Yes,5,1,4,No,477812.1821949122
CLG0025,103,8.71,8.78,8,No,8,9,0,No,652203.5433682061
CLG0010,70,7.53,7.54,4,Yes,7,1,3,No,512689.8176608302
CLG0057,95,5.81,6.22,7,No,1,5,2,No,505573.9882782671
CLG0035,106,7.88,8.15,6,No,2,8,3,Yes,630637.4835482588
CLG0027,92,9.56,10.04,5,Yes,0,1,5,No,693189.1082293689
CLG0068,84,9.21,9.19,9,No,7,5,4,No,617447.1289817095
CLG0062,112,7.93,7.51,8,Yes,1,3,1,No,602627.2050854944
CLG0080,98,6.89,7.35,5,No,3,8,2,No,572369.9386283054
CLG0029,92,5.43,4.93,10,Yes,1,3,3,No,424583.9328104678
CLG0099,100,7.35,7.63,7,Yes,1,8,0,No,590584.3992240533
CLG0021,139,8.76,8.29,9,No,2,2,1,No,691213.6297845849
CLG0041,117,6.8,7.06,7,Yes,9,10,1,No,578629.3672196862
CLG0031,117,6.18,6.62,3,No,4,3,2,No,566300.9894725311
CLG0019,106,9.66,9.55,10,No,7,1,3,No,670005.940533159
CLG0038,102,9.11,8.85,5,No,9,1,4,No,641939.6633561525
CLG0032,64,8.19,7.92,9,No,1,4,3,No,513747.83029035537
CLG0004,89,5.68,5.67,9,Yes,4,5,3,No,458685.3294646295
CLG0078,92,5.72,5.39,8,Yes,10,3,2,No,465455.94006926584
CLG0065,71,5.52,5.69,6,No,3,2,2,No,448391.7049968039
CLG0083,82,8.08,7.95,7,Yes,2,1,0,No,575355.5231045685
CLG0048,70,5.58,5.4,7,Yes,9,3,4,No,397394.46039375063
CLG0032,99,9.21,9.17,1,No,5,1,2,No,647198.0144414079
CLG0008,112,9.96,10.0,8,No,8,10,0,Yes,714804.3990863615
CLG0005,116,6.83,6.47,6,No,7,10,5,Yes,542042.1617378517
CLG0072,106,7.27,7.48,7,Yes,1,6,1,No,596070.2604284228
CLG0049,85,8.56,8.94,10,No,0,3,0,No,613666.1536418432
CLG0070,71,9.69,9.47,10,No,7,4,4,No,628531.3414568935
CLG0099,73,9.47,9.15,2,No,4,8,0,No,617128.7651505569
CLG0053,80,5.29,5.55,7,No,1,10,5,No,424463.06961996894
CLG0060,86,5.85,5.53,8,Yes,9,5,0,No,460354.66017427144
CLG0061,97,8.77,8.31,5,No,0,5,2,No,612835.020586775
CLG0062,84,8.44,8.56,1,No,10,8,4,Yes,577297.2985464077
CLG0075,105,5.67,5.41,6,Yes,7,10,0,No,495587.61506649264
CLG0013,96,7.51,7.18,3,No,7,10,3,No,548727.9919594924
CLG0089,100,8.9,9.38,5,No,5,10,0,No,680135.5892527023
CLG0051,117,6.09,5.88,9,No,4,4,1,No,529703.2344754464
CLG0029,82,9.36,9.76,7,No,4,8,1,No,654455.537989875
CLG0020,106,5.26,4.94,8,No,5,10,0,No,453221.095392877
CLG0035,99,8.91,9.23,6,No,4,5,5,No,662790.1864318895
CLG0090,94,8.08,8.08,9,No,1,6,0,No,611965.6722942526
CLG0084,113,6.58,6.16,3,No,6,1,3,No,544650.9765623462
CLG0041,113,8.6,8.83,1,No,3,9,0,Yes,673642.7136699832
CLG0044,85,8.91,9.3,10,No,6,4,2,No,636655.3116859467
CLG0044,97,9.67,9.33,4,No,0,1,4,No,672655.9086000514
CLG0006,104,6.84,7.07,8,No,5,7,5,No,572295.3512832422
CLG0063,95,8.43,8.38,6,No,1,10,3,Yes,604440.3925800641
CLG0017,108,8.01,8.26,7,No,2,4,0,No,621981.7443187571
CLG0091,104,7.63,7.84,9,Yes,2,5,5,No,599629.8610423021
CLG0041,127,9.45,8.98,2,Yes,9,7,2,Yes,715869.4083917337
CLG0083,77,5.02,4.7,7,No,0,7,5,No,395583.42022957455
CLG0096,98,6.41,6.38,4,No,4,9,0,No,516140.81602442777
CLG0023,86,7.69,8.12,7,No,7,9,3,Yes,588160.2109406074
CLG0038,109,5.89,5.73,8,No,7,7,3,No,510325.8106795973
CLG0041,75,9.54,9.67,2,No,9,10,1,No,631627.76708311
CLG0031,105,8.24,7.75,7,No,10,9,1,No,588324.2085341946
CLG0016,90,7.39,7.6,8,No,6,5,0,No,555511.9906407496
CLG0003,88,9.07,9.17,1,Yes,6,2,4,No,640877.0440481862
CLG0080,78,7.25,7.47,10,Yes,7,9,2,No,540481.6004701582
CLG0016,93,7.79,8.19,5,Yes,7,6,1,No,604637.702121309
CLG0068,116,5.01,4.66,9,No,4,6,1,No,464115.56427061645
CLG0069,99,6.83,6.59,2,Yes,6,9,4,No,518075.6640007214
CLG0054,109,5.69,6.19,6,No,1,1,5,No,541683.2686496776
CLG0092,124,8.45,8.11,2,No,3,2,3,Yes,643166.3133079123
CLG0087,103,7.4,7.62,3,Yes,5,3,0,No,593887.2225021422
CLG0042,91,6.51,6.74,6,Yes,10,1,0,No,523840.2152537224
CLG0064,107,7.34,7.52,5,Yes,9,4,2,No,602208.8507845532
CLG0019,91,6.05,5.78,4,Yes,2,2,4,No,471542.48656391894
CLG0089,92,9.63,9.35,7,Yes,1,3,5,No,676653.9865685831
CLG0083,77,5.27,5.44,3,No,0,8,4,No,415870.1440889704
CLG0062,113,9.33,9.02,10,No,3,4,4,Yes,675843.0907690175
CLG0003,94,7.56,7.72,7,No,1,9,3,No,570160.7326553486
CLG0008,102,8.09,8.08,9,Yes,2,6,4,No,610056.8035927627
CLG0090,84,6.51,6.4,2,No,9,1,3,No,489960.4064647477
CLG0031,106,9.83,9.63,5,Yes,10,6,0,No,698966.8417320796
CLG0019,88,6.41,6.86,1,Yes,10,7,3,No,516992.87808707595
CLG0081,97,7.94,7.95,7,No,10,4,0,No,600564.496147114
CLG0065,113,9.97,10.03,2,No,5,8,2,Yes,709583.9598971934
CLG0053,111,9.41,9.86,5,Yes,9,10,4,Yes,723666.6679140906
CLG0013,99,7.68,7.83,1,No,2,3,2,No,565038.2260758976
CLG0059,73,9.95,10.41,1,Yes,2,7,4,No,668693.5255418642
CLG0057,144,8.51,8.12,4,Yes,3,7,5,Yes,692823.0464672422
CLG0043,126,6.04,6.39,7,No,2,4,2,No,558313.8837185844
CLG0012,110,7.03,6.87,7,Yes,5,1,1,No,564365.4058228489
CLG0096,88,6.67,6.98,8,No,8,10,1,No,518689.1018598169
CLG0088,98,6.72,7.08,9,No,7,10,3,No,550606.2390277806
CLG0098,91,8.8,8.57,4,Yes,1,6,5,No,614740.1300185869
CLG0024,118,7.92,7.83,2,No,2,10,2,Yes,609151.0543611109
CLG0042,103,5.19,5.42,10,No,7,7,4,No,461778.7822207427
CLG0009,88,9.39,8.99,10,No,2,3,0,No,617226.8528874766
CLG0048,92,6.48,6.74,3,Yes,4,5,3,No,510097.22824249015
CLG0068,116,9.99,9.6,9,Yes,10,8,5,Yes,709801.5668801878
CLG0048,124,9.77,10.18,8,Yes,8,7,3,Yes,756946.7407390018
CLG0025,122,9.7,9.48,6,No,1,2,5,Yes,701588.8787677774
CLG0100,111,9.06,9.14,3,Yes,8,4,1,No,676630.9368624125
CLG0024,96,6.1,5.72,10,Yes,9,7,5,No,478205.968225495
CLG0023,51,7.66,7.43,8,No,4,9,2,No,467682.9797759874
CLG0062,104,6.12,6.02,2,No,8,7,2,No,494174.7660006725
CLG0079,99,6.3,6.29,4,No,3,8,5,No,523777.44728132745
CLG0089,102,8.05,7.55,4,Yes,7,10,3,No,574236.5394746072
CLG0061,100,5.2,5.59,9,No,7,9,1,No,477592.4236341939
CLG0010,80,9.85,9.36,8,Yes,2,1,0,No,634391.0829253747
CLG0010,108,9.59,9.86,7,Yes,4,3,1,No,709157.8523611106
CLG0070,109,6.9,6.87,4,Yes,9,6,2,No,554131.5587319008
CLG0069,110,7.58,7.6,7,No,0,8,0,No,588372.9584176254
CLG0060,114,7.33,7.04,1,Yes,5,7,3,No,584700.1973426989
CLG0093,109,9.41,9.52,8,No,8,6,0,No,687823.7484753008
CLG0084,93,8.44,8.48,8,No,0,4,3,No,631847.1192705574
CLG0065,98,6.39,6.05,9,No,1,8,1,No,502945.114842514
CLG0086,101,7.23,6.97,9,No,6,10,0,No,550863.8743409052
CLG0057,101,7.14,6.71,1,Yes,5,4,4,No,551716.3134806152
CLG0087,114,9.8,9.37,10,No,9,6,2,Yes,712275.5279882953
CLG0090,109,5.88,5.39,7,Yes,10,3,3,No,473081.01926350826
CLG0014,131,5.45,5.17,1,No,2,7,0,No,510422.51809724915
CLG0036,133,9.4,9.58,6,Yes,1,6,0,No,761981.6731613389
CLG0062,101,9.48,9.3,5,No,6,7,5,No,658664.3713608626
CLG0076,42,9.36,9.2,2,Yes,9,5,4,No,546108.224282221
CLG0015,118,7.55,7.18,3,Yes,9,5,5,No,607350.1702450805
CLG0049,91,8.3,8.38,8,Yes,4,2,5,No,603769.8831780656
CLG0080,87,7.82,7.66,2,Yes,5,6,5,No,550082.5736759177
CLG0015,94,5.35,5.53,4,No,8,1,1,No,474589.546541245
CLG0072,93,7.98,8.22,3,No,6,7,4,No,604063.266515641
CLG0044,109,5.07,5.15,7,No,3,3,0,No,470182.45006489434
CLG0078,76,6.62,6.4,8,Yes,10,2,2,No,476958.2272533609
CLG0002,83,9.66,9.67,4,Yes,8,7,0,No,644633.8766041716
CLG0076,105,6.52,6.27,6,No,2,9,0,No,525906.5928368599
CLG0063,109,9.7,10.1,3,No,3,1,0,No,716867.6792157858
CLG0024,109,6.25,6.52,7,No,9,6,5,No,553688.3636387757
CLG0002,88,6.57,6.56,8,No,2,8,4,No,513674.2081175373
CLG0082,85,8.14,8.61,7,Yes,9,2,4,No,611105.650893875
CLG0004,92,8.81,8.86,4,Yes,10,5,3,No,626426.0798601445
CLG0092,103,7.51,7.34,10,Yes,2,4,3,No,574493.4836302823
CLG0089,122,9.41,9.01,9,No,0,10,5,Yes,708079.2174309777
CLG0040,69,5.2,5.24,10,No,4,3,5,No,406965.71093365044
CLG0007,96,9.61,9.97,8,Yes,3,10,3,Yes,706077.5082380355
CLG0076,80,5.98,6.35,6,No,10,8,0,No,483636.70793920103
CLG0061,75,9.42,9.52,2,No,8,2,3,No,625126.8497820154
CLG0044,114,7.0,6.89,10,No,3,1,3,No,565935.664214733
CLG0083,108,9.16,9.31,7,Yes,2,1,1,No,676624.6738336605
CLG0068,106,8.36,8.62,9,Yes,5,10,5,Yes,628076.7683190804
CLG0002,113,5.88,5.79,9,No,9,5,5,No,504424.86891621636
CLG0088,92,9.59,9.57,9,No,10,9,4,Yes,687556.7916372761
CLG0045,93,6.23,6.41,9,No,4,4,3,No,507311.8271110949
CLG0011,132,6.22,6.6,6,Yes,3,7,4,No,593060.7442714575
CLG0088,96,9.07,9.36,1,No,0,2,2,No,674220.1444780126
CLG0039,111,5.53,5.05,6,No,10,3,5,No,465304.63744326145
CLG0073,100,6.11,5.73,5,Yes,2,10,1,No,491204.9518198024
CLG0007,72,7.52,7.87,7,No,3,9,2,No,540591.4111715298
CLG0029,69,9.15,9.48,8,No,9,5,5,No,602298.3307818862
CLG0099,91,5.74,5.63,1,No,10,6,4,No,457772.3466837168
CLG0064,115,7.74,7.82,10,Yes,7,3,4,No,617282.5071627764
CLG0024,111,8.56,8.97,4,No,8,6,2,Yes,659764.6908742617
CLG0067,113,9.3,9.71,4,Yes,7,10,3,Yes,715199.5777793318
CLG0001,85,9.68,9.96,1,No,8,8,1,No,665110.0923295451
CLG0097,124,8.92,8.63,4,No,9,10,4,Yes,671925.8076455634
CLG0046,85,8.26,8.49,7,Yes,0,1,0,No,576911.0307730176
CLG0098,103,7.17,6.77,6,No,10,10,1,No,539721.0257000766
CLG0043,99,5.56,5.95,4,Yes,0,8,2,No,488875.0991691132
CLG0010,97,8.55,8.2,2,No,2,8,4,Yes,610965.0876904208
CLG0079,120,9.96,10.12,7,No,3,7,4,Yes,762515.260384903
CLG0075,89,8.68,8.79,8,No,1,4,5,No,614861.6117953855
CLG0033,79,5.08,5.36,9,Yes,9,1,2,No,421655.4645094392
CLG0061,100,7.48,7.53,9,Yes,6,10,0,No,573967.9822830352
CLG0096,94,8.07,7.63,4,Yes,8,2,5,No,570411.1502447795
CLG0038,150,8.45,8.66,3,No,10,10,0,Yes,724127.2906662449
CLG0020,110,8.6,8.48,5,No,5,3,4,No,652649.8543053237
CLG0096,93,7.79,7.61,6,No,3,5,3,No,579159.4107276169
CLG0072,84,6.12,6.61,8,No,5,3,0,No,504565.52874629875
CLG0053,71,9.71,9.8,3,Yes,0,8,0,No,625745.2096991166
CLG0055,84,8.48,8.69,6,No,5,6,3,No,610603.6510848007
CLG0017,101,6.18,6.21,5,Yes,3,3,5,No,508859.5924632346
CLG0046,121,6.61,6.88,7,No,2,2,0,No,563846.4390928284
CLG0100,116,9.61,9.86,9,Yes,5,3,3,Yes,740987.24254115
CLG0002,103,9.44,9.6,7,No,8,2,2,No,678153.5370601551
CLG0098,95,7.03,7.53,6,No,7,3,5,No,575098.7163984363
CLG0011,104,5.19,5.15,9,No,7,9,1,No,465856.77112070663
CLG0078,92,5.24,5.45,10,Yes,8,1,1,No,444904.044927824
CLG0082,125,6.42,6.72,4,No,5,3,2,No,580055.375404988
CLG0010,97,8.15,8.03,1,No,7,7,0,No,587628.9320489444
CLG0023,98,7.92,7.88,8,No,6,2,1,No,588113.7471479475
CLG0088,66,8.17,8.64,6,No,0,3,2,No,570133.8446693622
CLG0044,97,8.59,8.12,6,Yes,5,6,1,No,598961.9440663402
CLG0075,112,5.1,4.94,5,Yes,10,2,0,No,475623.51907034125
CLG0056,83,5.53,5.52,10,No,3,1,5,No,416989.0262216426
CLG0028,88,6.8,6.3,3,No,2,10,3,No,498705.3085279685
CLG0027,111,5.77,6.17,6,No,2,2,2,No,533859.3121255551
CLG0048,77,5.38,5.17,1,Yes,9,4,5,No,407439.8278516715
CLG0072,115,8.2,7.96,7,No,7,5,1,No,645641.0741005692
CLG0037,92,9.08,9.4,6,Yes,0,1,0,No,655724.0398854729
CLG0064,94,8.76,8.54,5,Yes,6,4,5,No,623582.5463843506
CLG0047,83,9.09,9.25,3,Yes,10,5,1,No,629896.0764547329
CLG0049,105,8.33,8.65,8,No,9,4,0,No,651173.6979213696
CLG0066,136,8.68,8.97,4,No,3,2,0,No,709270.305201549
CLG0045,111,6.36,6.64,9,Yes,0,1,0,No,541003.8199019909
CLG0058,87,9.97,9.56,9,No,1,4,0,No,650150.6829109108
CLG0065,117,5.92,5.5,5,No,6,2,2,No,495537.7123845607
CLG0068,95,6.07,5.88,7,No,9,10,5,No,508507.34277449065
CLG0003,120,6.44,5.98,6,Yes,0,9,3,Yes,549157.2414285582
CLG0090,112,9.88,9.88,6,Yes,5,4,2,Yes,721188.1168442545
CLG0071,55,9.94,9.83,4,No,3,3,1,No,614427.7005073467
CLG0086,84,8.97,9.03,10,No,2,7,2,No,625994.8025405093
CLG0010,114,8.15,7.95,8,Yes,6,3,2,No,607869.8717975171
CLG0010,102,7.6,7.59,10,Yes,8,10,1,No,588681.631557188
CLG0039,84,9.85,9.68,3,Yes,4,8,3,Yes,649384.5619443521
CLG0065,90,8.48,8.18,5,No,5,5,2,No,600839.8286565025
CLG0058,71,9.72,9.87,1,Yes,6,4,0,No,647767.8890603719
CLG0037,98,6.58,6.75,1,No,9,1,2,No,547562.5984757793
CLG0075,133,6.67,7.0,9,No,5,5,1,No,609022.9413047592
CLG0034,112,9.27,9.64,4,No,5,9,3,Yes,720590.8979134891
CLG0010,132,5.75,5.95,9,Yes,2,8,2,Yes,558189.0143669059
CLG0078,113,9.73,9.92,7,Yes,10,4,2,Yes,724070.1231127388
CLG0038,115,7.54,7.1,10,Yes,2,9,1,No,571903.8596023119
CLG0061,129,9.63,9.24,8,No,4,7,4,Yes,728007.7055620543
CLG0066,105,6.68,6.99,9,Yes,6,2,4,No,546434.8767538562
CLG0074,97,8.58,8.31,1,Yes,5,7,5,No,617689.223701714
CLG0096,115,7.41,7.27,7,Yes,1,4,2,No,581553.6452801264
CLG0029,121,8.13,7.78,8,No,2,5,5,No,625539.791915989
CLG0050,92,7.52,7.22,2,Yes,4,1,0,No,544702.8131817784
CLG0065,89,9.84,10.12,10,Yes,6,4,2,No,685782.9129590497
CLG0004,102,8.46,8.22,9,No,5,2,5,No,617699.7836003732
CLG0097,112,6.26,6.21,1,No,9,9,4,Yes,539307.0395781306
CLG0024,111,9.55,9.2,3,Yes,2,8,2,Yes,682373.113281458
CLG0041,78,6.47,6.65,9,No,6,3,0,No,491848.24784906267
CLG0022,128,6.86,7.09,1,Yes,4,7,3,No,619360.426274132
CLG0010,90,5.51,5.37,4,Yes,9,7,2,No,456105.14521194657
CLG0044,96,9.5,9.78,10,No,3,6,1,No,672619.4918529531
CLG0060,86,6.43,6.17,6,No,5,3,0,No,481811.4016538127
CLG0026,140,6.29,6.48,6,No,1,9,2,Yes,617453.6179677312
CLG0014,103,9.6,9.83,4,No,6,9,4,Yes,685218.7171345653
CLG0012,87,9.03,9.5,10,Yes,1,6,5,No,644087.0602752424
CLG0020,112,5.71,5.44,10,No,6,3,2,No,491053.32139234565
CLG0098,111,8.85,8.44,10,No,7,4,5,Yes,659691.0904316375
CLG0035,97,9.57,9.33,10,No,1,5,4,No,658891.1225529138
CLG0086,112,5.39,5.01,1,Yes,7,9,1,No,475602.9370119391
CLG0063,87,9.13,8.8,5,Yes,6,3,3,No,609125.6214184277
CLG0017,92,7.74,7.57,5,No,2,9,4,No,561683.7448083175
CLG0028,69,8.35,8.26,3,No,6,5,2,No,540653.1951535974
CLG0087,80,7.46,7.86,3,Yes,0,6,1,No,551985.519387503
CLG0080,127,8.49,8.19,4,No,1,2,0,No,666377.42466755
CLG0087,124,5.17,5.64,3,No,4,2,2,No,534881.3325307007
CLG0037,100,8.81,9.12,3,No,10,2,5,No,663407.0087011165
CLG0100,124,5.17,5.55,3,No,8,7,5,No,534127.1939622392
CLG0023,97,7.28,7.71,7,No,0,6,5,No,592729.4972474789
CLG0095,96,5.75,6.0,9,No,4,7,0,No,481795.878891492
CLG0015,100,9.12,9.41,1,No,5,3,5,No,680510.8752022329
CLG0013,98,6.57,6.51,8,No,2,4,5,No,515582.3464868468
CLG0014,96,7.27,7.28,10,No,4,6,4,No,560196.917144363
CLG0086,117,7.14,7.57,1,No,1,3,5,No,608135.3210142346
CLG0009,102,8.86,8.74,9,No,10,1,1,No,635587.3394376276
CLG0008,110,7.41,6.95,8,Yes,7,6,3,No,580262.5174707957
CLG0078,115,8.94,9.2,6,No,2,10,2,Yes,705477.1850084227
CLG0071,105,5.37,5.44,6,No,4,10,1,No,489142.89542796544
CLG0067,85,5.96,6.27,10,Yes,0,2,1,No,508735.0371903534
CLG0100,79,7.76,7.34,7,No,4,7,3,No,520875.7945900967
CLG0023,102,9.74,9.86,8,Yes,0,5,5,No,690845.7272228147
CLG0081,97,5.37,5.12,7,No,8,1,4,No,453565.6037583301
CLG0041,101,5.22,5.62,1,No,1,9,5,No,481446.36304207036
CLG0089,99,5.78,5.39,10,Yes,5,2,5,No,456542.0077135976
CLG0087,138,8.21,8.55,4,Yes,8,2,3,Yes,711101.4396055277
CLG0075,80,6.99,6.58,4,Yes,2,10,3,No,488438.0635735076
CLG0032,70,9.13,8.66,9,No,5,10,3,Yes,570837.6128175798
CLG0065,104,5.36,5.1,9,Yes,0,4,5,No,475694.5197619556
CLG0027,94,5.98,5.81,3,Yes,6,2,0,No,466390.1651240221
CLG0092,104,6.5,6.63,9,Yes,1,10,5,No,546154.4627454036
CLG0090,108,8.13,7.76,5,No,4,6,2,No,607052.7960686414
CLG0064,119,8.43,8.37,6,No,4,5,3,Yes,669496.0539570648
CLG0073,77,5.62,5.32,7,Yes,0,10,2,No,421088.9313228183
CLG0094,91,9.72,10.08,3,No,10,10,5,Yes,695317.08659133
CLG0067,106,6.71,6.25,4,Yes,6,3,5,No,536624.6534776447
CLG0095,111,8.57,8.43,5,Yes,3,2,3,Yes,667902.1902232035
CLG0053,132,7.62,7.75,1,Yes,3,6,4,No,644553.9650647149
CLG0010,114,6.11,6.52,8,No,6,2,4,No,548350.4706635019
CLG0051,99,9.23,9.6,7,No,9,4,3,No,676678.9076713823
CLG0032,86,9.09,9.49,2,No,0,5,1,No,647995.5857391121
CLG0065,91,6.98,6.54,7,No,5,8,2,No,510724.0360936653
CLG0046,91,7.94,8.28,9,No,0,1,4,No,583482.4261892317
CLG0072,109,6.29,6.57,5,Yes,5,7,0,No,552610.1776806223
CLG0010,103,8.45,8.85,6,No,9,6,1,No,654181.3446013352
CLG0088,80,6.55,6.36,5,Yes,1,3,4,No,485411.39937332703
CLG0083,93,9.22,9.63,1,Yes,9,10,1,No,685429.9539560527
CLG0062,113,6.09,5.99,6,Yes,10,10,5,Yes,533794.8822475562
CLG0071,105,5.07,5.2,7,Yes,0,10,2,No,478151.0462407607
CLG0073,108,6.34,6.26,5,No,7,1,5,No,529034.7827847383
CLG0054,105,5.96,5.89,3,No,6,2,5,No,481499.5764211892
CLG0096,124,7.54,7.59,6,Yes,1,1,1,No,636416.2289462006
CLG0083,103,6.02,5.88,7,Yes,1,3,0,No,520343.0343431933
CLG0039,94,8.82,9.11,10,No,4,1,1,No,642956.8102742945
CLG0029,86,6.21,6.34,10,No,3,10,5,No,498253.9626902757
CLG0016,103,8.53,8.72,9,No,3,5,4,No,652226.7677424906
CLG0044,63,7.89,7.62,7,No,8,10,0,No,503941.0027015584
CLG0067,97,9.93,10.4,3,No,10,6,5,No,712316.38119648
CLG0069,96,10.0,10.16,1,No,0,1,2,No,701743.3439464009
CLG0070,79,9.35,9.05,7,No,9,1,4,No,600242.2271323047
CLG0017,86,8.8,9.05,8,Yes,8,4,2,No,636111.8738164925
CLG0081,112,6.93,6.6,1,No,2,4,5,No,543910.5602959555
CLG0100,103,8.77,8.33,5,No,7,8,3,Yes,634083.5312623187
CLG0042,101,9.78,9.81,8,No,4,10,4,Yes,684381.3279297831
CLG0096,104,5.12,5.17,10,No,9,7,1,No,472993.87821548356
CLG0040,101,7.69,7.38,7,No,2,7,2,No,574949.6195949683
CLG0014,118,6.09,5.94,2,No,8,9,1,No,529095.9795048772
CLG0032,101,7.79,8.24,4,No,8,8,5,Yes,616799.3809997331
CLG0043,78,7.33,7.12,6,Yes,7,3,0,No,505510.3656262237
CLG0077,124,7.88,7.54,7,No,2,4,2,No,628087.9925971688
CLG0047,105,7.75,8.24,7,Yes,2,8,2,Yes,603402.2727834944
CLG0023,91,9.8,9.6,3,No,9,5,0,No,656569.857413862
CLG0060,81,7.76,7.94,8,Yes,10,5,0,No,562685.2465317418
CLG0012,105,9.23,8.96,7,No,9,8,0,No,660154.4778329883
CLG0086,98,6.6,6.65,4,Yes,2,8,5,No,529121.0492460887
CLG0094,123,7.19,7.08,10,Yes,10,6,0,No,605774.1242830369
CLG0058,94,7.35,7.81,4,Yes,5,9,3,No,579548.5331957961
CLG0022,87,6.39,6.32,4,No,1,4,2,No,486398.6301397902
CLG0064,113,6.9,6.98,5,No,8,10,5,Yes,570010.0057477907
CLG0074,113,7.99,8.43,2,Yes,1,1,5,Yes,640395.8134403653
CLG0012,102,7.9,8.39,9,Yes,9,10,3,Yes,626922.2501345874
CLG0100,110,8.18,7.78,6,Yes,7,2,3,No,606726.0229975996
CLG0092,99,6.76,7.09,8,Yes,9,1,1,No,560870.7727898255
CLG0087,103,6.58,6.46,1,No,3,4,2,No,522363.1085659144
CLG0024,117,8.06,8.15,6,Yes,3,9,2,Yes,642512.3423147044
CLG0092,109,5.66,5.54,6,No,4,6,5,No,483178.88114604226
CLG0072,97,6.27,6.17,8,Yes,0,6,2,No,508263.78929497726
CLG0020,120,5.21,4.87,1,No,3,6,2,No,477938.43779463734
CLG0003,64,5.36,5.43,5,Yes,5,1,0,No,388410.89830580883
CLG0071,130,6.22,6.27,3,No,9,1,4,No,587823.1790939942
CLG0023,74,5.1,4.79,6,No,1,3,1,No,387437.6586549989
CLG0059,90,6.23,6.27,9,Yes,10,5,1,No,486993.14807525
CLG0099,99,8.27,8.74,10,Yes,2,2,0,No,652378.2897003397
CLG0033,97,5.31,5.52,3,Yes,10,1,3,No,471501.33575395605
CLG0046,115,7.18,7.16,9,No,3,9,4,Yes,587983.5035739719
CLG0035,84,9.57,9.99,9,Yes,2,1,1,No,658625.8569641241
CLG0022,103,8.96,9.04,1,No,8,4,3,No,654898.8118079803
CLG0034,91,6.53,6.17,2,No,5,9,2,No,472272.2162598481
CLG0036,104,9.62,9.67,4,No,10,10,5,Yes,687854.7861980414
CLG0026,99,6.65,6.33,7,No,4,2,4,No,522647.06428264146
CLG0041,101,5.36,5.63,2,Yes,4,10,4,No,479905.95925513114
CLG0010,91,9.97,10.44,7,No,1,3,5,No,700688.9279595728
CLG0007,92,9.35,9.21,5,No,8,4,2,No,660805.8929683742
CLG0042,104,7.33,7.26,10,No,1,2,1,No,577772.3153662481
CLG0011,114,8.33,8.25,7,No,4,2,4,Yes,633886.1822617801
CLG0081,91,8.36,8.15,9,No,6,6,0,No,601130.7108503258
CLG0072,86,5.97,6.26,9,No,2,10,0,No,482782.16900055046
CLG0071,109,6.0,6.12,3,No,7,5,0,No,532632.4024819183
CLG0072,99,7.35,6.91,3,No,4,5,5,No,541799.6898696844
CLG0097,112,9.56,9.9,7,No,9,9,4,Yes,717314.5381259896
CLG0006,86,5.05,4.74,5,No,2,7,1,No,395340.0286140534
CLG0046,73,8.91,9.39,5,No,2,9,5,Yes,625201.3332763797
CLG0005,92,5.29,5.17,5,No,2,1,3,No,452721.76784587157
CLG0080,88,7.39,7.51,9,Yes,10,2,1,No,550282.2621007122
CLG0045,98,8.19,7.77,4,No,2,5,3,No,580649.7729710578
CLG0014,90,8.43,8.27,6,Yes,3,10,4,Yes,596208.1919104963
CLG0034,111,5.29,5.59,6,No,9,7,2,No,496477.2027680267
CLG0056,95,7.09,7.07,7,Yes,0,8,3,No,557405.4070408889
CLG0058,102,7.92,8.32,2,No,2,7,3,No,610387.0006880651
CLG0050,102,5.33,5.41,6,Yes,9,9,1,No,467841.4303097073
CLG0098,102,5.68,6.11,9,No,9,3,4,No,502903.72275896167
CLG0089,99,8.32,8.8,3,Yes,4,5,1,No,642755.2595734196
CLG0086,107,7.61,7.56,2,No,7,6,4,No,579554.6024155761
CLG0067,88,5.81,5.88,8,No,7,10,3,No,474625.5365123494
CLG0082,120,7.68,8.01,1,No,8,7,2,Yes,642318.2756163002
CLG0056,96,9.56,9.28,8,Yes,8,7,5,No,662502.3135709696
CLG0020,80,5.08,5.44,5,No,5,4,4,No,446599.44629824767
CLG0013,102,8.21,8.3,9,No,9,1,3,No,635527.5819482047
CLG0098,87,5.37,5.6,9,Yes,6,8,5,No,454552.3414036087
CLG0085,109,5.03,4.61,4,No,10,10,5,No,428720.33497774805
CLG0093,133,5.75,6.02,1,Yes,3,1,2,No,575416.0125528272
CLG0073,88,7.11,6.92,5,No,2,1,1,No,528428.5952763048
CLG0086,104,9.01,9.32,7,Yes,10,9,1,No,672207.0330100837
CLG0095,73,6.41,6.42,9,Yes,2,10,4,No,458386.87871811696
CLG0045,106,8.13,7.9,10,Yes,1,10,4,No,602690.9807574918
CLG0031,86,7.06,7.51,9,No,7,3,4,No,543393.0202141148
CLG0070,90,6.17,6.44,9,No,6,9,1,No,519932.46468424133
CLG0041,83,7.57,8.06,6,No,7,10,4,Yes,560797.1171731543
CLG0046,110,8.99,8.85,2,No,5,10,3,Yes,644845.1659766329
CLG0002,115,9.16,9.31,5,Yes,9,1,5,Yes,701854.4237984092
CLG0007,100,9.23,9.34,3,Yes,9,7,0,No,680521.8536467633
CLG0012,87,6.69,6.88,6,No,4,5,0,No,523707.09723453247
CLG0064,123,8.97,8.51,5,No,0,4,4,Yes,678255.732349713
CLG0043,88,6.06,5.85,10,No,7,5,3,No,483805.5637926115
CLG0051,67,8.69,9.1,1,No,1,1,3,No,610769.5140258103
CLG0083,106,9.74,9.66,10,No,0,10,3,Yes,674034.3155081797
CLG0020,83,5.07,5.53,10,Yes,8,7,5,No,450453.95394743467
CLG0013,114,7.2,6.91,2,Yes,10,2,2,No,571603.9002262782
CLG0047,94,8.24,8.74,5,No,10,9,5,Yes,629470.097933515
CLG0085,109,8.51,8.71,6,Yes,7,5,3,No,640142.9267921866
CLG0026,121,5.88,6.16,1,Yes,10,5,1,No,525721.258267184
CLG0097,81,9.86,9.76,7,Yes,8,3,1,No,639004.6830278612
CLG0058,91,8.08,8.49,3,Yes,4,10,3,Yes,595726.1020952835
CLG0022,98,5.82,5.87,1,No,2,2,0,No,491855.17571592587
CLG0059,123,5.1,5.28,7,No,10,8,2,Yes,500534.58478544565
CLG0075,90,8.92,8.51,7,No,7,9,5,Yes,620084.0158338186
CLG0015,91,5.4,5.53,10,No,3,3,1,No,459507.9640538761
CLG0045,107,5.71,6.09,3,No,0,8,1,No,512298.28851402504
CLG0047,91,7.87,7.55,6,No,8,6,1,No,567013.5218931946
CLG0082,102,8.02,8.26,4,No,10,9,5,Yes,606130.0420095382
CLG0031,76,8.43,7.96,4,Yes,3,10,2,No,550267.9558127343
CLG0098,133,6.97,7.4,9,Yes,1,4,3,No,633819.7561519424
CLG0029,79,8.87,9.35,7,Yes,9,3,2,No,637459.9395633916
CLG0041,95,9.87,9.72,6,No,2,7,3,No,672819.2275258751
CLG0081,99,6.36,5.97,9,Yes,5,1,4,No,506023.02634703903
CLG0018,128,8.52,8.68,3,No,8,3,1,No,706436.3043968449
CLG0096,80,9.64,9.17,4,No,5,7,5,No,615474.5670269765
CLG0010,129,8.43,8.41,9,Yes,3,7,0,No,688127.7018291735
CLG0009,111,8.41,8.18,4,No,0,9,2,Yes,604514.2034488695
CLG0052,106,6.12,6.09,7,Yes,1,10,5,No,530220.9581085006
CLG0027,85,7.68,7.2,9,No,6,9,2,No,539117.4899493784
CLG0026,108,7.81,7.36,4,No,2,7,5,No,590251.5398177275
CLG0085,89,8.5,8.02,9,Yes,1,3,1,No,588237.9881366207
CLG0029,118,9.98,10.1,7,Yes,5,3,1,No,748292.6836797409
CLG0020,85,5.17,5.23,4,Yes,3,5,5,No,416009.80000414734
CLG0073,98,5.33,5.06,3,No,0,9,0,No,461296.8997314609
CLG0068,91,5.39,5.54,6,Yes,8,1,0,No,471539.3026816957
CLG0015,85,8.71,9.09,3,No,8,1,1,No,615105.2744582391
CLG0052,111,5.68,5.46,7,No,10,9,5,Yes,492312.6686985667
CLG0087,108,8.11,8.44,1,Yes,4,7,3,No,639462.5630310356
CLG0080,118,6.62,6.78,7,No,7,4,1,No,574101.5495454153
CLG0001,73,7.29,6.82,3,Yes,5,1,0,No,482921.62553385174
CLG0019,115,6.08,5.96,9,No,6,6,1,No,510582.2373632804
CLG0026,137,9.33,9.34,6,Yes,5,9,0,Yes,740656.8553094112
CLG0059,93,7.93,8.16,7,No,6,6,4,No,586270.8805373939
CLG0004,128,9.72,9.51,9,No,2,5,3,Yes,721588.9498368696
CLG0062,96,7.87,8.35,6,No,10,1,5,No,590271.4875111866
CLG0092,79,5.62,5.8,10,No,2,9,0,No,445346.8007108579
CLG0057,95,5.85,5.72,2,Yes,9,9,5,No,497388.4404287629
CLG0060,115,9.95,9.55,6,No,2,1,2,Yes,701273.8870775333
CLG0035,87,8.63,8.31,6,No,9,4,2,No,599306.307083421
CLG0035,90,5.25,5.24,2,Yes,5,1,5,No,439819.29448719375
CLG0040,108,8.52,8.51,7,No,0,10,3,Yes,634285.9567583302
CLG0021,100,7.06,7.33,9,No,8,4,3,No,562522.9610269152
CLG0027,108,6.54,6.77,10,No,8,7,2,No,544706.9608715137
CLG0047,103,5.77,5.47,4,No,3,8,5,No,480754.34867508936
CLG0013,107,9.2,9.29,5,Yes,1,3,5,No,652078.2801264729
CLG0054,93,5.32,4.84,6,Yes,6,3,5,No,425343.88244960154
CLG0006,103,6.45,6.35,1,No,6,10,5,No,513690.55450417043
CLG0031,86,6.53,6.79,8,Yes,5,5,5,No,515925.95409171324
CLG0087,119,5.8,5.7,9,No,7,6,4,No,509287.80291119264
CLG0033,90,7.54,7.88,1,No,2,3,4,No,571111.397937286
CLG0009,116,5.06,5.54,4,No,1,6,0,No,517233.93244104687
CLG0069,96,6.5,6.61,6,No,9,10,3,No,515447.0230075843
CLG0044,103,9.67,9.32,10,Yes,0,7,2,No,680420.2272008185
CLG0058,92,6.55,6.43,1,No,2,6,5,No,514700.9437961688
CLG0038,84,6.8,6.31,3,Yes,7,6,5,No,473049.10714197974
CLG0044,73,7.37,7.47,7,No,7,2,3,No,520083.2128568679
CLG0068,84,7.81,8.13,8,No,6,4,2,No,582605.2287255127
CLG0032,95,9.04,9.17,8,No,1,1,2,No,660711.0042163309
CLG0003,103,5.95,6.24,5,No,2,10,0,No,503559.055559386
CLG0098,115,9.36,9.66,1,Yes,6,5,3,Yes,721743.0381760008
CLG0059,93,8.79,9.14,1,No,10,10,4,Yes,609169.4460568547
CLG0012,86,8.61,8.38,8,Yes,7,3,3,No,578363.5865648643
CLG0100,78,5.43,5.8,5,No,8,3,2,No,459472.0304512787
CLG0046,107,5.11,5.26,9,No,5,4,4,No,465101.1089707452
CLG0032,120,7.97,7.76,1,Yes,9,9,2,Yes,636678.4566566302
CLG0031,118,9.32,9.81,2,Yes,2,6,3,Yes,726320.2419391049
CLG0013,110,7.92,8.37,4,Yes,8,10,2,Yes,648254.2725543508
CLG0049,109,6.07,6.14,10,No,4,8,5,No,525081.4906592373
CLG0086,125,5.45,5.79,7,No,3,5,1,No,542461.373049961
CLG0091,104,8.5,8.26,4,No,8,6,4,No,610397.4241169696
CLG0069,109,8.61,8.53,8,No,9,3,5,No,647804.6786035753
CLG0064,95,5.86,5.54,7,Yes,1,7,0,No,454835.66752923693
CLG0026,79,5.14,5.16,5,No,9,9,1,No,413503.0816073314
CLG0049,89,7.04,7.04,7,No,3,9,5,No,539487.7970071693
CLG0083,99,7.91,7.62,8,Yes,5,7,2,No,554416.3759428556
CLG0023,100,8.53,8.7,3,No,10,3,3,No,643638.2878523218
CLG0092,128,9.05,8.67,3,No,5,5,2,Yes,698757.8599161636
CLG0066,101,8.05,7.61,2,No,10,10,0,No,573686.8340086432
CLG0003,117,5.55,5.43,4,No,9,9,3,Yes,513884.5145230259
CLG0077,93,8.41,8.32,4,No,4,9,4,Yes,612633.6177919926
CLG0100,95,9.92,9.74,4,No,9,3,4,No,679836.1187337704
CLG0021,80,9.53,9.29,2,Yes,6,5,2,No,619118.2864520766
CLG0046,88,9.36,9.2,7,Yes,4,1,1,No,645266.3214502842
CLG0039,107,6.51,6.17,10,No,5,7,3,No,527770.2619129145
CLG0078,100,8.75,8.65,3,Yes,0,2,5,No,642190.4289986249
CLG0038,114,9.26,9.66,10,No,7,10,1,Yes,720079.3435096632
CLG0028,102,8.39,8.11,1,No,4,10,2,Yes,581175.1196019085
CLG0069,94,6.25,6.43,2,No,4,6,5,No,513378.6045052554
CLG0045,132,9.77,9.41,5,No,9,10,5,Yes,724941.8405304552
CLG0062,98,7.25,7.1,9,No,5,6,3,No,552859.1510661683
CLG0017,117,5.65,5.47,4,Yes,5,7,4,No,520417.1795768652
CLG0040,93,5.55,5.99,6,No,7,3,4,No,477584.21470712783
CLG0035,110,8.24,8.17,3,Yes,3,8,2,Yes,639177.8273356643
CLG0082,113,7.19,7.38,9,No,3,5,3,No,598971.8143683546
CLG0057,103,5.47,5.57,2,No,2,10,5,No,484656.4064401231
CLG0085,64,8.7,8.34,8,No,8,4,2,No,550925.2264551554
CLG0025,100,9.0,9.44,3,Yes,7,9,4,Yes,661129.7764212994
CLG0095,118,8.63,8.48,8,No,4,9,5,Yes,654354.338645189
CLG0015,107,6.01,5.55,3,No,10,2,5,No,501637.8233803449
CLG0019,106,8.45,8.25,4,Yes,7,1,0,No,639011.5212839491
CLG0051,74,5.05,4.89,8,No,5,3,1,No,399316.55533859873
CLG0013,89,6.53,6.12,10,No,4,10,2,No,489103.1212110736
CLG0096,106,6.99,7.11,4,No,8,8,5,No,578912.0924309349
CLG0095,106,9.18,9.03,9,No,8,4,0,No,654008.1125896212
CLG0078,118,6.95,7.08,9,No,10,5,4,No,610166.5436355112
CLG0025,97,5.06,4.57,6,No,7,5,2,No,421400.75119905727
CLG0083,106,6.76,7.24,1,No,9,2,4,No,578733.0756335506
CLG0023,100,7.49,7.16,9,No,2,1,4,No,552635.9253709809
CLG0083,85,9.75,9.91,9,Yes,8,8,2,Yes,649764.2111579021
CLG0081,66,9.71,9.93,7,Yes,5,10,0,No,618014.1172084721
CLG0059,106,5.9,5.57,9,No,8,5,2,No,480882.23689513345
CLG0016,102,5.93,5.54,8,No,0,2,5,No,472175.0073267558
CLG0096,90,5.82,5.47,9,No,0,7,4,No,445214.727559997
CLG0095,75,8.94,8.69,9,Yes,5,2,3,No,571175.3219252438
CLG0051,109,5.03,4.7,7,Yes,3,6,4,No,466671.05181017925
CLG0010,96,5.64,5.81,6,No,4,9,5,No,491579.731646648
CLG0072,108,7.69,7.61,2,Yes,4,4,2,No,609191.1255803641
CLG0055,127,6.24,6.28,7,Yes,2,5,0,No,567308.2265788534
CLG0062,67,5.46,5.01,1,No,8,1,4,No,385277.9181680866
CLG0045,89,6.8,7.16,6,No,0,1,0,No,537246.0370429908
CLG0066,96,6.37,6.04,6,No,5,9,5,No,499042.828223498
CLG0025,121,7.56,7.42,7,No,1,5,0,No,608275.143450977
CLG0058,75,9.9,9.47,2,No,1,3,1,No,629882.0559275454
CLG0091,129,5.62,5.26,4,Yes,8,2,5,No,519702.44709432474
CLG0064,102,6.86,7.03,2,No,9,10,0,No,555598.2291877232
CLG0044,98,9.66,9.85,4,Yes,1,7,4,No,684891.2763154195
CLG0024,97,9.38,9.56,3,No,8,4,4,No,652415.7037891028
CLG0051,93,6.97,7.02,2,No,7,3,2,No,538946.2242100124
CLG0063,115,8.49,8.94,2,Yes,6,2,2,Yes,667065.1128513903
CLG0024,83,5.44,5.45,3,No,7,10,0,No,438601.9170759438
CLG0048,105,8.56,8.51,10,Yes,8,10,5,Yes,643936.5931148053
CLG0020,94,9.86,9.61,4,Yes,9,4,5,No,675292.8170796623
CLG0032,88,7.69,7.29,7,No,8,9,3,No,536888.1215516162
CLG0034,138,7.49,7.54,4,No,2,10,5,Yes,666249.887713646
CLG0093,106,5.94,5.75,7,Yes,9,7,5,No,496385.1824631113
CLG0052,109,8.17,8.19,4,No,0,1,4,No,612243.0316701719
CLG0038,117,7.95,7.66,3,Yes,7,3,0,No,608792.195662402
CLG0014,78,8.26,8.6,8,No,9,5,5,No,573451.3702411933
CLG0024,126,5.13,5.63,3,No,3,7,2,No,520573.87697780965
CLG0099,62,7.74,7.56,8,Yes,4,5,4,No,490976.36827757687
CLG0083,88,7.97,8.31,2,Yes,10,9,1,No,582962.1463690604
CLG0072,93,6.04,6.41,3,Yes,5,7,5,No,488013.1530813379
CLG0008,108,6.04,6.54,4,No,5,1,2,No,560265.7314998916
CLG0006,103,6.38,6.22,3,No,6,6,5,No,526623.6305938397
CLG0075,97,8.56,8.82,6,No,9,2,1,No,640837.7430626722
CLG0043,99,8.03,7.76,9,No,2,6,4,No,593670.8098619741
CLG0055,85,9.23,9.35,10,No,1,3,3,No,637433.8191243337
CLG0077,77,6.48,6.68,8,No,8,2,0,No,474899.591164233
CLG0027,110,9.56,9.8,4,No,1,3,0,No,704103.631878843
CLG0024,110,8.72,8.43,2,No,8,10,3,Yes,644222.7921009491
CLG0092,123,6.98,7.33,10,Yes,9,4,0,No,602991.9341720775
CLG0067,88,5.48,5.4,1,Yes,3,1,5,No,448209.2637874691
CLG0006,110,6.28,6.0,4,No,10,4,5,No,500997.7681733873
CLG0066,95,9.78,9.82,5,No,0,6,0,No,678203.681679222
CLG0097,117,6.55,6.91,2,Yes,2,5,1,No,577770.4805685208
CLG0016,115,6.65,7.12,3,No,9,5,0,No,577023.975134414
CLG0057,103,5.95,6.2,4,Yes,1,9,1,No,506439.6771656718
CLG0062,94,9.03,8.54,3,Yes,3,9,0,No,622181.0274627251
CLG0091,114,6.38,6.01,8,Yes,1,9,5,Yes,530665.4577642737
CLG0085,109,6.65,6.23,2,No,9,7,0,No,528194.0851839331
CLG0065,89,7.07,6.67,9,Yes,5,10,2,No,508234.63195594837
CLG0018,80,7.17,7.05,6,Yes,10,9,3,No,520924.289331193
CLG0080,95,7.06,6.9,1,Yes,9,8,2,No,514706.0253526978
CLG0038,122,7.52,7.13,8,Yes,0,8,0,No,601180.4302931475
CLG0018,117,9.07,9.45,10,Yes,4,5,1,No,702483.6224230502
CLG0014,83,9.1,9.22,6,Yes,8,9,0,No,614254.7156847429
CLG0026,82,8.99,9.29,4,No,0,8,4,Yes,639047.2771497127
CLG0070,119,5.51,5.38,6,No,3,7,4,No,491028.1360712123
CLG0011,82,9.0,8.91,2,No,1,8,4,Yes,619917.6362114253
CLG0002,107,5.6,5.42,1,No,10,9,4,No,481642.2013828449
CLG0025,90,5.62,5.56,6,Yes,1,7,0,No,443549.8418586042
CLG0067,124,9.74,9.85,8,Yes,4,9,4,Yes,736819.6938962119
CLG0061,88,9.1,9.09,5,No,1,8,3,Yes,635231.6744140196
CLG0040,117,7.76,8.1,8,Yes,4,2,0,No,635204.3834713107
CLG0030,102,9.37,9.77,3,No,0,3,2,No,682827.3609423218
CLG0009,103,9.95,9.92,6,No,4,6,0,No,690029.7480486123
CLG0030,70,8.05,7.79,1,No,2,6,1,No,542883.645901349
CLG0021,66,8.06,8.51,3,No,1,7,3,No,564788.7130964004
CLG0086,96,8.77,9.01,4,No,10,2,0,No,640290.9534045745
CLG0045,103,6.16,6.3,5,Yes,3,1,2,No,512996.813269155
CLG0012,83,5.84,6.09,3,Yes,0,5,1,No,477082.2799292847
CLG0042,83,8.8,8.38,8,Yes,2,2,5,No,572000.528425813
CLG0053,108,6.72,6.29,5,No,10,9,1,No,537858.8883795738
CLG0030,108,5.68,5.33,7,No,0,3,2,No,501059.45706111833
CLG0046,97,6.57,6.22,5,Yes,7,2,5,No,498549.6851617695
CLG0070,111,6.79,6.71,8,No,4,7,2,No,560212.8731918525
CLG0091,82,9.83,9.49,1,Yes,0,6,2,No,619371.0726360999
CLG0098,94,8.49,8.84,3,No,1,8,2,Yes,621010.6486857702
CLG0079,124,7.65,7.73,3,No,8,9,4,Yes,639141.343958222
CLG0060,101,9.84,9.71,10,No,6,3,3,No,665139.4487413102
CLG0055,101,9.52,9.09,10,No,2,8,2,Yes,657500.0697831227
CLG0054,134,7.56,7.65,3,No,0,4,4,No,628028.7594007333
CLG0030,79,9.53,9.15,6,No,1,2,0,No,610377.0900270846
CLG0079,111,7.02,7.26,9,No,6,4,1,No,587684.3385070394
CLG0059,124,6.15,6.45,6,Yes,7,4,0,No,563014.1158574484
CLG0036,95,6.16,6.2,5,Yes,4,8,0,No,497718.24847483874
CLG0058,112,8.31,7.96,1,No,3,10,5,Yes,632932.3604898258
CLG0057,85,7.51,7.8,2,No,9,8,4,No,574540.5259111079
CLG0093,89,8.29,8.1,1,Yes,3,7,4,No,587961.6320700186
CLG0007,105,8.43,8.15,6,Yes,4,4,2,No,621493.4635369463
CLG0079,111,5.11,5.08,3,Yes,6,2,2,No,477090.2869330358
CLG0052,116,5.27,5.69,5,Yes,6,1,4,No,516512.0778391848
CLG0051,123,7.66,7.46,6,Yes,3,2,3,No,608656.7574834106
CLG0093,98,5.96,6.37,5,No,0,2,5,No,508666.8751853384
CLG0014,117,8.16,7.71,3,Yes,4,3,5,No,633794.0274045086
CLG0074,94,7.76,7.34,2,No,6,10,2,No,559470.8078461412
CLG0024,113,7.93,8.13,2,No,3,5,5,Yes,633279.0739227958
CLG0038,103,6.51,6.2,2,No,6,1,0,No,502074.95100970357
CLG0002,106,8.2,8.02,10,Yes,7,5,2,No,594691.2217257569
CLG0071,106,9.15,8.79,4,No,1,7,2,No,652173.645365462
CLG0035,75,9.99,9.82,4,Yes,1,1,3,No,656225.4475977957
CLG0092,83,9.19,8.97,3,No,4,4,4,No,597229.0463705127
CLG0040,101,7.79,8.03,8,Yes,2,2,3,No,607779.7273033276
CLG0050,74,5.97,6.17,4,No,3,8,2,No,463228.1784364221
CLG0026,112,8.41,8.86,8,No,0,2,3,Yes,679003.8924022892
CLG0096,113,9.69,9.91,3,No,10,1,5,Yes,719465.9078079192
CLG0015,104,6.06,6.25,2,Yes,3,2,2,No,524825.1711576242
CLG0086,83,6.28,6.47,8,No,10,10,3,No,474275.46112305037
CLG0087,120,5.75,6.13,6,No,3,4,1,No,554269.9128817978
CLG0010,130,8.68,8.48,2,No,3,5,1,No,684310.4538993457
CLG0089,102,7.03,6.83,7,Yes,2,2,2,No,551295.5065920466
CLG0027,107,5.31,5.55,10,No,1,4,3,No,478832.7565697922
CLG0026,103,9.37,9.1,7,Yes,3,7,2,No,676531.6682642224
CLG0018,107,7.79,8.2,4,No,7,5,3,No,625266.1048268328
CLG0065,98,6.66,6.69,8,Yes,2,8,4,No,526904.7259437029
CLG0066,99,6.72,6.52,3,No,5,10,3,No,522134.2278338331
CLG0032,113,6.45,6.73,9,No,1,9,3,Yes,556851.0189460567
CLG0095,135,7.28,7.09,5,No,0,1,2,No,619824.4682174021
CLG0076,78,6.69,7.15,3,Yes,6,1,3,No,509182.2460772511
CLG0077,98,7.74,8.22,9,No,5,3,2,No,588408.0029876702
CLG0059,82,8.87,9.04,2,Yes,9,8,2,Yes,624313.5683294651
CLG0063,123,8.37,7.98,2,No,3,1,0,No,629597.5024693898
CLG0093,91,6.47,6.23,3,No,6,10,2,No,504503.0346980367
CLG0059,78,7.64,7.66,9,Yes,5,2,3,No,531479.8883018296
CLG0003,109,9.2,9.55,10,No,1,1,1,No,699292.0820857343
CLG0068,126,5.34,5.02,3,Yes,3,1,4,No,507513.5513405221
CLG0016,109,5.39,4.99,5,No,8,9,3,No,452817.0392213115
CLG0063,103,7.78,7.35,9,No,7,10,5,No,570806.971360997
CLG0010,106,8.2,8.21,10,No,5,1,3,No,632231.4405167706
CLG0014,121,6.06,6.44,6,Yes,0,4,3,No,588608.7553908657
CLG0051,86,8.73,8.27,6,Yes,6,7,0,No,599792.4729767365
CLG0083,98,8.23,7.94,1,No,0,5,1,No,590323.7140231715
CLG0043,93,9.62,9.81,2,No,7,10,3,Yes,664883.9214977777
CLG0094,82,5.84,6.17,9,Yes,2,5,5,No,468450.4061059141
CLG0068,95,8.76,9.07,8,Yes,8,7,2,No,636532.7286993937
CLG0062,116,5.42,5.71,2,No,4,6,1,No,515057.1833205575
CLG0100,108,7.83,7.46,5,No,5,6,1,No,588864.0003548868
CLG0062,109,7.76,7.66,5,Yes,3,8,3,No,618127.6756870475
CLG0032,102,6.94,7.42,6,No,5,10,2,No,556280.5538522932
CLG0091,107,9.22,9.71,4,No,8,9,1,No,728239.231260984
CLG0023,87,5.02,5.12,9,Yes,6,2,4,No,442164.6452118192
CLG0083,95,7.6,7.81,5,No,1,10,2,No,562769.0064285493
CLG0034,102,6.09,6.54,4,No,10,4,1,No,540887.1341498011
CLG0075,104,8.72,8.67,9,No,5,10,1,No,642250.6721328618
CLG0019,104,5.22,4.86,2,No,10,9,2,No,454366.001946819
CLG0023,97,9.16,9.33,2,Yes,10,10,0,No,648139.4829556685
CLG0044,94,9.19,9.65,3,No,8,1,2,No,670100.0745293273
CLG0051,147,9.16,9.36,10,No,7,10,4,Yes,764885.2414313968
CLG0040,113,5.76,6.06,4,No,10,8,0,No,535311.5740349108
CLG0056,106,8.15,8.07,10,No,0,1,3,No,613173.2059774505
CLG0072,96,5.07,4.67,9,No,4,4,0,No,424617.75719640794
CLG0009,93,9.24,8.91,5,Yes,5,9,4,Yes,647369.01306134
CLG0014,98,8.61,9.09,2,Yes,8,4,4,No,665755.2098596559
CLG0058,104,7.66,7.65,3,No,3,5,4,No,587650.3846762147
CLG0063,71,8.65,8.16,8,No,0,9,1,No,543505.8088770239
CLG0099,76,5.47,5.93,6,No,5,8,0,No,453835.9813672969
CLG0034,90,7.64,7.64,5,Yes,8,1,4,No,573026.9563048311
CLG0065,103,6.46,6.8,4,Yes,5,3,5,No,533426.1882621204
CLG0032,96,9.86,9.91,4,No,6,4,0,No,687889.4038292756
CLG0008,122,9.29,8.89,8,Yes,9,3,5,Yes,692661.1258659017
CLG0023,77,8.67,8.79,6,No,3,9,0,No,584954.6317052939
CLG0032,88,9.67,10.17,5,Yes,1,6,3,No,685447.9734256383
CLG0038,122,6.73,6.26,5,No,2,3,5,No,543426.3264394463
CLG0099,101,9.5,9.84,6,No,10,8,3,Yes,694943.8018338617
CLG0022,113,6.63,6.37,3,No,0,9,3,Yes,546948.8870727838
CLG0027,130,8.66,8.55,7,No,1,10,5,Yes,685050.196242897
CLG0085,89,8.68,8.55,1,No,6,4,1,No,606297.7740333873
CLG0061,98,5.09,5.49,5,No,8,5,1,No,458393.69386400655
CLG0052,95,6.81,6.81,6,No,8,3,3,No,544059.2644678643
CLG0029,70,5.1,5.05,2,No,8,5,4,No,387328.7329073551
CLG0013,95,9.99,10.31,2,Yes,10,2,2,No,706122.6753263834
CLG0037,113,5.61,5.16,9,No,0,2,5,No,484267.96383300546
CLG0042,108,7.71,7.3,2,Yes,6,5,1,No,578618.8102416162
CLG0045,109,8.95,8.47,3,Yes,6,7,2,No,633592.755063347
CLG0042,94,6.01,6.2,1,No,8,1,1,No,477047.66769672424
CLG0034,90,7.43,7.46,9,Yes,8,3,0,No,561771.7579892055
CLG0034,119,8.04,8.42,1,Yes,0,1,4,Yes,659135.9673596664
CLG0074,92,5.8,5.8,4,No,9,8,1,No,482195.3813466636
CLG0079,104,8.89,8.61,7,No,4,2,0,No,625836.9707474944
CLG0027,102,6.5,6.81,2,No,1,6,4,No,563447.0783622895
CLG0080,121,6.06,5.85,8,Yes,5,6,5,No,529602.1454132763
CLG0042,114,7.79,8.23,8,No,1,9,1,Yes,639814.4273261724
CLG0026,80,7.05,6.8,3,No,5,6,4,No,507501.7323711365
CLG0052,82,9.6,9.27,4,Yes,6,10,1,No,622996.6378905206
CLG0027,108,9.4,9.39,7,No,5,6,3,No,682596.5321512548
CLG0051,99,7.42,6.97,5,Yes,10,1,1,No,535008.8666767895
CLG0068,93,6.8,6.34,5,Yes,0,7,1,No,506611.95789691247
CLG0061,115,6.63,6.63,2,Yes,3,6,0,No,566524.9032720438
CLG0034,102,6.34,6.06,6,Yes,2,8,3,No,500788.7271649242
CLG0075,100,7.72,7.23,4,No,4,1,2,No,550993.1630516923
CLG0003,111,9.02,8.82,5,No,6,8,4,Yes,674030.3268071235
CLG0025,94,6.55,6.53,5,No,2,8,2,No,523646.1155957515
CLG0025,123,5.95,5.84,2,No,0,1,2,No,539771.7570973084
CLG0065,88,7.38,7.02,8,Yes,10,7,3,No,521477.6640967763
CLG0076,109,5.35,5.43,1,Yes,10,7,3,No,485339.4960423941
CLG0082,121,8.51,8.72,2,Yes,8,7,3,Yes,658118.5863619079
CLG0037,79,7.59,7.77,7,No,5,3,0,No,538551.420186516
CLG0013,94,7.48,7.37,7,No,5,3,0,No,565068.2972119619
CLG0082,117,6.5,6.14,2,Yes,3,8,4,Yes,536179.6706156471
CLG0015,117,9.52,9.52,1,No,10,8,3,Yes,702572.769172921
CLG0006,97,5.45,5.84,10,Yes,0,8,2,No,488485.45730072196
CLG0039,88,9.35,9.32,1,No,8,3,4,No,646321.9397888376
CLG0013,114,6.88,6.58,1,No,9,4,0,No,564475.9272736259
CLG0076,117,9.4,8.99,6,Yes,6,2,1,No,679592.1547368392
CLG0074,82,8.64,9.08,10,Yes,9,3,1,No,627346.8740824582
CLG0026,81,5.52,5.76,7,Yes,6,5,4,No,443565.8948813531
CLG0027,103,9.16,8.97,2,Yes,10,3,0,No,655474.5030479927
CLG0022,109,8.41,8.21,6,No,6,4,4,No,642896.1033765392
CLG0097,95,5.16,5.56,4,No,6,7,0,No,480204.8419096683
CLG0080,110,5.67,5.35,9,No,7,3,3,No,495259.2305710081
CLG0065,89,8.18,8.22,8,No,10,1,1,No,599840.3500828901
CLG0043,68,8.31,8.52,8,Yes,7,1,2,No,559964.7794100377
CLG0043,93,8.73,8.63,2,No,2,4,3,No,604144.9700989897
CLG0065,100,8.6,8.14,5,Yes,7,1,2,No,619703.1713562309
CLG0011,95,8.3,8.03,2,No,3,6,4,No,578565.7745918302
CLG0086,82,8.83,9.23,3,No,6,4,1,No,623660.4863798127
CLG0093,72,7.88,7.9,8,Yes,4,5,2,No,525292.9803053859
CLG0034,92,6.3,6.62,5,Yes,3,6,5,No,509998.29080152407
CLG0067,113,9.56,9.62,4,Yes,3,2,4,Yes,721309.9542135875
CLG0095,118,5.09,5.53,5,Yes,5,1,0,No,523805.16939199116
CLG0077,117,6.83,7.24,8,No,1,10,3,Yes,602260.7295721455
CLG0058,87,8.64,8.62,10,Yes,4,2,0,No,601735.1516010258
CLG0011,82,7.14,6.96,7,Yes,7,6,3,No,505421.4145204185
CLG0050,107,5.12,5.22,6,Yes,1,10,1,No,476030.43715121783
CLG0072,109,5.33,5.5,2,No,4,9,2,No,500957.73499959527
CLG0010,106,8.24,8.24,10,No,6,8,0,No,616820.7053948037
CLG0079,69,9.82,10.14,5,No,4,10,0,No,648359.6975943446
CLG0008,86,7.76,7.44,10,Yes,9,1,2,No,545496.7638928609
CLG0064,99,7.53,7.36,9,No,8,5,2,No,539298.4296885636
CLG0030,107,6.59,6.78,9,Yes,8,7,4,No,534822.8815150029
CLG0036,111,6.28,6.03,9,Yes,7,8,3,Yes,521281.92819654854
CLG0030,102,5.1,5.04,3,No,8,7,5,No,449361.02181311103
CLG0056,104,6.36,6.82,9,No,1,1,5,No,554269.1603726434
CLG0095,101,7.25,7.38,9,Yes,2,4,4,No,573301.8511116181
CLG0069,110,5.99,6.44,5,Yes,3,4,0,No,536172.5440518073
CLG0019,104,5.44,5.66,6,No,4,9,2,No,494530.7706017595
CLG0049,100,8.59,8.81,7,No,9,6,1,No,640142.7944903747
CLG0098,95,9.47,9.56,10,Yes,1,6,0,No,666073.7078469577
CLG0077,101,9.68,9.32,10,No,10,5,0,No,671395.9550505347
CLG0062,107,8.09,8.11,10,Yes,9,5,5,No,628503.194906038
CLG0061,104,5.26,5.01,6,Yes,3,9,3,No,449616.5693705442
CLG0025,105,8.7,9.2,5,No,3,2,4,No,662833.8284933354
CLG0078,120,5.55,5.32,1,Yes,4,10,5,Yes,491320.85595622443
CLG0011,103,8.35,8.08,4,Yes,5,5,3,No,621397.1221374068
CLG0030,90,8.9,9.02,8,No,0,1,0,No,631367.8317461298
CLG0071,113,8.63,8.64,8,Yes,5,5,2,Yes,670077.0793197533
CLG0066,79,9.76,9.28,6,No,8,4,1,No,625784.6537928334
CLG0035,83,8.69,8.32,3,Yes,2,4,3,No,587601.8892156613
CLG0043,105,8.47,8.78,8,Yes,1,4,5,No,636883.4314814714
CLG0067,107,6.31,6.29,7,Yes,7,3,0,No,535727.4043090203
CLG0097,81,9.62,9.27,9,No,1,6,5,No,635966.8819760998
CLG0051,94,5.9,5.87,3,No,7,3,5,No,473417.57915032917
CLG0046,90,9.52,9.27,6,Yes,9,6,4,No,642801.466113559
CLG0062,92,6.56,6.28,1,No,3,6,3,No,501804.26771243406
CLG0062,114,5.65,6.11,8,No,8,10,0,No,538719.7524896414
CLG0032,110,9.13,8.99,2,No,3,2,4,No,667195.2031293078
CLG0017,99,5.01,4.56,5,Yes,0,9,4,No,433652.50925387995
CLG0051,91,9.16,9.63,6,Yes,7,10,1,No,648100.4919246966
CLG0028,79,6.31,6.6,4,No,0,8,2,No,490100.0823091085
CLG0085,121,9.42,9.17,9,No,4,7,1,No,697261.4570915226
CLG0051,108,8.46,8.37,3,Yes,6,9,4,Yes,627993.4536884603
CLG0019,89,8.33,8.69,2,No,2,8,3,Yes,622323.7688852756
CLG0097,110,6.83,6.69,3,Yes,5,9,5,No,550849.7533268846
CLG0057,98,5.3,5.37,5,Yes,10,8,2,No,482024.450549979
CLG0075,95,9.15,9.18,1,Yes,0,3,4,No,656143.9398206602
CLG0097,106,5.85,5.75,10,No,5,10,2,No,484814.4795802524
CLG0087,88,6.86,7.0,4,No,4,1,3,No,529646.3833307598
CLG0007,94,8.0,7.97,1,Yes,1,6,0,No,603037.0344383314
CLG0008,101,7.41,6.93,9,No,3,3,0,No,559963.2494581379
CLG0030,92,5.99,6.3,3,No,10,3,4,No,493792.9738170835
CLG0007,110,5.7,5.31,2,No,10,6,4,No,503627.4616813816
CLG0058,128,5.62,5.58,5,Yes,10,10,1,No,534129.9828845893
CLG0086,88,9.32,9.4,1,No,6,9,4,Yes,654434.6537292327
CLG0027,75,5.16,5.37,10,No,5,5,0,No,425242.3969092894
CLG0040,69,9.89,9.8,7,No,10,1,0,No,604496.2913428269
CLG0100,97,5.99,6.23,9,No,9,10,1,No,501013.36282490694
CLG0036,90,5.55,5.18,1,No,5,7,5,No,437536.57009027334
CLG0019,103,7.88,8.03,8,No,8,9,3,Yes,612734.0756391344
CLG0091,101,5.4,5.73,8,No,1,10,2,No,491349.3466703024
CLG0056,75,8.01,8.4,7,Yes,0,2,0,No,552001.727587092
CLG0070,72,9.25,9.33,10,Yes,1,9,2,Yes,608552.6528234532
CLG0080,104,5.24,5.05,4,No,2,5,4,No,456745.90484800877
CLG0024,102,9.0,8.66,7,No,8,1,4,No,639072.4857841771
CLG0024,93,6.97,6.82,2,Yes,9,4,5,No,541818.0042182833
CLG0030,75,5.8,5.84,6,Yes,8,8,3,No,444350.13713030145
CLG0039,107,5.88,5.58,5,Yes,4,3,5,No,496556.9335556236
CLG0045,119,9.59,10.04,5,Yes,6,5,2,Yes,730847.2977783381
CLG0099,104,5.55,5.95,8,Yes,2,2,0,No,507696.95122324576
CLG0049,87,9.33,8.86,1,Yes,9,5,1,No,629973.5698537
CLG0035,100,7.72,7.78,8,No,1,9,0,No,595689.9965294219
CLG0020,79,5.2,5.49,4,Yes,5,3,2,No,414250.1848325107
CLG0036,115,7.32,7.07,10,No,5,7,2,No,589349.8073765099
CLG0075,101,9.09,9.11,6,No,4,6,0,No,660861.4749118256
CLG0019,73,8.63,8.54,6,No,0,2,0,No,571662.7898803208
CLG0040,95,7.44,7.14,1,No,9,7,3,No,545790.6207263602
CLG0089,106,9.3,9.41,8,Yes,1,10,4,Yes,701274.2950165808
CLG0022,95,5.6,6.09,4,Yes,6,4,5,No,511390.9790416198
CLG0065,95,9.55,9.42,9,No,9,6,3,No,655673.8505424766
CLG0084,81,9.23,9.28,7,Yes,1,7,0,No,611409.6194501584
CLG0099,108,8.54,8.37,4,No,4,9,0,No,638179.252641408
CLG0023,90,9.09,9.47,1,No,10,7,1,No,655271.6647061933
CLG0024,67,7.72,8.08,9,No,9,3,4,No,529292.562661702
CLG0039,94,8.38,8.06,10,No,3,9,5,Yes,598708.6371073736
CLG0087,114,7.8,8.2,6,Yes,9,6,5,Yes,648073.0670418515
CLG0038,94,6.78,6.43,6,Yes,0,4,1,No,511203.7967126757
CLG0047,126,7.84,7.44,1,Yes,4,10,4,Yes,606789.7246394104
CLG0007,106,6.29,6.44,5,No,0,5,4,No,522670.48695961846
CLG0044,105,7.2,7.09,4,No,2,10,2,No,563997.0453235282
CLG0073,98,6.4,6.43,1,No,8,1,4,No,506715.4852949373
CLG0093,98,5.61,5.76,7,No,6,4,5,No,471497.5129235944
CLG0041,96,6.61,6.16,4,No,1,3,0,No,507145.13057415956
CLG0042,95,9.26,9.05,3,Yes,4,6,4,No,642356.0076815864
CLG0074,107,6.91,6.87,2,No,3,9,3,No,548061.3426342491
CLG0079,85,8.74,8.51,8,Yes,6,3,2,No,579985.2362770265
CLG0048,83,5.88,5.43,5,No,3,5,1,No,424699.0173716324
CLG0072,83,7.12,6.71,10,No,8,2,5,No,487401.5333865602
CLG0022,130,5.57,5.87,9,Yes,2,9,4,Yes,568669.0531536978
CLG0063,107,5.69,6.1,5,No,5,8,1,No,528073.0641364168
CLG0084,104,8.09,7.74,10,No,4,10,0,No,597439.9004423078
CLG0057,84,8.04,7.79,1,Yes,9,4,1,No,554103.2148487844
CLG0082,109,6.07,6.22,10,No,7,8,4,No,519429.8649758763
CLG0056,98,7.37,7.82,5,No,10,10,1,No,586918.2061790989
CLG0034,103,9.32,9.12,5,No,0,4,0,No,643309.9351330661
CLG0023,85,5.87,6.23,8,No,9,2,4,No,479387.4662485222
CLG0028,102,5.1,5.11,6,No,1,9,1,No,468131.89469447226
CLG0041,93,8.26,8.72,5,No,6,2,1,No,631705.3995175913
CLG0010,88,5.27,4.91,8,Yes,0,1,0,No,432026.5374688474
CLG0052,111,9.9,10.37,1,Yes,4,1,3,Yes,737942.6593778001
CLG0056,76,8.05,7.99,5,No,7,3,3,No,551641.0793938324
CLG0023,108,7.35,7.8,3,No,9,10,2,No,605012.2099978508
CLG0010,110,7.15,7.11,5,No,4,7,0,No,568295.1328950743
CLG0065,86,7.87,7.9,3,No,4,6,3,No,576187.0570059774
CLG0029,87,5.45,5.75,4,No,8,3,1,No,463911.27062192047
CLG0046,96,9.65,9.87,9,Yes,10,5,0,No,692204.4567701683
CLG0041,104,8.13,8.25,2,Yes,10,10,1,No,607245.5014113771
CLG0069,97,5.92,5.84,10,No,4,6,1,No,482576.99375748297
CLG0044,106,7.81,8.1,1,No,0,10,2,Yes,620023.8684148855
CLG0029,126,5.67,6.12,4,Yes,2,2,5,No,556669.8534942801
CLG0050,92,5.09,4.6,8,No,4,3,2,No,411810.44454673823
CLG0020,74,8.15,8.24,5,No,7,4,4,No,569360.6615551305
CLG0063,112,8.24,8.61,9,Yes,9,8,5,Yes,656717.7792727196
CLG0008,125,7.92,8.07,10,No,1,1,0,No,616536.7757144385
CLG0089,105,5.92,6.22,3,No,3,9,3,No,541643.8469268415
CLG0065,83,8.02,8.42,9,No,3,1,2,No,569747.5760436773
CLG0100,98,5.28,5.53,1,No,2,3,0,No,469031.9298358114
CLG0044,83,8.05,8.27,2,Yes,5,3,2,No,587502.5929822986
CLG0016,109,7.77,8.23,9,No,9,9,3,Yes,635206.2317494784
CLG0069,79,8.28,8.64,9,Yes,1,3,2,No,592095.1661696178
CLG0050,95,9.48,9.8,10,Yes,2,3,4,No,671226.2418041591
CLG0013,84,9.25,8.84,5,No,1,2,0,No,631078.6761641236
CLG0065,101,9.9,9.64,10,Yes,9,4,5,No,695733.7208143222
CLG0072,94,9.88,9.94,4,No,7,8,5,Yes,692049.3579467571
CLG0001,102,8.86,9.07,9,No,1,6,0,No,643719.7516183793
CLG0020,100,9.78,9.58,10,No,4,1,1,No,674853.1904853315
CLG0025,85,9.34,8.93,2,No,3,5,5,No,617955.998637741
CLG0029,109,8.64,8.45,3,Yes,0,10,5,Yes,637401.2779598271
CLG0067,99,5.38,5.65,8,Yes,6,8,4,No,477848.1248593309
CLG0093,85,5.25,5.63,1,Yes,5,1,2,No,436433.9127117481
CLG0018,133,9.19,9.6,2,No,9,6,1,No,756425.9432366086
CLG0082,107,7.45,7.33,5,No,0,7,2,No,578400.4284231314
CLG0088,97,9.07,8.94,7,Yes,8,5,4,No,644557.0466749499
CLG0057,121,6.56,6.47,10,No,3,4,1,No,564732.7774012452
CLG0053,127,6.99,6.87,9,Yes,0,7,3,No,599614.2163834764
CLG0070,97,8.5,8.67,3,No,7,9,0,No,645772.3380070012
CLG0092,105,9.58,9.44,4,Yes,0,4,4,No,674639.168081355
CLG0062,85,5.44,4.96,10,Yes,1,3,4,No,431640.26917451876
CLG0052,97,9.31,9.25,1,Yes,4,10,2,Yes,654765.1030914187
CLG0078,97,8.97,8.69,1,Yes,0,4,3,No,633254.649369955
CLG0026,102,6.58,6.11,1,No,0,5,3,No,510573.55532214005
CLG0071,104,6.78,6.75,4,Yes,5,9,5,No,536002.5360958588
CLG0011,108,5.23,4.94,9,Yes,10,1,4,No,452312.2925042969
CLG0021,103,5.08,5.03,8,No,0,9,4,No,456967.9167231278
CLG0069,81,7.39,7.17,4,No,4,9,0,No,528621.745428964
CLG0031,85,5.48,5.58,8,Yes,9,8,3,No,457950.2356808266
CLG0045,91,5.97,6.46,7,No,10,10,4,No,523263.8986294113
CLG0064,95,9.23,9.28,6,No,4,8,0,No,658861.2133318939
CLG0027,115,7.86,8.01,10,No,1,8,2,Yes,649958.6100751914
CLG0097,82,8.17,8.59,2,Yes,10,4,3,No,604241.1517140375
CLG0034,94,5.94,5.81,3,No,2,7,1,No,483286.80629724724
CLG0050,114,9.14,8.81,4,Yes,2,2,1,No,672981.4442492288
CLG0100,95,9.34,9.12,7,No,2,3,4,No,641105.3740968026
CLG0069,106,7.62,7.52,8,No,2,8,4,No,575658.5876424167
CLG0026,97,9.56,9.71,8,No,10,4,5,No,678241.7898031374
CLG0048,103,9.22,8.72,4,Yes,3,10,0,No,625240.3982809974
CLG0052,96,8.66,9.01,9,No,9,6,4,No,644210.1364330136
CLG0099,110,8.67,8.25,8,No,0,8,4,Yes,664663.8067640418
CLG0084,76,5.53,5.93,5,Yes,3,8,0,No,453331.3496549257
CLG0078,94,6.35,6.8,3,No,3,5,1,No,517527.00495378
CLG0005,104,5.33,5.82,2,Yes,7,7,0,No,473026.8159799461
CLG0012,108,5.04,5.35,9,Yes,10,1,5,No,499072.9193434077
CLG0013,122,5.79,5.43,1,Yes,3,5,5,No,502551.37904594233
CLG0091,94,9.4,9.61,7,No,4,3,3,No,671186.4443632949
CLG0091,122,6.2,5.9,7,Yes,3,4,3,No,539620.6702238449
CLG0016,90,9.85,10.25,1,No,4,1,4,No,694897.9485249933
CLG0051,119,7.99,7.81,7,No,2,1,4,No,635242.2979639061
CLG0054,112,6.19,6.02,1,No,2,3,5,No,525406.1246463486
CLG0068,86,7.49,7.91,2,No,7,4,1,No,559000.6103971312
CLG0013,104,6.1,5.61,9,Yes,0,3,1,No,463546.226426334
CLG0018,99,9.92,9.61,8,Yes,2,2,2,No,676110.4419455765
CLG0076,109,9.24,9.16,9,Yes,1,7,3,No,693063.9748460654
CLG0019,96,5.13,5.33,9,No,9,10,3,No,461497.58852128865
CLG0081,95,9.74,9.89,4,No,10,9,5,Yes,682599.0489127883
CLG0042,120,8.61,8.78,5,Yes,5,3,2,Yes,666964.3523701672
CLG0071,98,5.41,5.79,10,No,7,9,2,No,471599.0619718953
CLG0021,112,8.35,7.97,7,No,5,8,3,Yes,632332.225808772
CLG0053,96,8.23,8.25,6,No,3,5,4,No,607006.0691233997
CLG0001,124,6.09,6.32,9,Yes,2,6,3,No,549988.40800748
CLG0014,89,8.79,8.93,2,Yes,3,1,2,No,611126.749632404
CLG0003,90,5.44,5.39,8,No,7,6,1,No,451025.5067396914
CLG0096,122,7.45,6.97,2,No,8,9,0,No,595288.5618417718
CLG0009,93,5.05,4.61,2,No,7,7,1,No,412640.1733320325
CLG0011,124,9.84,9.46,3,No,8,9,5,Yes,720850.4130591854
CLG0023,113,8.76,8.6,4,Yes,7,5,1,No,649243.7116743842
CLG0030,97,5.79,5.41,6,Yes,4,5,2,No,473668.0934635822
CLG0047,72,6.71,6.64,6,No,4,5,3,No,478680.9096876273
CLG0005,99,5.8,5.48,2,No,0,6,5,No,495538.337449861
CLG0030,101,8.83,9.11,6,No,7,4,2,No,672384.6800120678
CLG0090,117,5.29,5.66,8,No,10,10,2,Yes,504688.454096185
CLG0068,123,9.2,9.09,5,No,1,9,5,Yes,696709.7274683429
CLG0091,89,9.71,9.72,1,No,5,7,5,No,651256.4355572361
CLG0029,112,8.38,8.83,8,Yes,5,3,5,Yes,678369.8821882893
CLG0045,111,6.06,6.1,6,Yes,9,10,4,Yes,521396.980276668
CLG0007,116,6.8,7.3,2,No,3,7,5,No,596715.9486763987
CLG0016,107,7.39,7.03,7,No,8,3,4,No,563786.0731794329
CLG0072,70,8.02,8.38,8,No,2,3,0,No,562299.0890700292
CLG0089,97,8.34,8.34,2,No,7,4,4,No,630708.8353731668
CLG0088,82,7.77,7.29,1,Yes,1,2,0,No,548686.6598184645
CLG0041,96,6.76,7.23,6,Yes,4,8,1,No,580076.4698604941
CLG0061,114,9.45,9.92,6,Yes,5,1,1,No,719053.1165892901
CLG0051,104,5.41,5.29,8,No,1,10,2,No,484835.2418158921
CLG0055,117,7.33,7.78,7,Yes,6,1,1,No,634189.1796321435
CLG0064,105,8.88,8.52,8,Yes,10,1,4,No,640772.5684287273
CLG0051,80,5.3,5.48,10,Yes,10,4,4,No,429549.4623265148
CLG0021,62,8.53,8.22,10,No,4,1,4,No,524796.202402441
CLG0058,102,9.1,8.85,5,No,9,3,3,No,645053.5204445724
CLG0080,96,8.3,8.58,2,Yes,3,7,4,No,612324.8276270215
CLG0047,85,5.06,4.94,5,Yes,3,3,5,No,417032.5980669843
CLG0011,74,5.9,5.41,2,No,1,2,2,No,424347.5254530811
CLG0061,88,6.71,6.62,9,No,8,10,2,No,517487.44220848003
CLG0072,97,6.17,5.9,5,No,0,6,1,No,503984.6132111862
CLG0099,109,9.81,9.99,1,Yes,0,8,0,No,721904.2471096419
CLG0006,102,8.26,7.95,9,No,3,4,5,No,605422.9265238397
CLG0075,124,6.48,6.82,10,No,2,4,5,No,590172.8150453423
CLG0028,84,9.65,9.42,5,No,8,2,5,No,650174.3255034839
CLG0042,113,8.7,8.59,1,No,6,5,3,Yes,661396.3668980025
CLG0052,100,6.42,6.22,9,Yes,10,10,0,No,501923.3085182292
CLG0011,110,6.89,7.03,9,Yes,1,8,3,No,599300.4651711889
CLG0070,93,6.0,5.6,10,Yes,3,1,5,No,458257.27323804307
CLG0040,116,9.86,9.84,10,Yes,4,2,2,Yes,725454.8192621428
CLG0030,104,7.59,7.42,9,No,9,1,2,No,590166.0465474565
CLG0056,89,9.48,9.86,6,No,3,4,3,No,668931.4847740252
CLG0078,99,6.73,6.3,10,No,3,7,1,No,508417.6973210765
CLG0077,96,9.3,9.63,10,No,3,3,4,No,681837.7669942717
CLG0099,107,5.27,4.94,2,No,7,8,4,No,458772.1624813808
CLG0006,82,9.91,9.5,7,No,6,6,0,No,662163.8816612673
CLG0049,99,9.56,9.26,2,No,3,2,2,No,658300.735887249
CLG0033,105,6.82,6.42,4,No,10,9,4,No,534223.5638146941
CLG0011,100,8.87,8.89,4,Yes,0,9,2,Yes,648540.7260880074
CLG0065,120,8.76,9.25,10,No,5,7,5,Yes,714926.4989067782
CLG0027,111,9.51,9.04,7,Yes,4,10,2,Yes,654008.2008749793
CLG0030,99,6.54,6.5,6,No,10,8,2,No,514809.9705149593
CLG0046,103,7.33,7.22,10,No,4,10,4,No,558316.0021756372
CLG0026,104,9.32,9.16,7,No,10,1,4,No,649694.7507006425
CLG0028,106,8.89,8.72,6,Yes,5,6,5,No,657803.8161950966
CLG0032,72,6.97,7.37,1,Yes,7,9,4,No,528954.2398312825
CLG0074,95,9.23,8.75,4,Yes,5,6,3,No,635377.5175500213
CLG0012,77,5.23,5.5,3,Yes,5,3,4,No,417792.7958943985
CLG0100,119,8.91,8.66,7,Yes,6,2,2,Yes,674906.110569972
CLG0086,99,6.03,5.91,7,No,10,8,5,No,511127.77782276034
CLG0016,97,6.43,6.35,4,No,7,4,2,No,509192.4890908273
CLG0082,113,7.47,7.27,7,Yes,3,1,5,No,572109.998543211
CLG0071,106,7.25,6.84,4,Yes,6,8,0,No,548733.5099172737
CLG0052,83,7.6,7.21,9,No,7,1,1,No,521927.20432315615
CLG0100,98,7.72,7.52,3,No,5,2,3,No,577483.8083937874
CLG0002,94,6.66,6.98,10,No,8,1,5,No,556434.842330842
CLG0073,73,5.88,5.51,2,No,5,8,0,No,415741.6348333992
CLG0094,89,8.84,9.08,5,Yes,3,3,5,No,623900.862268375
CLG0028,97,7.0,6.79,9,No,5,9,3,No,539540.5770423695
CLG0062,98,7.53,7.91,3,No,1,7,3,No,572686.6939162018
CLG0029,77,8.22,8.15,1,Yes,10,6,2,No,557322.3696550723
CLG0083,117,9.55,9.22,9,No,7,6,2,Yes,696840.8524121236
CLG0092,98,8.54,9.03,5,Yes,10,10,2,Yes,650077.3070667023
CLG0056,100,5.23,4.91,2,No,5,1,2,No,430220.54339568503
CLG0025,106,9.19,9.26,6,No,3,8,0,No,657605.2528787227
CLG0093,88,9.95,10.02,3,No,6,10,1,No,672789.6084525415
CLG0087,106,7.36,7.23,9,Yes,7,3,1,No,569575.2997573847
CLG0074,94,9.85,10.3,3,Yes,2,3,5,No,713491.5564099759
CLG0041,86,7.74,8.08,2,No,9,3,0,No,567712.861581554
CLG0005,108,7.3,7.63,3,Yes,2,9,1,No,590550.3308865878
CLG0062,122,6.66,7.13,6,No,9,5,5,No,586470.976972549
CLG0097,110,8.29,8.25,3,No,2,2,4,No,634578.1741621189
CLG0062,113,6.15,5.75,9,No,2,4,4,No,509463.3485826918
CLG0005,92,5.52,5.79,9,Yes,1,7,4,No,467780.9523353359
CLG0068,76,5.14,5.02,9,No,4,10,2,No,391443.463221738
CLG0037,122,6.46,6.15,2,No,5,1,4,No,553070.2149309362
CLG0068,130,6.98,6.96,7,Yes,0,2,5,No,600158.9367376546
CLG0089,123,7.76,8.19,2,No,5,8,3,Yes,664181.6051077463
CLG0032,94,6.46,6.13,1,No,6,8,3,No,512563.9122637195
CLG0014,82,9.92,10.27,5,Yes,1,3,5,No,658167.5693278995
CLG0091,84,6.46,6.38,8,No,0,5,0,No,480082.4470769262
CLG0090,74,7.2,6.84,3,Yes,6,8,3,No,487741.39627259027
CLG0063,98,5.52,5.87,7,No,5,10,5,No,493315.71831572836
CLG0072,124,6.3,6.77,6,No,2,9,5,Yes,581097.244596502
CLG0030,97,5.24,5.03,1,No,1,2,0,No,445052.1986040316
CLG0077,104,7.8,7.6,7,Yes,1,10,1,No,595980.429193632
CLG0096,120,8.76,8.65,3,No,1,8,3,Yes,684276.2992583713
CLG0043,93,5.98,6.29,4,Yes,7,3,5,No,494338.0703415512
CLG0053,130,6.84,6.35,10,No,0,9,5,Yes,567000.3242294871
CLG0053,129,5.08,4.8,2,Yes,2,5,3,No,489890.46284317557
CLG0029,98,9.2,9.41,1,No,7,5,0,No,667895.7405226652
CLG0087,91,8.9,8.81,5,No,5,4,3,No,617345.3355995235
CLG0028,110,5.32,5.15,6,Yes,6,8,0,No,482270.41526460275
CLG0078,94,6.82,7.19,2,No,1,1,3,No,553939.5871780657
CLG0074,82,9.78,10.2,10,No,8,6,5,No,675315.3577922747
CLG0071,119,6.96,7.41,6,No,6,7,2,No,599760.4896466783
CLG0049,118,7.63,7.4,6,No,2,8,1,No,606056.6279696536
CLG0090,102,6.78,7.19,8,Yes,8,4,3,No,569587.4909296978
CLG0036,81,7.98,8.22,8,Yes,2,9,5,Yes,563586.4401605328
CLG0027,81,9.89,9.54,6,No,9,3,1,No,625667.2148300204
CLG0057,101,9.99,10.1,7,No,7,8,3,Yes,696353.4274299504
CLG0028,92,8.87,8.4,4,No,6,10,3,Yes,589749.4144702867
CLG0030,94,7.02,7.23,5,Yes,2,10,2,No,558886.2093417057
CLG0044,115,7.47,7.7,6,No,4,5,4,No,636275.3035855873
CLG0043,110,6.78,7.07,6,No,6,5,4,No,580039.9168799381
CLG0055,120,9.93,9.6,3,Yes,2,7,1,No,719606.9005857573
CLG0088,85,8.54,8.67,9,No,1,5,1,No,602532.79375309
CLG0065,94,7.24,6.92,4,Yes,8,7,2,No,525741.9879833354
CLG0027,111,5.06,5.51,8,No,1,9,0,No,502376.8264236557
CLG0001,106,7.6,7.78,4,No,2,5,1,No,590401.5856017614
CLG0010,122,9.92,9.52,6,No,0,2,4,Yes,718457.7857178107
CLG0043,106,7.62,7.31,1,Yes,0,10,2,No,559450.1464567223
CLG0069,127,5.91,6.07,2,Yes,0,6,0,No,544916.3302323122
CLG0009,108,5.11,5.09,6,No,9,9,5,No,468029.1541003466
CLG0067,115,6.77,7.01,3,Yes,2,9,2,Yes,582582.0120471136
CLG0029,95,9.59,9.37,7,No,5,5,4,No,659352.2722720528
CLG0002,100,9.98,10.14,1,No,9,2,5,No,705432.7661599109
CLG0082,113,9.73,9.41,3,No,2,6,2,Yes,686079.5152200785
CLG0014,124,8.65,8.69,3,Yes,3,4,3,Yes,671379.1560270042
CLG0062,110,7.79,8.25,1,No,1,4,4,No,620735.2799756567
CLG0055,98,7.95,8.08,4,No,6,3,0,No,606305.391686181
CLG0029,120,7.69,7.24,8,No,3,1,2,No,600681.6881724311
CLG0005,67,8.54,9.03,7,Yes,10,9,4,Yes,579263.9117064733
CLG0069,78,7.09,6.75,7,No,0,6,4,No,482915.2325804904
CLG0066,110,8.35,8.57,5,Yes,3,10,0,No,667004.6689140914
CLG0039,100,5.61,5.64,4,No,3,3,4,No,474719.091381335
CLG0023,109,6.33,6.12,10,No,10,1,0,No,496274.74343947024
CLG0095,100,9.18,8.86,6,No,2,6,4,No,641894.8759121504
CLG0016,108,9.52,9.2,2,Yes,7,4,2,No,683006.2066562251
CLG0022,87,7.7,8.06,1,Yes,6,1,0,No,586772.5052016374
CLG0091,108,5.16,5.53,7,No,9,10,0,No,495390.1575984718
CLG0029,114,9.63,9.6,4,No,9,4,4,Yes,713466.5711010161
CLG0069,118,8.51,8.11,7,No,2,2,5,Yes,656400.7555063183
CLG0012,130,7.07,7.45,6,No,3,3,3,No,641764.5685269507
CLG0013,103,7.99,7.98,9,No,7,10,5,No,587930.5813615847
CLG0008,104,7.15,7.09,10,No,9,10,5,No,568921.5996078008
CLG0024,77,7.33,7.24,6,Yes,2,7,0,No,511682.75608070527
CLG0092,92,9.43,9.3,3,Yes,4,7,3,No,630919.7534804277
CLG0037,97,5.81,5.84,7,No,4,5,5,No,470015.6153464641
CLG0091,115,5.52,5.62,9,Yes,4,10,1,No,527439.5255705816
CLG0036,90,5.01,4.98,10,No,4,2,2,No,409425.94315804116
CLG0073,111,6.57,6.97,6,No,8,9,3,Yes,573782.5881299464
CLG0015,99,5.74,5.56,7,Yes,9,9,5,No,462484.57846433145
CLG0059,97,6.1,6.18,8,Yes,4,9,5,No,505342.20556778286
CLG0005,103,5.06,4.86,4,No,10,6,2,No,442529.45464924653
CLG0092,94,6.14,6.39,5,No,10,1,0,No,507551.50645469927
CLG0015,93,6.66,6.26,4,No,8,6,5,No,482815.3188684157
CLG0100,74,5.16,4.85,1,No,8,8,2,No,390460.94944907306
CLG0018,96,8.04,8.34,6,Yes,10,4,3,No,606352.4997748398
CLG0086,92,7.84,7.52,7,Yes,9,6,5,No,566028.5994256272
CLG0005,92,5.49,5.62,2,No,3,8,5,No,452933.0682518765
CLG0086,106,7.98,8.45,6,No,8,6,0,No,630234.2774320509
CLG0017,109,9.99,10.01,2,No,10,4,5,No,711688.9617063474
CLG0022,103,9.72,9.41,10,Yes,1,7,3,No,682258.2479432408
CLG0085,114,5.01,4.83,5,No,2,5,0,No,465831.24668477365
CLG0087,108,8.98,9.3,1,No,0,1,3,No,680998.8913677498
CLG0064,95,6.77,6.62,3,No,10,3,0,No,514373.2896703469
CLG0028,93,5.32,5.54,4,No,6,3,5,No,448244.0933031876
CLG0092,104,6.48,6.76,4,Yes,9,1,3,No,542223.87104513
CLG0081,108,6.61,6.61,2,Yes,10,4,1,No,547538.5274468117
CLG0083,120,7.62,7.9,8,Yes,8,2,3,No,637102.7602970131
CLG0013,117,8.31,8.13,6,Yes,2,10,3,Yes,640982.4387547978
CLG0045,91,8.75,8.77,9,Yes,7,1,1,No,629697.0781815076
CLG0034,98,6.23,6.42,6,No,0,6,2,No,533536.7949993069
CLG0054,110,6.61,6.28,3,Yes,5,7,0,No,533691.0003681999
CLG0033,116,6.54,6.31,2,No,5,4,5,No,543966.6917951065
CLG0016,114,6.81,6.96,9,No,4,5,3,No,560492.9002784463
CLG0043,99,10.0,10.16,3,No,3,9,2,Yes,703595.1795087596
CLG0061,81,8.89,8.88,6,Yes,2,8,4,Yes,614729.7625251837
CLG0094,85,9.87,10.17,10,No,3,2,2,No,683304.0442112052
CLG0003,104,8.47,8.45,2,No,6,10,4,Yes,616660.5564593236
CLG0091,105,7.03,7.41,7,Yes,6,3,0,No,579740.2860025972
CLG0059,83,6.95,7.19,1,No,2,9,4,No,525116.9217789372
CLG0020,100,7.44,7.25,9,Yes,10,5,1,No,573928.1552732934
CLG0032,109,7.08,6.98,1,Yes,9,1,1,No,573168.6849654324
CLG0021,82,9.14,9.31,9,No,2,9,2,Yes,628731.6367532322
CLG0046,116,7.33,7.72,1,No,2,8,1,No,615988.128496674
CLG0069,94,6.48,6.16,1,No,4,10,1,No,505083.5508041114
CLG0002,118,8.87,8.88,8,No,0,7,2,Yes,680832.875018088
CLG0086,91,9.27,8.89,1,No,9,7,3,No,617167.5154546556
CLG0071,84,7.1,6.88,8,No,10,8,0,No,499944.7741560828
CLG0074,93,8.34,8.53,3,Yes,6,4,4,No,603098.0345039197
CLG0052,98,5.29,4.87,4,Yes,7,7,2,No,449266.4997397397
CLG0001,94,7.65,7.81,2,Yes,6,8,1,No,582927.5915935789
CLG0080,96,5.22,5.62,6,Yes,7,10,4,No,466519.99639972206
CLG0028,105,5.15,5.62,7,No,8,3,3,No,485373.15103782126
CLG0061,97,8.06,7.78,10,No,3,2,5,No,594998.9586351357
CLG0084,99,6.52,6.77,3,Yes,2,2,0,No,534403.0956986771
CLG0026,74,8.71,9.14,9,No,6,7,0,No,611913.232739985
CLG0079,105,9.48,9.07,3,Yes,8,9,1,No,671768.5079104379
CLG0094,98,5.7,5.61,7,No,8,8,3,No,480690.19293146365
CLG0012,124,8.62,9.04,4,Yes,7,10,0,Yes,700353.2569826684
CLG0002,85,7.57,7.27,5,Yes,2,10,4,No,544694.8732932351
CLG0074,72,5.56,5.99,9,Yes,5,7,4,No,452838.65228049963
CLG0091,109,8.26,8.29,3,No,1,9,5,Yes,640046.8700092675
CLG0021,105,8.05,7.65,3,Yes,5,4,1,No,584414.4141064608
CLG0055,84,7.58,7.53,9,Yes,4,10,3,No,556362.5808013232
CLG0016,77,9.63,9.46,9,No,3,7,4,No,628150.1131676922
CLG0037,123,7.61,7.39,4,No,2,5,0,No,634446.3944386173
CLG0045,121,9.95,9.99,1,No,7,1,4,Yes,732462.6183287235
CLG0086,62,7.55,7.53,1,No,9,10,5,No,506421.5375756545
CLG0039,93,5.58,5.56,9,Yes,5,4,0,No,471869.1299648497
CLG0041,124,7.35,6.94,6,Yes,8,1,3,No,585201.8071473608
CLG0022,92,5.91,6.21,5,No,2,1,1,No,503669.249114536
CLG0049,92,7.99,7.97,10,No,4,7,5,No,585797.5495095332
CLG0081,95,8.47,8.79,3,Yes,3,3,5,No,630974.756034205
CLG0017,83,7.34,7.66,3,No,5,9,1,No,558366.1117327459
CLG0026,74,5.49,5.31,2,No,1,7,1,No,440751.0688233311
CLG0038,115,7.34,6.84,7,Yes,5,6,2,No,575095.9830669399
CLG0038,72,5.41,5.82,9,Yes,2,2,1,No,447725.1154191349
CLG0041,103,8.41,8.67,6,No,7,5,1,No,631526.7972315655
CLG0067,113,8.95,8.56,10,Yes,9,8,0,Yes,648410.6076038659
CLG0073,78,9.81,10.01,1,No,9,4,5,No,673896.813023896
CLG0065,86,5.74,5.26,6,No,10,8,3,No,417884.97306672885
CLG0056,118,7.66,7.19,8,No,5,9,3,Yes,586343.6047863318
CLG0019,107,7.84,7.87,8,No,7,8,4,No,607856.880169512
CLG0014,90,9.61,9.21,10,No,6,6,1,No,648214.0303063358
CLG0066,118,8.14,8.6,3,Yes,5,2,3,Yes,662184.4282216029
CLG0071,118,5.73,6.12,1,Yes,8,8,3,Yes,543367.0652310271
CLG0038,104,7.18,7.33,5,Yes,10,4,5,No,579033.2199031933
CLG0043,86,8.27,7.83,6,Yes,8,1,3,No,575601.4332531717
CLG0092,93,8.5,8.32,10,No,9,5,3,No,594218.4242148644
CLG0010,104,9.32,9.19,9,Yes,9,3,0,No,675798.3192462198
CLG0089,97,5.9,5.88,2,No,3,3,1,No,480227.5159042786
CLG0022,114,9.76,9.43,1,No,7,7,3,Yes,699598.7467332479
CLG0075,77,5.3,5.38,7,No,2,1,0,No,412076.91453851695
CLG0064,77,9.92,9.86,2,No,10,3,2,No,646262.838293153
CLG0045,102,9.29,9.74,2,No,4,10,4,Yes,682807.7759825026
CLG0074,92,8.3,8.74,3,No,2,6,0,No,642047.6456408685
CLG0018,90,8.67,8.74,4,No,9,8,4,Yes,616503.7842968196
CLG0069,73,5.36,5.5,7,No,3,6,4,No,425563.3866564272
CLG0011,100,5.21,4.85,1,No,4,4,2,No,437941.21491806756
CLG0027,99,5.51,5.23,6,Yes,7,8,2,No,454114.19490902615
CLG0027,109,5.44,5.84,7,No,9,10,2,No,499902.7838904748
CLG0060,101,7.74,7.94,3,No,7,5,0,No,595508.0231949191
CLG0036,98,6.08,5.77,3,No,2,10,2,No,483498.1022607908
CLG0057,117,9.3,9.37,2,Yes,7,6,5,Yes,707258.959170652
CLG0013,80,7.23,7.66,5,No,9,1,3,No,556464.8080897832
CLG0028,108,8.48,8.33,7,Yes,3,4,0,No,628848.591240599
CLG0066,74,8.26,7.95,3,No,10,4,1,No,560180.1365251302
CLG0007,87,6.6,7.04,7,No,1,5,2,No,532283.8108344633
CLG0096,81,6.22,6.18,8,No,2,1,0,No,465021.06106612243
CLG0070,111,6.71,6.63,3,No,7,4,2,No,556347.455940408
CLG0019,99,8.98,8.75,1,Yes,4,7,4,No,626820.6878010212
CLG0015,99,7.93,8.32,3,Yes,1,6,3,No,614578.0053037965
CLG0087,83,6.27,6.62,6,No,6,10,4,No,516077.2132277111
CLG0088,95,9.09,8.99,1,Yes,4,5,2,No,629587.2187766872
CLG0046,88,5.27,4.8,9,No,5,1,0,No,422253.82976425206
CLG0052,105,8.5,8.45,3,No,1,8,5,Yes,629843.6431864119
CLG0092,85,7.2,6.88,3,Yes,10,5,3,No,503729.96105061064
CLG0024,119,8.66,8.3,7,Yes,6,8,4,Yes,655524.8909397213
CLG0054,74,9.64,9.53,7,No,0,6,3,No,629211.4225245828
CLG0053,87,8.75,8.35,6,No,9,7,3,No,583945.5466920742
CLG0056,125,7.21,7.67,7,Yes,9,10,2,Yes,636227.8218303617
CLG0022,93,5.75,5.3,5,Yes,4,10,3,No,466399.47601192957
CLG0070,80,9.03,8.93,8,Yes,8,1,1,No,601075.3506378323
CLG0047,103,7.3,6.96,10,No,6,6,1,No,572902.3089381505
CLG0004,92,5.38,5.57,2,No,8,3,4,No,464996.66237960145
CLG0034,87,8.6,8.18,5,No,8,3,4,No,580700.4499797405
CLG0051,83,6.46,6.51,9,No,0,3,5,No,499732.5211715168
CLG0027,141,5.24,5.51,4,No,7,6,0,No,572250.4419475266
CLG0022,96,9.51,9.96,8,Yes,6,8,2,Yes,679263.7112600257
CLG0054,71,7.42,7.62,3,No,10,3,4,No,529027.6554404112
CLG0016,122,6.4,6.0,6,No,1,3,0,No,541863.8814555433
CLG0096,109,8.58,8.17,8,No,2,5,5,No,634509.2472784469
CLG0057,88,9.43,9.66,9,No,5,6,4,No,666825.7751767816
CLG0069,86,5.0,4.72,7,Yes,10,6,0,No,414156.7854277148
CLG0059,110,8.44,8.39,6,No,10,7,2,No,629635.6490578352
CLG0041,96,8.84,9.32,6,No,2,7,2,No,657447.1139501901
CLG0033,71,6.05,6.37,6,Yes,7,3,4,No,458929.72306596546
CLG0045,126,7.45,7.8,10,No,3,5,1,No,638248.4232209673
CLG0099,93,5.45,5.81,9,Yes,6,1,3,No,485130.8874804611
CLG0069,122,8.73,8.85,3,No,3,1,4,Yes,699008.9283343338
CLG0023,119,9.24,9.48,4,No,1,2,0,No,715555.026451036
CLG0046,84,5.54,5.4,3,Yes,6,2,2,No,451896.64057550277
CLG0032,115,9.08,9.58,9,No,7,7,4,Yes,705334.6110765206
CLG0052,90,8.86,8.64,5,Yes,0,5,2,No,598961.664249338
CLG0078,71,6.73,6.82,10,Yes,4,3,4,No,472223.8566600858
CLG0033,93,8.45,8.23,8,No,9,7,2,No,574466.9166849189
CLG0069,105,5.0,4.61,8,No,7,3,1,No,443483.57791117707
CLG0057,93,9.66,9.73,9,Yes,0,3,0,No,651414.4847267057
CLG0035,95,7.75,7.6,10,Yes,2,4,4,No,575071.5783533512
CLG0054,117,8.1,8.18,7,No,1,5,2,Yes,631783.468965745
CLG0058,101,8.32,8.38,3,No,2,8,4,Yes,619425.8384627219
CLG0086,87,7.81,7.85,5,Yes,2,9,0,No,564575.062997053
CLG0070,110,9.28,8.9,3,No,2,5,4,No,675038.1441421416
CLG0098,102,8.05,7.99,2,Yes,0,8,3,No,602610.239687141
CLG0056,62,9.54,9.85,3,No,2,3,2,No,615890.2744157675
CLG0004,106,7.91,7.73,10,Yes,1,7,0,No,584447.708358603
CLG0066,105,5.86,5.8,9,Yes,8,3,5,No,521235.1310898566
CLG0009,100,9.57,9.56,9,Yes,9,10,1,No,692579.1280497188
CLG0094,113,8.41,8.77,8,No,7,3,3,Yes,682099.3022017463
CLG0019,89,8.5,8.66,7,Yes,5,4,4,No,595635.8291173392
CLG0063,105,9.93,9.53,1,Yes,6,2,5,No,688527.449262697
CLG0060,76,5.38,5.75,9,Yes,0,7,4,No,434376.6683475525
CLG0051,106,7.14,7.47,10,Yes,6,6,3,No,597335.0519338023
CLG0073,129,6.2,6.45,2,No,7,3,1,No,578921.7625666707
CLG0005,85,8.15,8.12,6,No,7,1,1,No,567657.6744483472
CLG0016,88,9.03,9.29,10,No,5,10,4,Yes,647834.1613529928
CLG0090,89,9.83,9.81,5,Yes,6,3,4,No,678566.1001247469
CLG0007,101,7.27,7.51,6,No,10,4,1,No,566431.1284534446
CLG0002,84,8.93,9.31,8,Yes,1,10,1,No,637134.3428744791
CLG0078,106,9.59,9.98,8,Yes,3,1,1,No,718129.3511135376
CLG0031,112,8.42,8.37,10,No,7,8,5,Yes,652253.3144745881
CLG0086,108,6.21,6.57,2,No,10,2,4,No,526205.0628436349
CLG0033,73,8.04,7.64,7,Yes,3,3,2,No,515574.45430561685
CLG0040,114,9.85,9.45,2,No,7,5,3,Yes,701463.1567646783
CLG0059,114,9.94,9.99,1,No,9,9,1,Yes,714828.1017087717
CLG0095,112,8.21,8.36,8,No,3,6,4,Yes,643975.4712856398
CLG0083,105,9.43,9.08,9,Yes,8,3,0,No,672859.2189743513
CLG0006,103,6.0,5.97,7,No,0,3,4,No,500427.1817914965
CLG0046,115,6.23,5.82,4,No,5,8,2,Yes,509648.31168995885
CLG0040,128,9.76,9.86,7,No,0,4,2,Yes,759057.0641140005
CLG0043,85,5.68,6.04,4,Yes,5,5,5,No,473119.06862578576
CLG0074,116,5.96,6.2,7,Yes,3,4,1,No,545575.0873350528
CLG0012,98,7.1,6.98,4,No,7,9,3,No,540842.7318922413
CLG0090,98,7.95,8.44,9,No,7,8,4,Yes,620981.4148839837
CLG0004,76,8.02,8.18,5,No,8,7,3,No,557942.9455715343
CLG0059,95,6.46,6.78,7,No,6,4,0,No,525808.2150078592
CLG0049,85,9.6,9.77,8,No,10,9,3,Yes,654194.2485335175
CLG0005,93,9.58,10.07,5,No,7,8,3,Yes,685050.3793195172
CLG0094,83,6.96,7.28,1,No,10,8,1,No,521586.1297862744
CLG0024,93,7.17,7.19,4,Yes,2,10,0,No,547150.5995322439
CLG0035,93,8.51,8.38,3,No,9,2,5,No,600740.0119181746
CLG0005,101,8.31,8.49,7,No,3,5,2,No,613329.6288187951
CLG0005,75,6.91,7.0,6,No,3,6,3,No,511369.12976568134
CLG0072,78,7.07,7.2,6,No,5,6,0,No,509834.10052853066
CLG0099,105,6.74,6.58,2,No,6,9,0,No,556295.9754294856
CLG0055,88,6.18,6.11,6,Yes,8,4,2,No,472331.0463397165
CLG0065,116,7.29,7.35,8,Yes,9,7,1,No,596087.3945617742
CLG0066,103,8.43,8.77,5,No,5,9,0,No,655644.9991610474
CLG0007,109,8.71,8.97,9,No,1,5,2,No,667940.9619170325
CLG0015,121,8.89,8.51,2,No,9,6,4,Yes,661648.9486133358
CLG0078,95,6.87,6.62,7,No,9,1,0,No,515329.6548719847
CLG0077,91,8.82,8.35,6,No,6,7,4,No,607997.9194627414
CLG0044,113,5.03,4.54,6,Yes,9,5,4,No,445932.18237942463
CLG0029,107,7.39,7.11,4,Yes,8,4,0,No,565853.2085609676
CLG0002,97,8.97,9.27,10,No,7,3,2,No,661010.6188725847
CLG0058,120,8.15,8.55,9,No,3,1,4,Yes,670168.9175647781
CLG0071,96,7.37,7.26,6,No,1,5,1,No,522797.7294464809
CLG0010,100,8.22,8.28,8,Yes,7,3,3,No,628186.6498615894
CLG0084,100,9.53,9.74,8,No,5,8,5,Yes,681696.2632364479
CLG0089,85,7.83,8.28,4,No,7,4,4,No,601150.0309766146
CLG0055,101,9.0,9.41,5,No,10,3,4,No,680930.6283489495
CLG0090,120,9.9,9.46,2,No,8,1,3,Yes,710278.627839976
CLG0042,106,8.53,8.28,4,No,2,10,2,Yes,622957.1443511555
CLG0070,100,7.87,7.42,6,Yes,7,2,1,No,582402.5625069407
CLG0068,97,5.19,5.31,2,No,9,10,1,No,444098.1491393154
CLG0072,104,6.87,7.08,2,No,7,2,4,No,559597.3363796348
CLG0013,111,7.83,7.64,10,No,4,1,0,No,596781.7541058179
CLG0037,109,8.99,9.34,7,Yes,5,8,0,No,685310.2241143907
CLG0008,95,7.19,7.14,10,Yes,4,5,5,No,548015.962439406
CLG0040,104,9.8,10.3,5,Yes,5,2,4,No,723838.0582652711
CLG0093,107,6.36,5.86,3,Yes,0,8,5,No,518853.5767105929
CLG0091,84,8.72,8.33,3,No,9,10,0,No,575679.005699797
CLG0009,102,7.1,6.9,7,No,9,5,1,No,555971.518758651
CLG0078,67,7.43,6.96,3,Yes,9,10,1,No,484562.990034447
CLG0060,107,9.01,9.29,10,Yes,1,5,3,No,682925.3106894334
CLG0075,109,6.48,6.03,5,Yes,7,2,1,No,521377.093767621
CLG0089,111,5.48,5.73,2,No,0,8,5,Yes,512806.7623247056
CLG0087,94,7.6,7.15,3,No,8,3,2,No,544910.5977470377
CLG0010,104,7.64,7.39,4,No,6,4,1,No,560624.1402313061
CLG0071,121,8.99,9.33,1,Yes,0,5,4,Yes,719906.391996153
CLG0077,121,9.84,10.29,4,No,4,10,5,Yes,777369.6870025125
CLG0022,99,5.28,5.19,4,No,1,9,0,No,461813.32958864333
CLG0056,102,7.96,8.43,3,No,10,2,0,No,628091.7245911947
CLG0046,116,8.41,8.54,10,No,0,8,1,Yes,654304.4060842567
CLG0018,77,9.93,9.85,9,No,0,5,1,No,655250.0427550388
CLG0073,95,9.71,10.01,3,No,4,9,0,No,680371.1710492668
CLG0086,120,8.56,8.36,2,Yes,3,9,0,Yes,656698.0924530573
CLG0059,114,7.61,7.38,7,No,4,10,1,No,602078.7658128536
CLG0061,105,5.81,5.97,9,No,5,3,2,No,509183.94576994673
CLG0052,77,6.92,6.81,6,Yes,0,9,2,No,486471.7903259874
CLG0009,99,7.93,7.57,5,No,1,7,0,No,569063.0091470062
CLG0063,91,8.63,8.2,1,Yes,1,9,3,Yes,596694.948155595
CLG0064,104,8.18,8.47,3,No,4,7,2,No,633653.0383722055
CLG0014,87,8.57,8.75,9,Yes,9,8,4,Yes,616406.441494633
CLG0076,84,7.15,7.06,8,No,8,4,5,No,524296.5346678279
CLG0017,69,8.64,9.04,9,Yes,6,5,0,No,590061.9550969534
CLG0017,118,5.72,5.63,8,No,9,6,2,No,524081.69314161554
CLG0051,94,5.81,6.02,1,Yes,3,4,1,No,500178.2053838579
CLG0056,102,5.81,6.22,8,No,4,8,3,No,508916.6645466911
CLG0024,99,9.45,9.79,8,No,10,5,5,No,695895.0731753476
CLG0077,83,5.38,5.39,5,No,6,3,5,No,431815.8446004151
CLG0036,81,9.01,9.19,6,No,9,1,1,No,635367.8205279632
CLG0062,84,6.17,6.08,2,Yes,8,1,5,No,483584.5007998198
CLG0018,89,7.34,7.49,1,Yes,9,8,1,No,552104.5296651697
CLG0094,105,9.58,9.34,8,Yes,6,3,3,No,662606.5072729195
CLG0055,88,7.93,7.86,7,No,10,10,0,No,562954.2201791148
CLG0042,126,6.05,5.76,4,No,1,4,5,No,536297.0414388338
CLG0065,115,6.42,5.96,7,No,3,7,1,No,538711.4432829941
CLG0014,112,9.6,9.69,2,No,9,1,5,Yes,698083.6204040333
CLG0010,98,7.14,7.5,2,No,3,6,0,No,596398.4698438202
CLG0005,122,7.93,7.46,7,Yes,10,1,0,No,600419.8892746633
CLG0022,96,7.3,7.0,3,Yes,8,3,0,No,546784.4931910937
CLG0093,99,6.89,6.85,6,No,7,4,5,No,526149.4488863243
CLG0096,102,6.12,6.29,7,No,5,7,1,No,525491.3048138823
CLG0095,110,8.43,8.1,7,No,7,2,0,No,613940.7926186157
CLG0037,109,8.59,8.15,10,No,6,8,1,No,616390.145033233
CLG0033,92,6.37,6.39,4,Yes,7,6,0,No,485057.5791871393
CLG0094,92,8.95,9.27,3,Yes,6,10,4,Yes,654595.1115707926
CLG0097,109,9.27,8.81,1,Yes,1,2,1,No,663017.4910387532
CLG0010,110,9.6,9.45,7,No,10,3,4,No,685256.3252378892
CLG0064,94,5.81,5.97,9,No,5,4,0,No,479666.7304088777
CLG0058,76,6.52,6.15,1,No,3,6,1,No,439465.4236368255
CLG0063,96,9.3,9.04,5,No,3,1,5,No,658202.6308925138
CLG0035,109,5.99,6.03,4,Yes,9,5,3,No,531086.7105491837
CLG0049,127,5.02,5.47,10,Yes,5,8,4,Yes,519749.8037627384
CLG0028,82,9.35,9.14,2,Yes,7,7,2,No,624266.9601019272
CLG0055,93,6.63,6.62,7,No,4,3,2,No,519590.68526821176
CLG0009,94,7.07,6.97,7,Yes,2,2,3,No,516579.1625419866
CLG0075,120,7.23,7.63,8,No,0,2,3,No,624208.1137083558
CLG0045,99,9.24,8.81,3,Yes,4,10,5,Yes,630407.7689850309
CLG0027,86,6.69,6.76,6,No,2,5,2,No,511914.0001361685
CLG0032,108,9.46,9.81,4,No,2,8,1,No,697679.5615602103
CLG0041,93,8.08,8.57,3,Yes,3,6,0,No,593340.1521312468
CLG0021,81,7.64,7.84,4,No,8,6,1,No,565421.8423934134
CLG0076,86,6.63,6.51,1,Yes,3,7,2,No,501330.0130955286
CLG0007,126,6.22,6.13,7,Yes,4,1,4,No,547710.1510373657
CLG0022,105,8.12,7.97,7,No,9,3,4,No,595921.6463873903
CLG0096,101,7.23,7.33,7,No,4,5,0,No,565058.5340289883
CLG0054,96,9.55,9.79,2,Yes,0,7,0,No,687582.4137075329
CLG0067,104,7.46,7.78,1,No,6,6,5,No,591790.4802841153
CLG0076,104,7.56,7.48,9,Yes,1,1,2,No,582425.659123316
CLG0058,104,7.08,7.3,2,No,5,9,2,No,560742.2690480861
CLG0077,101,8.95,9.37,5,No,10,3,0,No,682273.9140471839
CLG0086,113,7.12,7.54,5,No,3,7,4,No,602837.6881408389
CLG0064,100,6.35,6.55,8,Yes,4,1,3,No,529845.7709497273
CLG0042,85,9.31,9.45,1,No,4,1,3,No,652515.6041501963
CLG0053,90,7.98,8.01,7,Yes,3,1,3,No,579201.1515375109
CLG0028,70,7.96,7.64,3,No,1,4,4,No,521442.0706072095
CLG0058,130,8.05,7.67,2,No,7,1,1,No,648693.6534761286
CLG0005,112,8.59,8.58,5,No,0,1,1,No,648217.4064666096
CLG0094,87,6.57,6.23,4,No,8,9,4,No,503034.0173963243
CLG0055,95,5.17,5.25,9,No,5,8,1,No,438448.6107503404
CLG0096,90,9.05,9.2,1,Yes,3,5,3,No,651356.2825495469
CLG0060,123,5.64,5.67,3,No,5,2,4,No,523084.68643697625
CLG0045,78,8.61,8.15,3,Yes,10,7,0,No,541726.4889218364
CLG0084,101,5.41,4.97,4,No,8,1,4,No,466234.84314723127
CLG0020,98,6.88,6.49,7,No,8,9,2,No,508060.44522529823
CLG0009,112,5.32,4.97,5,Yes,2,1,3,No,458656.7906488751
CLG0007,98,7.61,8.1,10,No,7,3,5,No,605788.8495675994
CLG0007,73,8.27,8.11,6,No,0,6,3,No,555244.1590265034
CLG0090,96,5.86,5.65,3,No,8,4,2,No,481631.47784459626
CLG0097,85,6.86,6.41,5,No,6,2,3,No,494362.1575795592
CLG0050,101,9.65,9.79,2,Yes,9,5,5,No,687541.8256833536
CLG0095,121,7.21,7.36,4,No,6,10,2,Yes,612866.4245988437
CLG0014,73,9.01,8.69,3,Yes,5,1,5,No,576682.8247671293
CLG0099,87,9.64,10.06,3,No,0,1,2,No,681822.0276263838
CLG0094,91,9.87,10.17,4,No,1,6,3,No,686271.8171099746
CLG0035,94,9.49,9.22,8,Yes,10,9,4,Yes,652123.6854257567
CLG0063,111,6.59,6.58,8,Yes,2,10,2,Yes,549359.072415509
CLG0019,97,9.81,9.77,1,No,0,7,0,No,682907.4086231376
CLG0073,106,9.06,8.91,5,No,4,10,2,Yes,668660.9320372735
CLG0059,90,9.19,9.51,2,No,10,4,0,No,663353.5112593122
CLG0082,103,5.08,4.69,10,Yes,4,8,4,No,445239.2255935928
CLG0064,111,9.77,9.69,6,No,5,1,2,Yes,690343.9798772016
CLG0065,89,8.89,8.82,3,Yes,6,5,2,No,623309.9529987104
CLG0017,111,8.84,8.81,10,Yes,9,2,2,Yes,660906.7014090786
CLG0086,100,5.41,5.77,10,No,8,3,0,No,497004.0097607527
CLG0012,115,6.16,5.88,9,No,6,10,4,Yes,517634.0131719057
CLG0055,96,9.81,9.41,9,Yes,5,4,3,No,661320.4386647182
CLG0018,105,7.5,7.62,8,No,8,1,5,No,587398.1971750112
CLG0066,99,6.99,6.66,2,No,1,5,5,No,530159.9096876336
CLG0024,98,9.2,8.77,2,No,5,10,1,No,619451.739067605
CLG0004,103,5.44,5.37,2,No,4,6,2,No,471387.06343206763
CLG0087,108,7.08,6.8,5,Yes,5,1,2,No,566644.4820800461
CLG0004,81,6.88,6.74,10,No,9,4,2,No,500778.7730043418
CLG0021,121,6.75,6.51,9,No,0,2,3,No,565296.22709049
CLG0027,72,6.54,6.13,7,Yes,10,1,4,No,445443.4397260523
CLG0011,89,6.05,6.11,7,No,4,5,0,No,484359.2301035329
CLG0062,98,5.86,5.39,3,No,7,1,3,No,468983.7810953577
CLG0064,106,8.2,8.67,3,Yes,2,8,4,Yes,637342.5444483771
CLG0088,123,9.6,9.44,10,Yes,2,2,1,No,720132.1809917672
CLG0027,72,7.54,7.74,3,Yes,10,5,5,No,524486.470178856
CLG0064,92,6.49,6.8,1,No,6,3,4,No,505006.546258489
CLG0036,68,5.8,5.58,8,Yes,6,6,4,No,417980.7600951331
CLG0091,100,9.15,9.4,2,No,1,6,0,No,687492.3844622687
CLG0092,104,9.86,10.19,7,No,7,8,4,Yes,706473.0372333647
CLG0062,123,6.75,6.49,9,No,4,5,4,No,571898.9535594343
CLG0047,101,6.45,6.94,2,No,8,5,5,No,557118.939089186
CLG0098,115,8.01,7.53,1,No,0,5,2,No,611184.0658708266
CLG0066,108,8.88,8.6,5,No,10,9,0,No,653270.4424253402
CLG0041,93,7.28,7.56,10,Yes,3,2,4,No,560091.1558542998
CLG0090,78,8.15,7.84,5,Yes,7,3,4,No,545256.3402349647
CLG0045,104,8.58,8.78,1,No,8,4,2,No,654215.2471814294
CLG0079,77,9.8,10.16,9,Yes,8,7,0,No,663219.1985354287
CLG0024,119,5.83,6.29,3,No,9,10,1,No,539121.3365182283
CLG0019,97,9.99,9.96,2,No,10,1,0,No,681424.6266985728
CLG0071,117,6.96,7.43,7,Yes,0,3,3,No,612317.3723389448
CLG0081,92,8.62,8.53,5,No,0,10,4,Yes,606222.3876791832
CLG0068,104,7.86,7.58,4,No,6,7,5,No,585174.8349303103
CLG0100,103,7.43,7.44,4,No,10,8,3,No,575337.9736316812
CLG0040,99,8.49,8.64,9,Yes,5,2,3,No,638601.9771241385
CLG0094,93,6.98,6.94,9,No,6,3,1,No,526386.7199857718
CLG0064,105,5.63,5.7,1,No,7,7,4,No,486549.9893812914
CLG0052,86,7.44,7.36,10,No,10,7,0,No,547529.5982222308
CLG0043,81,7.61,7.63,7,No,5,3,5,No,521692.80753591366
CLG0062,118,6.01,6.46,8,Yes,9,10,2,Yes,563947.3811831077
CLG0055,110,9.68,9.68,5,Yes,9,5,4,No,697794.6818742924
CLG0078,100,6.14,5.89,7,Yes,9,7,3,No,497054.0399227346
CLG0042,124,7.05,7.31,8,Yes,6,3,3,No,630380.8196767339
CLG0059,95,5.77,5.61,8,No,10,8,4,No,474130.3546433756
CLG0048,119,7.68,8.0,9,Yes,6,4,1,No,644905.9284091884
CLG0046,102,6.54,6.1,5,No,6,7,0,No,493627.0687714743
CLG0053,84,7.45,7.28,2,Yes,1,2,5,No,519845.4054212677
CLG0064,127,6.12,5.71,6,Yes,2,5,2,No,542239.0975253033
CLG0020,114,5.27,4.86,1,No,9,6,5,No,472643.95538565656
CLG0029,98,8.9,9.06,10,No,8,1,5,No,651097.1859576295
CLG0054,110,8.21,8.1,6,No,0,9,1,No,625277.5052120552
CLG0053,93,6.7,7.07,3,No,7,9,5,No,550539.3653066587
CLG0090,112,5.24,5.26,3,No,6,4,5,No,488779.37040191743
CLG0083,64,9.33,9.13,7,No,5,5,0,No,574633.1879575734
CLG0008,84,5.85,6.07,4,Yes,0,9,4,No,475963.76398830285
CLG0020,114,9.65,9.77,5,No,8,10,1,Yes,717976.4741875585
CLG0065,96,7.39,7.69,6,No,1,2,5,No,589574.2323779722
CLG0080,103,6.7,6.84,10,No,9,5,2,No,542901.1756014348
CLG0058,79,8.71,8.38,6,No,4,4,0,No,574007.5204538276
CLG0065,127,9.38,9.55,2,No,8,2,4,Yes,742957.7083610542
CLG0035,117,6.85,6.74,3,No,7,2,0,No,568655.0500091093
CLG0008,96,7.04,7.0,1,Yes,9,9,2,No,559119.8390088765
CLG0008,93,7.17,7.59,3,No,3,10,4,No,573044.9531628529
CLG0066,115,9.61,9.47,8,No,7,8,3,Yes,702673.8563517546
CLG0028,129,8.46,8.57,4,No,8,10,3,Yes,677334.6768622682
CLG0095,114,6.24,6.1,2,Yes,10,10,1,No,528661.5028714571
CLG0044,132,5.92,5.51,4,No,4,8,4,Yes,525274.5219602596
CLG0016,86,6.15,6.1,7,No,0,8,4,No,496486.9091798602
CLG0075,87,6.32,6.42,9,No,10,5,1,No,503137.66968720005
CLG0064,82,6.15,6.06,5,No,5,4,5,No,465213.82714738196
CLG0078,106,8.29,8.18,5,No,3,10,0,No,599977.5908893629
CLG0037,102,5.58,5.9,5,No,5,3,1,No,491038.76422850887
CLG0033,97,6.94,6.47,10,No,0,2,5,No,520333.06872833037
CLG0008,112,8.13,7.93,9,Yes,3,10,4,Yes,615525.6815204646
CLG0034,118,6.45,6.76,7,Yes,4,5,5,No,593505.5234226328
CLG0013,77,5.33,5.75,3,No,5,8,3,No,447063.63328627567
CLG0016,91,5.41,5.32,2,No,4,5,0,No,443636.45994763175
CLG0036,112,5.63,6.02,9,No,1,7,5,No,529426.3427784684
CLG0054,92,9.18,8.88,3,No,2,5,4,No,656386.3285652408
CLG0085,88,8.29,8.01,8,Yes,4,10,2,Yes,571720.5020854836
CLG0081,115,5.32,5.67,4,No,10,9,3,Yes,492339.4835913818
CLG0039,80,6.96,7.36,5,No,6,8,3,No,530234.366160882
CLG0053,95,6.39,6.11,8,No,3,8,1,No,498572.7225497315
CLG0034,104,7.89,7.45,5,No,10,1,4,No,582434.4160851013
CLG0018,91,7.61,7.2,10,Yes,5,5,4,No,531653.4494168529
CLG0041,111,7.41,7.17,2,No,8,9,1,No,571520.9857119214
CLG0100,91,6.57,6.83,6,No,9,8,4,No,538197.888392492
CLG0036,121,5.69,5.7,7,No,6,1,4,No,538369.0332006572
CLG0005,98,8.71,8.67,1,No,2,9,5,Yes,619743.9400158509
CLG0028,110,9.4,9.48,10,Yes,10,10,3,Yes,704572.7979567414
CLG0049,111,9.72,10.11,9,No,4,1,0,No,724589.5261702222
CLG0069,90,5.29,4.88,6,No,8,5,2,No,414968.10220876185
CLG0068,69,8.7,8.89,4,Yes,4,10,2,Yes,590115.936979498
CLG0003,105,8.63,9.06,2,No,2,1,0,No,657688.9693621423
CLG0033,101,9.74,9.45,9,No,7,8,2,Yes,658104.1133122457
CLG0057,108,6.26,6.6,6,No,6,2,0,No,538912.2488059795
CLG0052,96,8.71,8.91,9,Yes,4,6,4,No,634013.1598896293
CLG0067,93,5.27,4.78,2,Yes,4,2,1,No,423899.8084626757
CLG0072,130,8.16,7.89,5,Yes,0,2,5,No,661055.79536799
CLG0023,77,6.75,6.86,6,No,7,1,4,No,493979.87168180395
CLG0070,111,8.84,8.84,5,Yes,5,6,1,No,638648.6919648823
CLG0027,91,9.32,9.35,6,Yes,4,5,0,No,634813.5631226561
CLG0086,94,6.82,6.55,3,No,6,4,4,No,519281.13650300744
CLG0034,95,7.63,7.81,9,Yes,1,4,0,No,579302.6016843349
CLG0065,87,5.59,5.36,2,No,2,9,5,No,438968.236893625
CLG0036,108,7.08,6.97,2,Yes,8,2,5,No,575263.0867468835
CLG0091,120,6.8,6.67,5,No,4,10,3,Yes,558912.7894362807
CLG0009,107,5.92,6.09,10,No,5,7,5,No,519951.5104196416
CLG0025,101,9.47,9.06,3,Yes,7,5,5,No,663438.2088199053
CLG0078,85,5.74,5.45,2,No,2,10,0,No,434398.5718490529
CLG0018,107,8.18,7.88,6,Yes,0,9,5,No,607769.6955910785
CLG0082,132,9.45,9.06,6,Yes,3,4,4,Yes,720475.2256806367
CLG0027,94,9.56,9.27,7,No,1,6,1,No,631422.1037899689
CLG0009,94,8.97,9.08,4,Yes,8,2,3,No,646224.3802184513
CLG0076,91,5.88,6.11,8,Yes,3,1,4,No,503966.05980658095
CLG0056,92,9.09,9.25,3,Yes,8,1,4,No,665488.6372799996
CLG0047,58,6.38,6.36,10,No,6,4,4,No,438812.82141337823
CLG0082,106,9.61,9.16,1,No,6,9,3,Yes,682466.1310670307
CLG0049,87,8.55,9.01,5,Yes,0,3,4,No,619657.33800544
CLG0014,75,8.93,8.6,6,Yes,1,3,5,No,594533.6943090834
CLG0074,111,5.43,5.6,3,Yes,6,7,1,No,499618.1523369865
CLG0084,83,7.91,8.32,2,Yes,4,8,5,Yes,582382.3526921332
CLG0022,94,9.11,9.31,3,No,6,6,4,No,674498.5163129807
CLG0059,121,9.31,9.03,3,No,2,1,2,Yes,703881.195261215
CLG0034,78,5.14,4.96,7,Yes,7,6,0,No,408436.7636335167
CLG0048,77,9.7,9.23,1,No,3,8,2,Yes,615093.5381691883
CLG0069,104,5.22,5.33,4,No,7,5,5,No,483569.82330976694
CLG0030,117,8.07,8.18,3,Yes,5,8,1,Yes,637973.2833121199
CLG0001,76,8.47,8.7,10,Yes,8,1,1,No,585293.5527730624
CLG0026,106,5.54,5.05,7,Yes,5,4,0,No,457932.4444064236
CLG0071,108,5.24,5.56,1,No,3,9,1,No,489784.385108781
CLG0007,69,8.92,9.16,8,No,2,10,1,No,582672.0622173308
CLG0005,111,6.92,6.56,10,Yes,3,5,4,No,552903.1761286255
CLG0084,113,5.54,5.39,7,No,10,10,0,No,500894.8733796531
CLG0064,95,8.81,8.95,8,No,6,10,2,Yes,653519.1095210342
CLG0092,118,9.25,9.25,8,Yes,7,3,4,Yes,696231.1284637648
CLG0023,117,7.94,7.56,9,No,1,3,4,No,620559.5869324112
CLG0008,101,5.81,5.4,1,Yes,8,9,2,No,468834.6306229979
CLG0047,93,5.08,5.36,9,Yes,6,1,1,No,461480.57528045174
CLG0080,85,8.5,8.16,1,No,6,6,3,No,576642.563657047
CLG0041,99,7.75,7.42,3,No,9,6,5,No,588454.7606356426
CLG0048,108,8.25,8.58,7,Yes,3,10,3,Yes,656733.3569284661
CLG0070,95,9.07,9.18,8,Yes,6,8,5,Yes,642980.4631385639
CLG0075,67,7.17,7.27,5,No,1,8,1,No,486899.89734199364
CLG0077,119,5.62,5.6,1,No,10,1,4,No,526626.6909374151
CLG0066,102,9.7,9.77,3,Yes,9,7,2,No,674512.0764011417
CLG0049,94,7.73,7.83,7,Yes,2,10,3,No,584297.3459415134
CLG0002,112,8.08,8.55,2,No,1,1,4,Yes,648613.8738124478
CLG0063,122,9.67,9.39,2,No,4,8,3,Yes,704074.0059877704
CLG0013,57,9.66,9.37,9,Yes,0,5,2,No,574742.2003290126
CLG0083,106,7.86,7.42,6,Yes,1,2,4,No,578798.1952992408
CLG0033,78,6.49,6.65,4,No,10,3,0,No,480655.2278704248
CLG0025,107,9.99,10.04,10,Yes,5,9,4,Yes,722904.8042547809
CLG0082,101,8.4,8.01,9,Yes,5,2,0,No,614706.9219858883
CLG0029,109,7.04,6.9,7,No,7,4,1,No,567511.813552337
CLG0037,92,7.8,7.48,7,Yes,8,7,2,No,567299.8047235932
CLG0075,71,7.08,6.91,8,No,8,8,3,No,491717.0719460082
CLG0041,93,9.44,9.89,3,No,6,3,1,No,688711.4750906376
CLG0087,106,7.41,7.59,2,Yes,9,10,1,No,596018.9997012889
CLG0087,115,9.12,8.63,1,Yes,0,10,5,Yes,654398.42639314
CLG0035,82,9.2,8.95,2,Yes,3,9,5,Yes,625027.1744373781
CLG0003,115,9.12,8.63,3,No,6,8,4,Yes,660616.8365068119
CLG0047,90,8.61,8.82,5,No,1,6,4,No,634806.5020067949
CLG0062,105,9.27,9.24,8,No,8,8,5,Yes,663842.7999131152
CLG0018,92,6.94,7.43,3,No,0,10,5,No,548872.1409726343
CLG0057,102,5.57,5.8,7,Yes,8,8,0,No,496533.86674003693
CLG0052,113,9.21,9.23,5,No,6,3,0,No,689737.2207114458
CLG0073,81,7.49,7.79,5,No,9,7,1,No,555361.061069936
CLG0048,89,5.64,5.84,8,No,5,8,1,No,465495.75692058343
CLG0020,102,5.58,5.32,10,Yes,6,6,4,No,472953.4583191839
CLG0088,136,5.8,5.83,5,Yes,1,6,4,No,578334.0650380715
CLG0081,87,8.75,8.81,10,No,9,7,3,No,619399.0191333676
CLG0012,130,8.55,8.5,7,No,1,4,2,Yes,697121.6641818532
CLG0033,130,6.02,5.7,10,No,2,10,3,Yes,540872.7122164111
CLG0070,98,9.23,8.95,8,Yes,5,10,2,Yes,657691.5155169308
CLG0094,95,6.41,6.19,8,Yes,0,9,1,No,507840.05845770444
CLG0070,89,8.96,8.47,3,No,10,3,4,No,619619.517808296
CLG0048,98,7.44,7.86,4,No,3,7,3,No,587332.8409711341
CLG0023,78,8.66,8.85,8,No,7,9,5,Yes,582037.0592597983
CLG0046,98,6.91,7.1,5,No,7,8,2,No,562286.8622041334
CLG0007,122,6.74,6.81,1,No,4,7,5,No,579676.4122291384
CLG0026,90,9.21,9.4,7,No,6,5,5,No,649582.5413361304
CLG0067,96,5.18,5.66,3,No,4,2,0,No,472343.9607467746
CLG0057,74,9.87,9.76,2,No,3,2,2,No,624368.7791164349
CLG0025,105,8.24,8.45,10,No,5,4,2,No,619273.0872552143
CLG0067,103,7.16,7.02,5,No,7,5,5,No,543392.6890304481
CLG0079,100,8.14,8.49,1,No,9,4,4,No,634501.6151662779
CLG0039,96,5.61,5.97,9,No,0,2,3,No,475595.06546384207
CLG0068,95,7.57,7.97,10,No,2,4,1,No,590689.1178600071
CLG0038,107,9.93,9.44,5,Yes,3,5,3,No,701350.7773447848
CLG0045,99,6.18,5.98,6,Yes,4,4,1,No,491969.5705722988
CLG0064,104,8.61,8.24,7,Yes,0,6,5,No,609652.9718213349
CLG0085,103,7.17,7.12,9,No,8,10,0,No,577521.665392631
CLG0054,116,8.26,8.26,5,Yes,7,7,5,Yes,657346.7909651977
CLG0094,110,6.02,5.78,4,No,1,5,5,No,509458.1527041529
CLG0071,102,7.35,7.57,3,No,4,9,4,No,586060.5095411513
CLG0013,122,9.9,9.67,5,No,8,4,2,Yes,723889.5554450464
CLG0050,106,5.98,6.33,10,No,2,10,5,No,529200.9969637529
CLG0043,119,8.18,7.86,10,No,4,2,3,No,627414.3171596271
CLG0007,109,7.88,7.75,3,No,8,10,3,No,591331.9503362599
CLG0087,72,7.83,7.95,5,No,5,8,1,No,543919.8899741586
CLG0044,119,8.08,8.19,8,Yes,4,4,3,Yes,663494.0506961984
CLG0064,102,7.51,7.09,2,Yes,7,4,2,No,549387.8799496626
CLG0007,99,5.08,5.43,4,No,4,3,1,No,478167.9243241308
CLG0010,104,9.5,9.6,8,Yes,8,9,2,Yes,673231.8644840501
CLG0078,94,9.13,9.5,5,No,10,4,5,No,660125.2100862033
CLG0069,103,5.87,6.24,8,Yes,2,2,1,No,522459.7099810964
CLG0062,91,7.07,7.12,6,No,0,1,2,No,544500.6883734313
CLG0019,119,8.85,9.26,1,Yes,3,1,1,No,699306.7415703529
CLG0033,98,9.9,10.25,5,Yes,6,8,4,Yes,714998.0695271058
CLG0062,94,9.76,10.22,10,No,2,1,3,No,706413.0491766769
CLG0078,86,9.5,9.85,2,No,9,5,2,No,664171.4924649943
CLG0067,104,5.79,6.11,7,Yes,7,8,0,No,523011.68452438316
CLG0007,102,9.57,9.54,10,Yes,1,7,5,No,681762.6935212607
CLG0030,105,9.39,9.1,4,No,8,7,4,No,659911.9095033379
CLG0091,84,6.88,7.29,2,Yes,2,8,4,No,522794.29281922395
CLG0036,75,6.97,7.19,1,No,10,3,5,No,488997.8902417112
CLG0075,109,7.3,7.08,5,Yes,5,5,2,No,565218.1597453755
CLG0100,122,8.28,8.12,10,Yes,6,2,2,Yes,657055.6506335452
CLG0016,84,6.3,6.49,8,No,4,5,0,No,480374.16017871187
CLG0081,123,5.11,5.09,8,No,9,5,5,No,500301.9538357301
CLG0019,104,5.71,5.29,10,No,4,2,2,No,467313.0985407101
CLG0035,99,7.2,6.84,2,Yes,0,10,5,No,524654.4006030766
CLG0038,94,6.41,6.66,6,No,3,6,0,No,508524.87984998315
CLG0058,79,8.82,8.65,7,No,0,1,2,No,592760.0790367168
CLG0056,114,5.53,5.54,10,No,8,8,0,No,499701.39912799414
CLG0063,88,9.59,9.86,1,Yes,8,1,1,No,669811.2623127236
CLG0048,88,9.48,9.73,5,No,4,3,3,No,665380.6734184806
CLG0066,114,9.54,9.21,6,Yes,4,1,3,Yes,687197.178686116
CLG0063,71,8.7,8.3,7,No,4,2,2,No,567828.260564548
CLG0091,77,5.53,5.62,9,Yes,6,7,2,No,433078.5196080173
CLG0059,99,7.19,7.43,3,No,5,7,3,No,562039.3595556414
CLG0051,104,5.66,5.31,8,No,1,5,3,No,480907.09041668085
CLG0065,107,9.94,9.81,10,No,10,5,0,No,679249.6336728747
CLG0066,95,6.67,7.04,3,No,9,7,0,No,555169.4745855371
CLG0052,137,7.93,8.37,9,Yes,2,10,1,Yes,710290.442102228
CLG0079,96,8.9,8.85,8,Yes,4,10,1,No,645627.2615595676
CLG0065,96,9.6,9.18,9,Yes,6,5,0,No,647593.3594793344
CLG0070,88,8.78,8.54,5,No,1,8,1,No,614815.2344570056
CLG0030,101,8.37,8.1,9,No,10,3,4,No,604923.1189107285
CLG0044,109,7.33,7.07,3,Yes,3,2,5,No,570993.9460028661
CLG0064,118,8.03,8.02,7,Yes,0,10,0,Yes,640207.2552531279
CLG0091,77,5.47,5.55,3,No,6,4,1,No,434686.7215718498
CLG0081,96,9.42,9.04,6,Yes,10,7,1,No,647080.1422717572
CLG0040,106,7.72,8.11,8,Yes,1,9,2,Yes,594215.9675998244
CLG0088,108,5.2,5.32,2,Yes,7,3,2,No,484445.5706904156
CLG0059,100,9.6,9.7,8,No,9,3,2,No,701789.9044886288
CLG0050,108,7.45,7.94,1,Yes,10,7,3,No,604451.4263624629
CLG0086,87,9.34,9.47,4,No,0,1,5,No,649871.0667590273
CLG0015,123,9.28,9.71,7,Yes,1,7,3,Yes,723060.4085561517
CLG0021,114,9.08,8.87,1,Yes,7,2,3,Yes,678685.520013575
CLG0091,79,5.31,5.05,6,No,4,10,0,No,420899.2534683614
CLG0016,83,6.24,6.26,10,Yes,4,1,2,No,491608.7011746859
CLG0047,84,9.38,9.39,6,No,10,10,2,Yes,639803.0620005651
CLG0078,110,9.49,9.22,7,No,6,9,0,No,697688.0819407853
CLG0068,80,7.29,7.49,9,No,3,1,3,No,535593.6071623401
CLG0088,95,7.2,6.73,7,No,8,8,5,No,520896.31657244905
CLG0077,106,5.88,6.07,3,Yes,2,10,1,No,509165.8742584476
CLG0005,99,9.84,9.8,4,No,7,7,4,No,699323.35883033
CLG0033,103,6.07,6.26,1,No,2,10,2,No,532436.3648594014
CLG0072,84,5.95,5.93,5,No,7,9,3,No,469198.5388725623
CLG0056,108,8.3,8.78,7,No,0,5,1,No,666089.8702473844
CLG0039,90,6.21,6.04,3,No,9,3,2,No,477181.0794365651
CLG0083,95,9.69,10.17,6,Yes,9,1,2,No,695041.8383264173
CLG0010,103,5.05,4.61,3,Yes,6,2,4,No,445906.3423135916
CLG0039,101,5.03,5.21,4,Yes,0,6,3,No,462661.52675246994
CLG0083,100,7.52,7.47,5,Yes,1,8,5,No,573118.55331455
CLG0031,88,7.44,7.76,6,No,10,9,0,No,575970.7981722775
CLG0078,95,5.82,6.11,6,No,10,8,1,No,493007.2402029567
CLG0089,100,7.47,7.77,1,No,0,2,1,No,576214.9865223314
CLG0008,79,7.06,6.65,8,No,9,1,3,No,489727.52218435024
CLG0004,93,9.45,9.77,3,No,2,10,1,No,674417.5142409023
CLG0005,105,5.05,4.76,4,No,8,4,0,No,449739.67460698955
CLG0036,80,9.88,9.41,8,No,0,5,1,No,643397.7875991542
CLG0006,117,8.12,7.84,5,No,2,10,3,Yes,616436.8097359331
CLG0060,119,5.76,5.74,6,Yes,1,6,0,No,529702.6083233459
CLG0094,81,5.23,5.47,1,Yes,4,4,4,No,454055.7379131058
CLG0055,120,7.69,7.41,8,No,6,5,5,No,624317.4477815024
CLG0083,97,6.17,5.78,5,No,5,8,3,No,461472.44967975223
CLG0043,106,6.51,6.66,1,No,9,10,5,No,529796.6350227332
CLG0082,92,6.23,6.71,7,No,4,3,4,No,528419.6711555384
CLG0021,113,8.25,8.35,2,No,2,1,1,No,656452.2914378698
CLG0060,106,7.77,7.96,6,Yes,6,9,5,No,608996.8146831148
CLG0043,87,5.39,5.45,3,No,8,9,0,No,423461.48177569016
CLG0054,82,7.63,7.91,6,No,1,2,5,No,560376.8111047859
CLG0081,78,8.96,9.44,9,No,5,3,1,No,633733.4258756596
CLG0031,102,5.41,5.45,6,No,4,8,3,No,471888.4371498629
CLG0085,108,9.45,9.37,1,No,8,3,4,No,703810.5428822823
CLG0075,109,7.89,8.25,6,Yes,7,3,4,No,632262.5618462958
CLG0061,98,9.75,10.22,3,No,8,6,1,No,714051.005476463
CLG0080,82,5.74,5.37,4,No,6,6,3,No,408000.932851171
CLG0073,89,9.97,10.05,4,Yes,4,7,1,No,693146.2792379068
CLG0023,117,8.22,8.51,9,No,3,10,5,Yes,652596.4284304315
CLG0023,92,7.84,7.87,8,No,7,4,2,No,564079.5148826594
CLG0052,102,7.58,7.49,7,Yes,1,5,3,No,569717.7908572067
CLG0003,83,5.12,5.28,5,No,0,10,3,No,434829.11623597774
CLG0049,105,9.7,9.47,10,No,2,3,0,No,676637.9233389031
CLG0070,93,8.22,8.07,4,Yes,6,2,2,No,583046.9429797281
CLG0020,115,5.46,5.95,3,No,0,3,4,No,527481.0173141323
CLG0079,111,5.1,5.24,1,Yes,4,3,1,No,464429.78430625494
CLG0030,92,5.25,5.62,9,Yes,4,2,4,No,481140.8781778189
CLG0032,98,8.05,8.36,8,Yes,2,1,3,No,618363.7489638489
CLG0070,91,8.07,8.22,1,Yes,10,3,5,No,606718.6998115785
CLG0031,78,7.5,7.84,2,Yes,0,1,1,No,530254.8558793917
CLG0016,87,6.53,6.32,1,No,4,8,4,No,483724.0106464067
CLG0029,102,7.66,7.8,1,Yes,7,5,1,No,592800.5305022323
CLG0022,104,7.58,7.67,9,No,8,6,4,No,587345.7359349293
CLG0040,102,5.1,5.22,5,No,5,10,1,No,471422.90350613475
CLG0028,95,6.41,6.08,3,Yes,0,7,4,No,489656.25515848515
CLG0079,113,5.27,5.05,2,Yes,4,7,4,No,482769.56849723146
CLG0085,100,9.5,9.29,8,Yes,1,4,1,No,661533.2549055053
CLG0008,110,8.63,8.73,8,Yes,0,6,0,No,660964.2504824257
CLG0065,73,9.98,10.45,6,No,2,8,1,No,678480.898040657
CLG0030,41,6.51,6.96,2,Yes,10,6,5,No,430508.5007016954
CLG0058,104,9.39,9.12,1,Yes,9,7,4,No,648281.3265682895
CLG0002,78,8.02,7.82,6,Yes,4,3,2,No,550644.4985515298
CLG0024,96,7.27,6.81,1,No,8,9,3,No,540592.5301142714
CLG0049,95,6.11,6.01,6,No,6,10,0,No,495924.77414998354
CLG0069,123,8.69,9.02,10,Yes,5,2,5,Yes,690285.6002930225
CLG0012,105,9.52,9.94,2,No,8,8,1,No,700409.3317415089
CLG0005,102,6.18,5.92,7,No,5,8,3,No,505466.2814854573
CLG0098,112,5.88,5.65,10,Yes,10,2,5,No,503913.47550614364
CLG0014,105,8.48,8.2,2,No,3,9,0,No,624685.8291941392
CLG0076,93,9.88,9.73,2,Yes,6,3,2,No,682707.1137448661
CLG0027,116,8.75,9.05,6,Yes,1,10,3,Yes,678571.4593542818
CLG0066,83,6.42,6.57,4,No,1,6,5,No,502613.9464822239
CLG0049,104,7.1,7.39,6,No,5,4,1,No,582908.1945988168
CLG0100,76,6.92,7.0,8,No,4,5,2,No,497307.524549412
CLG0045,103,9.26,9.02,10,No,5,3,1,No,647340.274549939
CLG0038,102,8.86,8.59,3,Yes,1,10,5,Yes,634934.9499670261
CLG0067,125,7.94,7.45,5,No,1,8,3,Yes,630437.6082703979
CLG0058,76,6.37,6.65,5,Yes,0,10,1,No,487960.63974123175
CLG0100,90,9.69,10.04,10,No,1,10,5,Yes,687672.67835179
CLG0072,112,8.27,8.54,9,Yes,10,8,2,Yes,649628.606154366
CLG0066,105,9.85,9.42,7,Yes,9,7,2,No,691768.6648222655
CLG0054,102,7.9,8.16,9,Yes,6,7,3,No,610862.0436413537
CLG0029,85,9.11,8.66,8,No,1,2,3,No,597451.0752767478
CLG0089,91,9.07,8.68,3,Yes,2,10,4,Yes,617740.0851713012
CLG0004,118,6.69,6.63,2,No,10,6,2,No,556424.2364677602
CLG0055,99,9.82,9.8,3,Yes,5,4,5,No,691188.4714139731
CLG0010,105,5.11,5.43,6,Yes,5,9,4,No,476336.8177805658
CLG0044,98,8.84,9.02,10,Yes,9,5,1,No,645721.3355707495
CLG0081,82,9.83,9.48,4,Yes,10,6,3,No,619875.7974545604
CLG0065,114,6.69,6.42,1,No,8,7,5,No,536372.2015995958
CLG0003,107,8.24,8.03,10,No,10,2,0,No,609723.2659486063
CLG0062,134,7.81,7.43,10,No,1,1,5,No,645529.5258400615
CLG0094,84,8.81,8.6,9,No,6,6,1,No,607687.663027108
CLG0005,112,9.33,9.56,6,Yes,0,9,4,Yes,692666.9343904227
CLG0044,80,8.02,7.76,1,Yes,5,7,2,No,529286.7024210105
CLG0011,102,9.08,9.42,3,No,8,9,3,Yes,679614.6109766624
CLG0073,114,6.56,6.53,1,Yes,7,3,3,No,543830.5203979986
CLG0047,68,6.14,5.96,9,No,5,5,5,No,439094.18645318784
CLG0014,96,7.15,7.06,4,No,5,6,1,No,564094.160094561
CLG0019,91,8.39,8.6,2,No,5,6,5,No,598925.51946588
CLG0013,89,5.94,5.96,4,No,7,5,1,No,462405.54192017426
CLG0021,105,8.4,7.91,2,No,1,2,3,No,609058.7650929021
CLG0063,116,6.97,7.39,6,No,10,10,4,Yes,602955.8171889912
CLG0039,98,8.98,8.55,6,No,8,3,2,No,605878.4564224044
CLG0066,103,5.18,5.62,7,No,9,6,3,No,478591.6906215508
CLG0030,101,8.34,7.87,9,No,7,9,3,No,596747.8031545221
CLG0023,100,8.25,8.52,9,Yes,1,10,1,No,617067.8716513739
CLG0064,83,9.7,9.73,4,Yes,10,8,2,Yes,648602.5152293472
CLG0027,116,8.57,8.58,9,Yes,7,8,3,Yes,668935.9780316601
CLG0001,104,8.98,8.55,8,No,0,8,1,No,648021.773354154
CLG0071,105,9.52,9.26,1,Yes,5,6,0,No,669864.9262360776
CLG0066,87,8.38,8.66,7,Yes,5,3,3,No,613473.5923912786
CLG0023,93,6.45,6.84,7,No,8,5,0,No,523867.94371992943
CLG0095,97,9.35,9.38,10,No,8,8,2,Yes,649324.6582423315
CLG0029,76,8.74,8.59,4,No,4,3,2,No,568444.9954275656
CLG0014,74,7.12,6.68,7,Yes,0,1,3,No,474412.20254903426
CLG0060,90,8.55,8.73,10,Yes,10,1,5,No,628448.2112794359
CLG0043,107,9.34,9.12,10,Yes,0,7,4,No,682869.2099067812
CLG0005,90,9.88,9.44,5,Yes,6,6,1,No,642127.0881120579
CLG0075,84,9.76,9.93,5,No,10,5,1,No,661230.0873171166
CLG0033,87,6.63,6.62,5,Yes,10,8,4,No,516547.23537456297
CLG0093,93,7.11,6.62,6,Yes,3,8,0,No,514052.2960343167
CLG0070,94,5.55,5.16,7,Yes,8,1,5,No,444885.16290746024
CLG0007,132,6.24,6.44,5,No,2,7,5,No,594540.7065907186
CLG0045,115,9.41,8.97,9,No,5,2,2,Yes,679291.0328402182
CLG0010,115,6.8,7.17,9,No,8,4,3,No,585140.6627095826
CLG0084,117,8.1,7.91,7,Yes,3,1,1,No,636629.230435665
CLG0073,85,8.33,7.92,10,No,4,2,1,No,570848.8759184382
CLG0017,81,8.91,9.17,3,Yes,4,10,3,Yes,623560.7558562758
CLG0100,83,5.91,5.93,4,No,4,9,3,No,460142.2746032562
CLG0006,120,6.52,6.33,4,No,1,1,1,No,557451.1142152795
CLG0055,91,7.24,7.15,7,Yes,10,7,1,No,544748.7572374935
CLG0001,81,6.82,6.34,2,No,1,4,1,No,501452.185283827
CLG0011,93,9.91,10.07,5,Yes,0,7,3,No,672710.0837411336
CLG0017,96,9.17,9.04,4,No,0,7,5,No,647975.1518446966
CLG0057,104,7.4,7.61,10,No,3,10,0,No,612304.9797871023
CLG0039,103,9.4,9.53,9,No,2,3,1,No,703188.164467286
CLG0073,87,6.74,6.89,1,No,3,2,0,No,529764.1284819986
CLG0016,110,8.93,9.22,10,Yes,10,3,1,No,697703.389750265
CLG0053,90,6.12,6.25,3,Yes,5,5,3,No,477854.1281867537
CLG0091,97,8.86,8.78,6,No,10,8,4,Yes,651484.6515336075
CLG0005,110,7.28,7.17,4,Yes,0,9,0,No,577246.167990308
CLG0008,90,5.54,5.16,3,Yes,7,4,4,No,445008.64437607647
CLG0073,91,6.37,6.65,6,No,7,6,1,No,513578.59713603696
CLG0058,108,7.01,7.27,3,No,6,4,1,No,592533.6099401442
CLG0013,87,8.75,8.5,7,No,10,9,5,Yes,612030.2192581681
CLG0003,94,5.36,5.72,1,No,10,5,3,No,491126.79584069725
CLG0027,108,8.3,8.39,9,No,3,2,4,No,632010.5101674456
CLG0050,130,8.58,8.56,10,No,7,1,4,Yes,675605.9057076786
CLG0054,109,8.27,7.79,2,No,8,5,1,No,621785.8662070715
CLG0056,107,8.8,8.68,4,No,4,8,2,Yes,670740.9808311564
CLG0020,107,5.89,6.03,6,No,5,6,5,No,529264.0725703817
CLG0097,83,7.94,7.53,6,Yes,9,7,2,No,526993.5573281685
CLG0013,101,9.71,9.67,8,No,7,9,4,Yes,685382.3948907299
CLG0088,99,8.05,8.54,8,No,4,4,4,No,605257.0728647218
CLG0050,104,8.06,8.28,4,No,3,5,0,No,600255.7880459365
CLG0088,101,8.68,8.73,6,Yes,7,9,1,No,636591.1109996329
CLG0084,105,6.67,6.7,9,Yes,2,3,2,No,546574.6030708316
CLG0027,95,8.5,8.04,7,No,5,1,3,No,608270.6369114072
CLG0018,100,9.58,10.04,8,Yes,8,8,0,No,702669.9907655205
CLG0028,81,5.05,5.48,8,No,5,9,2,No,448874.50961483316
CLG0100,95,9.35,9.53,2,No,8,10,1,No,659824.1653141775
CLG0097,120,6.09,5.69,7,Yes,7,10,1,No,514764.23114903393
CLG0058,104,7.28,6.99,3,No,8,4,5,No,564422.0279882483
CLG0032,99,9.26,8.94,7,No,9,6,1,No,664610.9994140441
CLG0007,128,9.12,9.14,2,Yes,8,7,2,Yes,703089.0858093357
CLG0015,79,9.46,9.17,1,No,7,7,1,No,614934.7422284669
CLG0078,83,9.7,9.9,9,No,8,8,5,Yes,649963.1158327899
CLG0035,125,7.24,7.29,10,Yes,6,6,3,No,626955.7721922646
CLG0052,100,8.28,7.8,10,No,6,7,5,No,589138.1032556572
CLG0040,96,6.95,7.19,1,No,10,9,1,No,542486.4242328183
CLG0095,82,6.75,6.44,1,Yes,3,6,0,No,492963.4853970916
CLG0050,106,7.16,7.48,3,Yes,0,2,5,No,597015.198286674
CLG0095,108,8.72,8.58,1,No,6,4,3,No,656128.7512271488
CLG0090,83,7.51,7.35,7,Yes,7,5,0,No,529623.3157436487
CLG0089,97,9.07,8.58,7,Yes,8,8,5,Yes,620627.8894539664
CLG0070,94,8.73,9.22,8,Yes,0,4,5,No,624608.234058606
CLG0027,103,5.1,5.21,2,No,8,1,0,No,463107.3176777762
CLG0032,83,8.15,8.07,7,No,6,1,4,No,574898.1813679279
CLG0012,118,7.18,6.78,9,Yes,6,2,4,No,584861.6656052469
CLG0060,113,7.28,7.48,10,Yes,2,8,1,No,617768.2911098681
CLG0030,94,9.09,8.87,5,Yes,0,3,3,No,635184.9509854405
CLG0024,96,7.74,8.23,10,Yes,6,6,2,No,608875.7755136921
CLG0088,97,9.43,9.88,3,No,9,7,4,No,687782.6943901886
CLG0086,88,8.56,8.8,9,No,7,1,3,No,625320.4289979778
CLG0004,93,7.76,8.23,1,Yes,5,5,4,No,591352.1587961382
CLG0083,95,8.77,8.38,3,Yes,6,2,5,No,619127.2244424782
CLG0089,124,5.19,4.97,2,No,8,7,3,No,500880.9472512295
CLG0005,114,5.14,4.89,2,No,7,3,1,No,475862.6321293849
CLG0004,114,5.42,4.99,3,Yes,4,9,0,No,474938.9936678654
CLG0093,105,7.19,7.66,10,No,10,1,4,No,613075.5965595357
CLG0009,83,6.18,5.74,7,No,3,2,0,No,452973.0639321144
CLG0051,99,9.92,10.28,6,No,10,9,5,Yes,714913.3276181807
CLG0040,114,7.71,7.98,9,Yes,3,7,0,No,626628.2554681817
CLG0053,81,8.31,8.19,10,Yes,3,3,2,No,564765.2019914379
CLG0098,109,6.39,5.91,10,Yes,1,8,2,No,511526.19489429804
CLG0072,134,6.61,6.12,3,No,9,5,1,No,577291.7317880185
CLG0075,115,6.68,6.38,5,Yes,9,2,3,No,544781.9323916797
CLG0098,121,8.49,8.48,9,Yes,6,10,1,Yes,670777.0234878293
CLG0096,103,7.37,7.33,3,Yes,7,1,3,No,555934.0825040452
CLG0032,114,7.59,7.68,8,Yes,6,6,5,No,603798.8807192056
CLG0049,89,7.96,8.23,9,No,10,4,2,No,596857.0208891551
CLG0005,111,8.84,8.72,7,Yes,9,2,1,No,671183.9684843924
CLG0032,109,5.45,5.11,6,No,7,1,3,No,458848.0474228864
CLG0005,104,8.88,9.18,6,No,10,7,5,No,664268.5359534458
CLG0096,119,7.82,7.65,6,Yes,10,4,2,No,615778.7620338422
CLG0065,91,8.35,8.14,5,No,8,1,3,No,574398.9907945826
CLG0070,97,6.64,6.9,7,Yes,7,10,1,No,537380.111414358
CLG0025,101,7.05,7.48,7,Yes,4,1,4,No,581097.5082966859
CLG0027,84,6.16,6.57,7,Yes,3,7,4,No,496130.58904557826
CLG0078,103,9.9,9.54,3,Yes,4,5,5,No,698561.1453203195
CLG0073,74,7.49,7.49,6,No,10,1,1,No,520803.21410879673
CLG0028,115,9.98,9.57,9,No,0,9,5,Yes,720085.6336229112
CLG0088,100,7.45,7.91,9,No,4,3,0,No,592805.5447403108
CLG0063,92,6.1,5.82,4,Yes,5,10,5,No,474788.68602845026
CLG0073,87,7.54,7.24,9,No,8,1,4,No,549338.5941840959
CLG0036,96,5.2,5.59,2,Yes,8,2,5,No,471033.55901678937
CLG0056,110,9.52,9.99,8,No,9,10,4,Yes,719088.1336457086
CLG0034,108,9.09,9.29,2,No,2,6,4,No,667780.5991368203
CLG0067,89,8.63,8.25,5,Yes,10,3,0,No,607373.5795623851
CLG0021,87,8.05,8.04,6,No,7,10,2,Yes,571132.1252390625
CLG0039,109,7.9,8.22,2,No,7,8,2,Yes,648595.4368596536
CLG0037,89,9.98,10.05,9,Yes,8,1,0,No,681081.0970239065
CLG0042,100,6.39,6.02,6,Yes,0,1,5,No,496672.535523059
CLG0036,101,8.9,8.57,8,Yes,4,8,0,No,624484.5128957386
CLG0066,104,7.91,8.27,4,Yes,4,1,1,No,608416.9916333954
CLG0017,112,9.88,9.91,3,No,6,4,1,No,729890.3059468574
CLG0054,81,9.14,9.35,4,No,10,6,5,No,612202.159092756
CLG0029,71,9.99,9.86,1,No,7,1,1,No,637814.7403782395
CLG0025,91,7.94,7.97,1,Yes,10,4,2,No,574872.5540420985
CLG0021,127,6.02,6.5,8,Yes,6,5,5,No,585922.8113067783
CLG0019,130,7.52,7.35,1,No,5,1,3,No,620817.0917685883
CLG0029,127,8.56,8.73,5,No,3,2,4,Yes,686291.9734086122
CLG0003,97,8.87,8.54,10,No,8,2,1,No,607799.8288712475
CLG0076,73,5.0,4.62,9,No,1,6,4,No,377441.95697544765
CLG0055,64,7.53,7.81,3,No,5,2,0,No,533118.6425527383
CLG0051,90,6.18,6.52,10,Yes,9,6,2,No,513940.3013886502
CLG0090,97,9.37,9.54,2,Yes,5,9,1,No,659565.0926210319
CLG0039,119,5.76,5.42,5,Yes,10,2,5,No,499696.2907247869
CLG0031,113,8.33,8.07,2,No,3,7,5,Yes,613901.1820120609
CLG0072,103,6.33,6.74,10,No,2,1,3,No,553864.4007034443
CLG0035,86,6.78,6.57,1,No,10,9,5,No,493171.3039043772
CLG0069,85,9.7,10.02,9,No,2,4,2,No,649920.821876207
CLG0027,103,6.2,5.99,10,No,1,5,0,No,517767.54242306907
CLG0026,110,5.48,5.92,9,Yes,2,4,5,No,503823.26028943504
CLG0027,105,5.35,5.76,1,No,3,10,5,No,488051.89372836956
CLG0013,84,7.52,7.06,4,No,9,9,5,No,516354.2922607909
CLG0023,109,8.21,8.48,5,Yes,3,1,4,No,620862.1188766717
CLG0065,106,6.64,6.31,2,No,9,10,2,No,526166.3652386846
CLG0092,83,8.45,8.17,9,No,6,6,4,No,571059.3823017862
CLG0079,88,5.31,5.27,9,No,3,5,5,No,436427.67036261025
CLG0077,110,9.29,9.37,9,Yes,8,8,1,No,679254.1605384204
CLG0069,96,9.08,8.91,8,Yes,7,2,5,No,656091.313417957
CLG0090,123,9.93,10.01,6,No,0,4,5,Yes,724203.4563505338
CLG0071,107,9.68,9.35,1,Yes,9,5,0,No,682784.1956899713
CLG0099,92,6.78,6.3,10,Yes,0,8,3,No,505898.5710252669
CLG0022,99,7.0,7.07,5,Yes,5,1,2,No,563685.32488067
CLG0073,100,8.73,8.75,8,Yes,3,7,5,No,634959.0318695217
CLG0001,89,5.67,5.86,4,No,9,8,4,No,471035.70559379883
CLG0015,86,6.57,6.72,8,No,5,1,0,No,517777.69990562747
CLG0053,110,5.59,5.99,6,Yes,8,5,0,No,519873.19771266537
CLG0094,112,7.27,7.23,1,Yes,9,6,1,No,589076.6893255827
CLG0067,109,7.76,7.27,1,Yes,4,10,2,No,582665.7335742433
CLG0070,122,6.06,6.19,3,No,7,5,1,No,555408.9893451548
CLG0095,91,5.13,5.31,1,No,1,9,1,No,446266.92338754033
CLG0005,125,8.6,8.62,4,Yes,7,4,1,No,664894.3837848152
CLG0068,86,5.1,5.29,3,No,7,2,0,No,441829.04942931497
CLG0056,84,9.87,9.69,7,Yes,1,9,4,Yes,664685.394465694
CLG0025,73,6.11,5.76,9,Yes,6,2,4,No,430882.35352549865
CLG0075,93,8.32,8.48,7,Yes,7,2,3,No,623040.5333964825
CLG0062,92,7.17,6.92,5,No,6,6,5,No,530680.1229166876
CLG0043,107,5.3,5.26,1,Yes,5,9,3,No,491440.961298318
CLG0014,103,7.36,7.35,5,Yes,2,5,4,No,562874.2724825101
CLG0089,82,7.58,7.56,1,No,10,10,1,No,551004.0081411792
CLG0052,94,9.27,9.37,6,No,10,2,0,No,656191.3104909023
CLG0027,94,8.66,8.19,8,Yes,2,6,1,No,601521.1110764951
CLG0093,73,5.4,5.89,7,Yes,7,1,1,No,450949.1364592706
CLG0052,85,6.05,6.27,1,No,3,10,1,No,489742.92758888134
CLG0001,88,6.56,6.49,8,Yes,9,10,2,No,500034.845309445
CLG0046,121,5.58,5.27,9,No,7,3,2,No,502127.8532404374
CLG0005,102,7.28,6.86,10,Yes,9,3,1,No,537476.602956345
CLG0062,109,9.92,10.09,2,Yes,5,10,3,Yes,722885.6725103527
CLG0056,77,7.57,7.39,1,Yes,2,6,3,No,523659.3497228597
CLG0064,117,8.71,8.44,6,No,9,4,4,Yes,668517.4646688441
CLG0021,119,8.41,8.29,4,No,1,8,0,Yes,652924.8503747641
CLG0098,70,9.25,9.34,7,No,0,7,2,No,598605.6964371644
CLG0066,89,6.08,6.25,3,Yes,3,9,5,No,492918.5528888602
CLG0045,107,8.77,8.92,3,No,7,5,1,No,656942.101618051
CLG0060,109,9.41,9.77,8,No,3,5,5,No,710503.6669933794
